<?xml version="1.0" encoding="UTF-8"?>

<gemLayout>
	<segmentation>
		<layout-unit id="lay-1.01" xref="u-1.01 u-1.02 u-1.03 u-1.04 u-1.05 u-1.06">
			<layout-unit id="lay-1.01.1" xref="u-1.01 u-1.02 u-1.03">
				<layout-unit id="lay-1.01.1.1" xref="u-1.01"/>
				<layout-unit id="lay-1.01.1.2" xref="u-1.02 u-1.03"/>
			</layout-unit>
			<layout-unit id="lay-1.01.2" xref="u-1.04.1 lay-1.05.1"/>
			<layout-unit id="lay-1.01.3" xref="u-1.05.2 lay-1.05.2"/>
			<layout-unit id="lay-1.01.4" xref="u-1.06"/>
		</layout-unit>
		<layout-unit id="lay-1.02" xref="u-1.07 u-1.08">
			<layout-unit id="lay-1.02.1" xref="u-1.07"/>
			<layout-unit id="lay-1.02.2" xref="u-1.08"/>
		</layout-unit>
		<layout-unit id="lay-1.03" xref="u-1.09 u-1.10 u-1.11 u-1.12 u-1.13 u-1.14 u-1.15 u-1.16 u-1.17 u-1.18 u-1.19 u-1.20 u-1.21 u-1.22 u-1.23 u-1.24 u-1.25 u-1.26 u-1.27 u-1.28 u-1.29 u-1.30 u-1.31">
			<layout-unit id="lay-1.03.1" xref="u-1.09 u-1.10 u-1.11 u-1.12">
				<layout-unit id="lay-1.03.1.1" xref="u-1.09"/>
				<layout-unit id="lay-1.03.1.2" xref="u-1.10 u-1.11 u-1.12"/>
			</layout-unit>
			<layout-unit id="lay-1.03.2" xref="u-1.13 u-1.14.1 u-1.15.1 u-1.16 u-1.17.1 u-1.18.1 u-1.19 u-1.20.1 u-1.21.1 u-1.22 u-1.23.1 u-1.24.1 u-1.25 u-1.26.1 u-1.27.1"/>
			<layout-unit id="lay-1.03.3" xref="u-1.14.2 u-1.15.2 u-1.17.2 u-1.18.2 u-1.20.2 u-1.21.2 u-1.23.2 u-1.24.2 u-1.26.2 u-1.27.2"/>
			<layout-unit id="lay-1.03.4" xref="u-1.28.1 u-1.29.1"/>
			<layout-unit id="lay-1.03.5" xref="u-1.28.2 u-1.29.2"/>
			<layout-unit id="lay-1.03.6" xref="u-1.30 u-1.31"/>
		</layout-unit>
			<layout-unit id="lay-1.04" xref="u-1.32 u-1.33 u-1.34 u-1.35 u-1.36 u-1.37 u-1.38 u-1.39 u-1.40 u-1.41 u-1.42 u-1.43">
			<layout-unit id="lay-1.04.1" xref="u-1.32 u-1.33 u-1.34">
				<layout-unit id="lay-1.04.1.1" xref="u-1.32"/>
				<layout-unit id="lay-1.04.1.2" xref="u-1.33 u-1.34"/>
			</layout-unit>
			<layout-unit id="lay-1.04.2" xref="u-1.35 u-1.36.1 u-1.37.1 u-1.38.1 u-1.39"/>
			<layout-unit id="lay-1.04.3" xref="u-1.36.2 u-1.37.2 u-1.38.2"/>
			<layout-unit id="lay-1.04.4" xref="u-1.40 u-1.41.1 u-1.42.1 u-1.43.1"/>
			<layout-unit id="lay-1.04.5" xref="u-1.41.2 u-1.42.2 u-1.43.2"/>
			</layout-unit>
		<layout-unit id="lay-1.05" xref="u-1.44 u-1.45 u-1.46 u-1.47">
			<layout-unit id="lay-1.05.1" xref="u-1.44 u-1.45">
				<layout-unit id="lay-1.05.1.1" xref="u-1.44"/>
				<layout-unit id="lay-1.05.1.2" xref="u-1.45"/>
			</layout-unit>
			<layout-unit id="lay-1.05.2" xref="u-1.46.1 u-1.47.1"/>
			<layout-unit id="lay-1.05.3" xref="u-1.46.2 u-1.47.2"/>
		</layout-unit>
		<layout-unit id="lay-1.06" xref="u-1.48 u-1.49 u-1.50 u-1.51 u-1.52 u-1.53">
			<layout-unit id="lay-1.06.1" xref="u-1.48 u-1.49 u-1.50">
				<layout-unit id="lay-1.06.1.1" xref="u-1.48"/>
				<layout-unit id="lay-1.06.1.2" xref="u-1.49 u-1.50"/>
			</layout-unit>
			<layout-unit id="lay-1.06.2" xref="u-1.51"/>
			<layout-unit id="lay-1.06.3" xref="u-1.52.1 u-1.53.1"/>
			<layout-unit id="lay-1.06.4" xref="u-1.52.2 u-1.53.2"/>
		</layout-unit>
		<layout-unit id="lay-1.07" xref="u-1.54 u-1.55 u-1.56 u-1.57">
			<layout-unit id="lay-1.07.1" xref="u-1.54 u-1.55 u-1.56">
				<layout-unit id="lay-1.07.1.1" xref="u-1.54"/>
				<layout-unit id="lay-1.07.1.2" xref="u-1.55 u-1.56"/>
			</layout-unit>
			<layout-unit id="lay-1.07.2" xref="u-1.57"/>
		</layout-unit>
		<layout-unit id="lay-1.08" xref="u-1.58 u-1.59 u-1.60 u-1.61 u-1.62 u-1.63">
			<layout-unit id="lay-1.08.1" xref="u-1.58 u-1.59 u-1.60">
				<layout-unit id="lay-1.08.1.1" xref="u-1.58"/>
				<layout-unit id="lay-1.08.1.2" xref="u-1.59 u-1.60"/>
			</layout-unit>
			<layout-unit id="lay-1.08.2" xref="u-1.61.1"/>
			<layout-unit id="lay-1.08.3" xref="u-1.61.2"/>
			<layout-unit id="lay-1.08.4" xref="u-1.62.1 u-1.63.1"/>
			<layout-unit id="lay-1.08.5" xref="u-1.62.2 u-1.63.2"/>
		</layout-unit>
		<layout-unit id="lay-1.09" xref="u-1.64 u-1.65 u-1.66">
			<layout-unit id="lay-1.09.1" xref="u-1.64 u-1.65">
				<layout-unit id="lay-1.09.1.1" xref="u-1.64"/>
				<layout-unit id="lay-1.09.1.2" xref="u-1.65"/>
			</layout-unit>
			<layout-unit id="lay-1.09.2" xref="u-1.66.1"/>
			<layout-unit id="lay-1.09.3" xref="u-1.66.2"/>
		</layout-unit>
		<layout-unit id="lay-1.10" xref="u-1.67 u-1.68 u-1.69 u-1.70 u-1.71 u-1.72 u-1.73">
			<layout-unit id="lay-1.10.1" xref="u-1.67 u-1.68 u-1.69">
				<layout-unit id="lay-1.10.1.1" xref="u-1.67"/>
				<layout-unit id="lay-1.10.1.2" xref="u-1.68 u-1.69"/>
			<layout-unit id="lay-1.10.2" xref="u-1.70"/>
			<layout-unit id="lay-1.10.3" xref="u-1.71"/>
			<layout-unit id="lay-1.10.4" xref="u-1.72.1 u-1.73.1"/>
			<layout-unit id="lay-1.10.5" xref="u-1.72.2 u-1.73.2"/>
			</layout-unit>
		</layout-unit>
		<layout-unit id="lay-1.11" xref="u-1.74 u-1.75 u-1.76 u-1.77">
			<layout-unit id="lay-1.11.1" xref="u-1.74 u-1.75">
				<layout-unit id="lay-1.11.1.1" xref="u-1.74"/>
				<layout-unit id="lay-1.11.1.2" xref="u-1.75"/>
			</layout-unit>
			<layout-unit id="lay-1.11.2" xref="u-1.76.1 u-1.77"/>
			<layout-unit id="lay-1.11.3" xref="u-1.76.2"/>
		</layout-unit>
		<layout-unit id="lay-1.12" xref="u-1.78 u-1.79 u-1.80 u-1.81 u-1.82 u-1.83 u-1.84 u-1.85 u-1.86 u-1.87 u-1.88 u-1.89 u-1.90 u-1.91 u-1.92 u-1.93 u-1.94 u-1.95">
			<layout-unit id="lay-1.12.1" xref="u-1.78 u-1.79 u-1.80">
				<layout-unit id="lay-1.12.1.1" xref="u-1.78"/>
				<layout-unit id="lay-1.12.1.2" xref="u-1.79 u-1.80"/>
			</layout-unit>
			<layout-unit id="lay-1.12.2" xref="u-1.81 u-1.82.1 u-1.83 u-1.84 u-1.85.1 u-1.86 u-1.87.1 u-1.88 u-1.89.1 u-1.90.2 u-1.91.2"/>
			<layout-unit id="lay-1.12.3" xref="u-1.82.2 u-1.85.2 u-1.87.2 u-1.89.2 u-1.90.2 u-1.91.2"/>
			<layout-unit id="lay-1.12.4" xref="u-1.92 u-1.93.1 u-1.94.1 u-1.95.1"/>
			<layout-unit id="lay-1.12.5" xref="u-1.93.2 u-1.94.2 u-1.95.2"/>
		</layout-unit>
		<layout-unit id="lay-1.13" xref="u-1.96 u-1.97 u-1.98 u-1.99 u-1.100">
			<layout-unit id="lay-1.13.1" xref="u-1.96 u-1.97 u-1.98">
				<layout-unit id="lay-1.13.1.1" xref="u-1.96"/>
				<layout-unit id="lay-1.13.1.2" xref="u-1.97 u-1.98"/>
			</layout-unit>
			<layout-unit id="lay-1.13.2" xref="u-1.99"/>
			<layout-unit id="lay-1.13.3" xref="u-1.100"/>
		</layout-unit>
		<layout-unit id="lay-1.14" xref="u-1.101 u-1.102">
			<layout-unit id="lay-1.14.1" xref="u-1.101"/>
			<layout-unit id="lay-1.14.2" xref="u-1.102"/>
		</layout-unit>
		<layout-unit id="lay-1.15" xref="u-1.103"/>
		<layout-unit id="lay-1.16" xref="u-1.104"/>
		<layout-unit id="lay-1.17" xref="u-1.105 u-1.106 u-1.107 u-1.108">
			<layout-unit id="lay-1.17.1" xref="u-1.105"/>
			<layout-unit id="lay-1.17.2" xref="u-1.106 u-1.107 u-1.108"/>
		</layout-unit>
		<layout-unit id="lay-1.18" xref="u-1.109"/>
		<layout-unit id="lay-1.19" xref="u-1.110"/>
		<layout-unit id="lay-1.20" xref="u-1.111"/>
		<layout-unit id="lay-1.21" xref="u-1.112 u-1.113 u-1.114 u-1.115 u-1.116 u-1.117 u-1.118 u-1.119 u-1.120">
			<layout-unit id="lay-1.21.1" xref="u-1.112 u-1.113 u-1.114">
				<layout-unit id="lay-1.21.1.1" xref="u-1.112"/>
				<layout-unit id="lay-1.21.1.2" xref="u-1.113 u-1.114"/>
			</layout-unit>
			<layout-unit id="lay-1.21.2" xref="u-1.115"/>
			<layout-unit id="lay-1.21.3" xref="u-1.116.1 u-1.117"/>
			<layout-unit id="lay-1.21.4" xref="u-1.116.2"/>
			<layout-unit id="lay-1.21.5" xref="u-1.118.1 u-1.119.1 u-1.120.1"/>
			<layout-unit id="lay-1.21.6" xref="u-1.118.2 u-1.119.2 u-1.120.2"/>
		</layout-unit>
		<layout-unit id="lay-1.22" xref="u-1.121 u-1.122 u-1.123 u-1.124 u-1.125 u-1.126 u-1.127 u-1.128 u-1.129 u-1.130 u-1.131 u-1.132 u-1.133">
			<layout-unit id="lay-1.22.1" xref="u-1.121 u-1.122 u-1.123">
				<layout-unit id="lay-1.22.1.1" xref="u-1.121"/>
				<layout-unit id="lay-1.22.1.2" xref="u-1.122 u-1.123"/>
			</layout-unit>
			<layout-unit id="lay-1.22.2" xref="u-1.124"/>
			<layout-unit id="lay-1.22.3" xref="u-1.125.1 u-1.126.1 u-1.127.1 u-1.128"/>
			<layout-unit id="lay-1.22.4" xref="u-1.125.2 u-1.126.2 u-1.127.2"/>
			<layout-unit id="lay-1.22.5" xref="u-1.129.1 u-1.130.1 u-1.130.1 u-1.131.1 u-1.132.1"/>
			<layout-unit id="lay-1.22.6" xref="u-1.129.2 u-1.130.2 u-1.130.2 u-1.131.2 u-1.132.2"/>
			<layout-unit id="lay-1.22.7" xref="u-1.133"/>
		</layout-unit>
		<layout-unit id="lay-1.23" xref="u-1.134 u-1.135 u-1.136 u-1.137 u-1.138 u-1.139 u-1.140 u-1.141 u-1.142 u-1.143 u-1.144">
			<layout-unit id="lay-1.23.1" xref="u-1.134 u-1.135 u-1.136">
				<layout-unit id="lay-1.23.1.1" xref="u-1.134"/>
				<layout-unit id="lay-1.23.1.2" xref="u-1.135 u-1.136"/>
			</layout-unit>
			<layout-unit id="lay-1.23.2" xref="u-1.137"/>
			<layout-unit id="lay-1.23.3" xref="u-1.138.1 u-1.139 u-1.140.1 u-1.141.1"/>
			<layout-unit id="lay-1.23.4" xref="u-1.138.2 u-1.140.2 u-1.141.2"/>
			<layout-unit id="lay-1.23.5" xref="u-1.142.1 u-1.143.1 u-1.144.1"/>
			<layout-unit id="lay-1.23.6" xref="u-1.142.2 u-1.143.2 u-1.144.2"/>
		</layout-unit>
		<layout-unit id="lay-1.24" xref="u-1.145 u-1.146 u-1.147 u-1.148 u-1.149 u-1.150 u-1.151 u-1.152 u-1.153">
			<layout-unit id="lay-1.24.1" xref="u-1.145 u-1.146 u-1.147 u-1.148 u-1.149">
				<layout-unit id="lay-1.24.1.1" xref="u-1.145"/>
				<layout-unit id="lay-1.24.1.2" xref="u-1.146 u-1.147 u-1.148 u-1.149"/>
			</layout-unit>
			<layout-unit id="lay-1.24.2" xref="u-1.150"/>
			<layout-unit id="lay-1.24.3" xref="u-1.151.1"/>
			<layout-unit id="lay-1.24.4" xref="u-1.151.2"/>
			<layout-unit id="lay-1.24.5" xref="u-1.152.1 u-1.153.1"/>
			<layout-unit id="lay-1.24.6" xref="u-1.152.2 u-1.153.2"/>
		</layout-unit>
		<layout-unit id="lay-1.25" xref="u-1.154 u-1.155 u-1.156 u-1.157 u-1.158 u-1.159 u-1.160 u-1.161 u-1.162 u-1.163 u-1.164 u-1.165 u-1.166 u-1.167">
			<layout-unit id="lay-1.25.1" xref="u-1.154 u-1.155 u-1.156 u-1.157 u-1.158">
				<layout-unit id="lay-1.25.1.1" xref="u-1.154"/>
				<layout-unit id="lay-1.25.1.2" xref="u-1.155 u-1.156 u-1.157 u-1.158"/>
			<layout-unit id="lay-1.25.2" xref="u-1.159"/>
			<layout-unit id="lay-1.25.3" xref="u-1.160.1 u-1.161.1 u-1.162.1 u-1.163"/>
			<layout-unit id="lay-1.25.4" xref="u-1.160.2 u-1.161.2 u-1.162.2"/>
			<layout-unit id="lay-1.25.5" xref="u-1.164.1 u-1.165.1 u-1.166 u-1.167.1"/>
			<layout-unit id="lay-1.25.6" xref="u-1.164.2 u-1.165.2 u-1.167.2"/>
			</layout-unit>
		</layout-unit>
		<layout-unit id="lay-1.26" xref="u-1.168 u-1.169 u-1.170 u-1.171 u-1.172 u-1.173 u-1.174">
			<layout-unit id="lay-1.26.1" xref="u-1.168 u-1.169 u-1.170">
				<layout-unit id="lay-1.26.1.1" xref="u-1.168"/>
				<layout-unit id="lay-1.26.1.2" xref="u-1.169 u-1.170"/>
			</layout-unit>
		<layout-unit id="lay-1.26.2" xref="u-1.171"/>
		<layout-unit id="lay-1.26.3" xref="u-1.172.1 u-1.173"/>
		<layout-unit id="lay-1.26.4" xref="u-1.172.2"/>
		<layout-unit id="lay-1.26.5" xref="u-1.174"/>
		</layout-unit>
		<layout-unit id="lay-1.27" xref="u-1.175 u-1.176 u-1.177 u-1.178 u-1.179 u-1.180 u-1.181 u-1.182 u-1.183 u-1.184 u-1.185 u-1.186 u-1.187">
			<layout-unit id="lay-1.27.1" xref="u-1.175 u-1.176 u-1.177 u-1.178 u-1.179">
				<layout-unit id="lay-1.27.1.1" xref="u-1.175"/>
				<layout-unit id="lay-1.27.1.2" xref="u-1.176 u-1.177 u-1.178 u-1.179"/>
			</layout-unit>
			<layout-unit id="lay-1.27.2" xref="u-1.180"/>
			<layout-unit id="lay-1.27.3" xref="u-1.181.1 u-1.182.1 u-1.183"/>
			<layout-unit id="lay-1.27.4" xref="u-1.181.2 u-1.182.2"/>
			<layout-unit id="lay-1.27.5" xref="u-1.184.1 u-1.185.1 u-1.186.1 u-1.187"/>
			<layout-unit id="lay-1.27.6" xref="u-1.184.2 u-1.185.2 u-1.186.2"/>
		</layout-unit>
		<layout-unit id="lay-2.01" xref="u-2.01 u-2.02 u-2.03 u-2.04 u-2.05 u-2.06 u-2.07 u-2.08">
			<layout-unit id="lay-2.01.1" xref="u-2.01 u-2.02 u-2.03 u-2.04 u-2.05">
				<layout-unit id="lay-2.01.1.1" xref="u-2.01"/>
				<layout-unit id="lay-2.01.1.2" xref="u-2.02 u-2.03 u-2.04 u-2.05"/>
			</layout-unit>
		<layout-unit id="lay-2.01.2" xref="u-2.06"/>
		<layout-unit id="lay-2.01.3" xref="u-2.07"/>
		<layout-unit id="lay-2.01.4" xref="u-2.08"/>
		</layout-unit>
		<layout-unit id="lay-2.02" xref="u-2.09 u-2.10 u-2.11 u-2.12 u-2.13 u-2.14 u-2.15 u-2.16 u-2.17 u-2.18 u-2.19 u-2.20">
			<layout-unit id="lay-2.02.1" xref="u-2.09 u-2.10 u-2.11 u-2.12">
				<layout-unit id="lay-2.02.1.1" xref="u-2.09"/>
				<layout-unit id="lay-2.02.1.2" xref="u-2.10 u-2.11 u-2.12"/>
			</layout-unit>
			<layout-unit id="lay-2.02.2" xref="u-2.13"/>
			<layout-unit id="lay-2.02.3" xref="u-2.14.1 u-2.15.1 u-2.16.1 u-2.17"/>
			<layout-unit id="lay-2.02.4" xref="u-2.14.2 u-2.15.2 u-2.16.2"/>
			<layout-unit id="lay-2.02.5" xref="u-2.18.1 u-2.19.1 u-2.20"/>
			<layout-unit id="lay-2.02.6" xref="u-2.18.2 u-2.19.2"/>
		</layout-unit>
		<layout-unit id="lay-2.03" xref="u-2.21 u-2.22 u-2.23 u-2.24 u-2.25 u-2.26">
			<layout-unit id="lay-2.03.1" xref="u-2.21 u-2.22 u-2.23">
				<layout-unit id="lay-2.03.1.1" xref="u-2.21"/>
				<layout-unit id="lay-2.03.1.2" xref="u-2.22 u-2.23"/>
			</layout-unit>
			<layout-unit id="lay-2.03.2" xref="u-2.24"/>
			<layout-unit id="lay-2.03.3" xref="u-2.25"/>
			<layout-unit id="lay-2.03.4" xref="u-2.26"/>
		</layout-unit>
		<layout-unit id="lay-2.04" xref="u-2.27 u-2.28 u-2.29 u-2.30 u-2.31 u-2.32 u-2.33 u-2.34 u-2.35">
			<layout-unit id="lay-2.04.1" xref="u-2.27 u-2.28 u-2.29">
				<layout-unit id="lay-2.04.1.1" xref="u-2.27"/>
				<layout-unit id="lay-2.04.1.2" xref="u-2.28 u-2.29"/>
			</layout-unit>
			<layout-unit id="lay-2.04.2" xref="u-2.30"/>
			<layout-unit id="lay-2.04.3" xref="u-2.31.1 u-2.32"/>
			<layout-unit id="lay-2.04.4" xref="u-2.31.2"/>
			<layout-unit id="lay-2.04.5" xref="u-2.33.1 u-2.34.1 u-2.35.1"/>
			<layout-unit id="lay-2.04.6" xref="u-2.33.2 u-2.34.2 u-2.35.2"/>
		</layout-unit>
		<layout-unit id="lay-2.05" xref="u-2.26 u-2.37 u-2.38 u-2.39 u-2.40 u-2.41 u-2.42 u-2.43 u-2.44">
			<layout-unit id="lay-2.05.1" xref="u-2.26 u-2.37 u-2.38 u-2.39">
				<layout-unit id="lay-2.05.1.1" xref="u-2.26"/>
				<layout-unit id="lay-2.05.1.2" xref="u-2.37 u-2.38 u-2.39"/>
			</layout-unit>
			<layout-unit id="lay-2.05.2" xref="u-2.40"/>
			<layout-unit id="lay-2.05.3" xref="u-2.41.1 u-2.42"/>
			<layout-unit id="lay-2.05.4" xref="u-2.41.2"/>
			<layout-unit id="lay-2.05.5" xref="u-2.43 u-2.44.1"/>
			<layout-unit id="lay-2.05.6" xref="u-2.44.2"/>
		</layout-unit>
		<layout-unit id="lay-2.06" xref="u-2.45 u-2.46 u-2.47 u-2.48 u-2.49 u-2.50 u-2.51 u-2.52 u-2.53 u-2.54 u-2.55">
		<layout-unit id="lay-2.06.1" xref="u-2.45 u-2.46 u-2.47">
			<layout-unit id="lay-2.06.1.1" xref="u-2.45"/>
			<layout-unit id="lay-2.06.1.2" xref="u-2.46 u-2.47"/>
			</layout-unit>
		<layout-unit id="lay-2.06.2" xref="u-2.48"/>
		<layout-unit id="lay-2.06.3" xref="u-2.49.1 u-2.50.1 u-2.51"/>
		<layout-unit id="lay-2.06.4" xref="u-2.49.2 u-2.50.2"/>
		<layout-unit id="lay-2.06.5" xref="u-2.52.1 u-2.53.1 u-2.54.1 u-2.55.1"/>
		<layout-unit id="lay-2.06.6" xref="u-2.52.2 u-2.53.2 u-2.54.2 u-2.55.2"/>
		</layout-unit>
		<layout-unit id="lay-2.07" xref="u-2.56 u-2.57 u-2.58 u-2.59 u-2.60 u-2.61 u-2.62 u-2.63 u-2.64 u-2.65 u-2.66 u-2.67 u-2.71 u-2.72 u-2.73 u-2.74 u-2.76 u-2.77">
			<layout-unit id="lay-2.07.1" xref="u-2.56 u-2.57 u-2.58 u-2.59 u-2.60 u-2.61 u-2.62 u-2.63 u-2.64 u-2.65">
				<layout-unit id="lay-2.07.1.1" xref="u-2.56"/>
				<layout-unit id="lay-2.07.1.2" xref="u-2.57 u-2.58 u-2.59 u-2.60 u-2.61 u-2.62 u-2.63 u-2.64 u-2.65"/>
			</layout-unit>
			<layout-unit id="lay-2.07.2" xref="u-2.66 u-2.67"/>
			<layout-unit id="lay-2.07.3" xref="u-2.71.1 u-2.72 u-2.73.1 u-2.74"/>
			<layout-unit id="lay-2.07.4" xref="u-2.71.2 u-2.73.2"/>
			<layout-unit id="lay-2.07.5" xref="u-2.76 u-2.77"/>
		</layout-unit>
		<layout-unit id="lay-2.08" xref="u-2.68 u-2.69 u-2.70 u-2.75 u-2.78">
			<layout-unit id="lay-2.08.1" xref="u-2.69 u-2.69 u-2.70"/>
			<layout-unit id="lay-2.08.2" xref="u-2.75"/>
			<layout-unit id="lay-2.08.3" xref="u-2.78"/>
		</layout-unit>
		<layout-unit id="lay-2.09" xref="u-2.79 u-2.80 u-2.81 u-2.82 u-2.83 u-2.84 u-2.85 u-2.86 u-2.87 u-2.88">
			<layout-unit id="lay-2.09.1" xref="u-2.79 u-2.80 u-2.81">
				<layout-unit id="lay-2.09.1.1" xref="u-2.79"/>
				<layout-unit id="lay-2.09.1.2" xref="u-2.80 u-2.81"/>
			</layout-unit>
			<layout-unit id="lay-2.09.2" xref="u-2.82"/>
			<layout-unit id="lay-2.09.3" xref="u-2.83.1 u-2.84.1 u-2.85"/>
			<layout-unit id="lay-2.09.4" xref="u-2.83.2 u-2.84.2"/>
			<layout-unit id="lay-2.09.5" xref="u-2.86.1 u-2.87.1 u-2.88"/>
			<layout-unit id="lay-2.09.6" xref="u-2.86.2 u-2.87.2"/>
		</layout-unit>
		<layout-unit id="lay-2.10" xref="u-2.89 u-2.90 u-2.91 u-2.92 u-2.93 u-2.94 u-2.95 u-2.96 u-2.97">
			<layout-unit id="lay-2.10.1" xref="u-2.89 u-2.90 u-2.91">
				<layout-unit id="lay-2.10.1.1" xref="u-2.89"/>
				<layout-unit id="lay-2.10.1.2" xref="u-2.90 u-2.91"/>
			</layout-unit>
			<layout-unit id="lay-2.10.2" xref="u-2.92"/>
			<layout-unit id="lay-2.10.3" xref="u-2.93.1 u-2.94"/>
			<layout-unit id="lay-2.10.4" xref="u-2.93.2"/>
			<layout-unit id="lay-2.10.5" xref="u-2.95.1 u-2.96.1 u-2.97"/>
			<layout-unit id="lay-2.10.6" xref="u-2.95.2 u-2.96.2"/>
		</layout-unit>
		<layout-unit id="lay-2.11" xref="u-2.98 u-2.99 u-2.100 u-2.101 u-2.102 u-2.103 u-2.104 u-2.105 u-2.106 u-2.107 u-2.108 u-2.109 u-2.110">
			<layout-unit id="lay-2.11.1" xref="u-2.98 u-2.99 u-2.100 u-2.101">
				<layout-unit id="lay-2.11.1.1" xref="u-2.98"/>
				<layout-unit id="lay-2.11.1.2" xref="u-2.99 u-2.100 u-2.101"/>
			</layout-unit>
			<layout-unit id="lay-2.11.2" xref="u-2.102"/>
			<layout-unit id="lay-2.11.3" xref="u-2.103 u-2.104.1 u-2.105.1"/>
			<layout-unit id="lay-2.11.4" xref="u-2.104.2 u-2.105.2"/>
			<layout-unit id="lay-2.11.5" xref="u-2.106 u-2.107.1 u-2.108.1 u-2.109.1 u-2.110.1"/>
			<layout-unit id="lay-2.11.6" xref="u-2.107.2 u-2.108.2 u-2.109.2 u-2.110.2"/>
		</layout-unit>
		<layout-unit id="lay-2.12" xref="u-2.111 u-2.112 u-2.113 u-2.114 u-2.115 u-2.116 u-2.117 u-2.118 u-2.119">
			<layout-unit id="lay-2.12.1" xref="u-2.111 u-2.112 u-2.113">
				<layout-unit id="lay-2.12.1.1" xref="u-2.111"/>
				<layout-unit id="lay-2.12.1.2" xref="u-2.112 u-2.113"/>
			</layout-unit>
			<layout-unit id="lay-2.12.2" xref="u-2.114"/>
			<layout-unit id="lay-2.12.3" xref="u-2.115.1 u-2.116.1 u-2.117"/>
			<layout-unit id="lay-2.12.4" xref="u-2.115.2 u-2.116.2"/>
			<layout-unit id="lay-2.12.5" xref="u-2.118.1 u-2.119.1"/>
			<layout-unit id="lay-2.12.6" xref="u-2.118.2 u-2.119.2"/>
		</layout-unit>
		<layout-unit id="lay-2.13" xref="u-2.120 u-2.121 u-2.122 u-2.123 u-2.124 u-2.125 u-2.126 u-2.127">
			<layout-unit id="lay-2.13.1" xref="u-2.120 u-2.121 u-2.122 u-2.123">
				<layout-unit id="lay-2.13.1.1" xref="u-2.120"/>
				<layout-unit id="lay-2.13.1.2" xref="u-2.121 u-2.122 u-2.123"/>
			</layout-unit>
			<layout-unit id="lay-2.13.2" xref="u-2.124"/>
			<layout-unit id="lay-2.13.3" xref="u-2.125 u-2.126.1 u-2.127.1"/>
			<layout-unit id="lay-2.13.4" xref="u-2.126.2 u-2.127.2"/>
		</layout-unit>
		<layout-unit id="lay-2.14" xref="u-2.128 u-2.129 u-2.130 u-2.131 u-2.132 u-1.133 u-2.134 u-2.135 u-2.136 u-2.137">
			<layout-unit id="lay-2.14.1" xref="u-2.128 u-2.129 u-2.130">
				<layout-unit id="lay-2.14.1.1" xref="u-2.128"/>
				<layout-unit id="lay-2.14.1.2" xref="u-2.129 u-2.130"/>
			</layout-unit>
			<layout-unit id="lay-2.14.2" xref="u-2.131"/>
			<layout-unit id="lay-2.14.3" xref="u-2.132 u-2.133.1 u-2.134 u-2.135"/>
			<layout-unit id="lay-2.14.4" xref="u-2.133.2"/>
			<layout-unit id="lay-2.14.5" xref="u-2.136.1 u-2.137.1"/>
			<layout-unit id="lay-2.14.6" xref="u-2.136.2 u-2.137.2"/>
		</layout-unit>
		<layout-unit id="lay-2.15" xref="u-2.138 u-2.139 u-2.140 u-2.141 u-2.142 u-2.143 u-2.144 u-2.145 u-2.146 u-2.147">
			<layout-unit id="lay-2.15.1" xref="u-2.138 u-2.139 u-2.140 u-2.141">
				<layout-unit id="lay-2.15.1.1" xref="u-2.138 u-2.139"/>
				<layout-unit id="lay-2.15.1.2" xref="u-2.140 u-2.141"/>
			</layout-unit>
			<layout-unit id="lay-2.15.2" xref="u-2.142"/>
			<layout-unit id="lay-2.15.3" xref="u-2.143.1 u-2.144 u-2.145"/>
			<layout-unit id="lay-2.15.4" xref="u-2.143.2"/>
			<layout-unit id="lay-2.15.5" xref="u-2.146"/>
			<layout-unit id="lay-2.15.6" xref="u-2.147"/>
		</layout-unit>
		<layout-unit id="lay-2.16" xref="u-2.148 u-2.149 u-2.150 u-2.151 u-2.152 u-2.153 u-2.154 u-2.155 u-2.156 u-2.157 u-2.158 u-2.159">
			<layout-unit id="lay-2.16.1" xref="u-2.148 u-2.149 u-2.150">
				<layout-unit id="lay-2.16.1.1" xref="u-2.148"/>
				<layout-unit id="lay-2.16.1.2" xref="u-2.149 u-2.150"/>
			</layout-unit>
			<layout-unit id="lay-2.16.2" xref="u-2.151"/>
			<layout-unit id="lay-2.16.3" xref="u-2.152 u-2.153.1 u-2.154 u-2.155.1"/>
			<layout-unit id="lay-2.16.4" xref="u-2.153.2 u-2.155.2"/>
			<layout-unit id="lay-2.16.5" xref="u-2.156.1 u-2.157.1 u-2.158.1 u-2.159.1"/>
			<layout-unit id="lay-2.16.6" xref="u-2.156.2 u-2.157.2 u-2.158.2 u-2.159.2"/>
		</layout-unit>
		<layout-unit id="lay-2.17" xref="u-2.160 u-2.161 u-2.162 u-2.163 u-2.164 u-2.165 u-2.166 u-2.167">
			<layout-unit id="lay-2.17.1" xref="u-2.160 u-2.161 u-2.162">
				<layout-unit id="lay-2.17.1.1" xref="u-2.160"/>
				<layout-unit id="lay-2.17.1.2" xref="u-2.161 u-2.162"/>
			</layout-unit>
			<layout-unit id="lay-2.17.2" xref="u-2.163"/>
			<layout-unit id="lay-2.17.3" xref="u-2.164.1 u-2.165"/>
			<layout-unit id="lay-2.17.4" xref="u-2.164.2"/>
			<layout-unit id="lay-2.17.5" xref="u-2.166.1 u-2.167.1"/>
			<layout-unit id="lay-2.17.6" xref="u-2.166.2 u-2.167.2"/>
		</layout-unit>
		<layout-unit id="lay-2.18" xref="u-2.168 u-2.169 u-2.170 u-2.171 u-2.172 u-2.173 u-2.174 u-2.175">
			<layout-unit id="lay-2.18.1" xref="u-2.168 u-2.169 u-2.170">
				<layout-unit id="lay-2.18.1.1" xref="u-2.168"/>
				<layout-unit id="lay-2.18.1.2" xref="u-2.169 u-2.170"/>
			</layout-unit>
			<layout-unit id="lay-2.18.2" xref="u-2.171"/>
			<layout-unit id="lay-2.18.3" xref="u-2.172.1 u-2.173.1 u-2.174"/>
			<layout-unit id="lay-2.18.4" xref="u-2.172.2 u-2.173.2"/>
			<layout-unit id="lay-2.18.5" xref="u-2.175"/>
		</layout-unit>
		<layout-unit id="lay-2.19" xref="u-2.176 u-2.177 u-2.178 u-2.179 u-2.180 u-2.181 u-2.182 u-2.183 u-2.184 u-2.185">
			<layout-unit id="lay-2.19.1" xref="u-2.176 u-2.177 u-2.178 u-2.179">
				<layout-unit id="lay-2.19.1.1" xref="u-2.176"/>
				<layout-unit id="lay-2.19.1.2" xref="u-2.177 u-2.178 u-2.179"/>
			</layout-unit>
			<layout-unit id="lay-2.19.2" xref="u-2.180"/>
			<layout-unit id="lay-2.19.3" xref="u-2.181.1 u-2.182.1 u-2.183"/>
			<layout-unit id="lay-2.19.4" xref="u-2.181.2 u-2.182.2"/>
			<layout-unit id="lay-2.19.5" xref="u-2.184.1 u-2.185"/>
			<layout-unit id="lay-2.19.6" xref="u-2.184.2"/>
		</layout-unit>
		<layout-unit id="lay-2.20" xref="u-2.186 u-2.187 u-2.188 u-2.189 u-2.190 u-2.191">
			<layout-unit id="lay-2.20.1" xref="u-2.186 u-2.187 u-2.188">
				<layout-unit id="lay-2.20.1.1" xref="u-2.186"/>
				<layout-unit id="lay-2.20.1.2" xref="u-2.187 u-2.188"/>
			</layout-unit>
			<layout-unit id="lay-2.20.2" xref="u-2.189"/>
			<layout-unit id="lay-2.20.3" xref="u-2.190"/>
			<layout-unit id="lay-2.20.4" xref="u-2.191"/>	
		</layout-unit>
		<layout-unit id="lay-2.21" xref="u-2.192 u-2.193 u-2.194 u-2.195 u-2.196 u-2.197 u-2.198 u-2.199">
			<layout-unit id="lay-2.21.1" xref="u-2.192 u-2.193 u-2.194">
				<layout-unit id="lay-2.21.1.1" xref="u-2.192"/>
				<layout-unit id="lay-2.21.1.2" xref="u-2.193 u-2.194"/>
			</layout-unit>
			<layout-unit id="lay-2.21.2" xref="u-2.195"/>
			<layout-unit id="lay-2.21.3" xref="u-2.196"/>
			<layout-unit id="lay-2.21.4" xref="u-2.197.1 u-2.198.1 u-2.199.1"/>
			<layout-unit id="lay-2.21.5" xref="u-2.197.2 u-2.198.2 u-2.199.2"/>
		</layout-unit>
		<layout-unit id="lay-2.22" xref="u-2.200"/>
		<layout-unit id="lay-2.23" xref="u-2.201 u-2.202 u-2.203 u-2.204 u-2.205 u-2.206 u-2.207 u-2.208">
			<layout-unit id="lay-2.23.1" xref="u-2.201 u-2.202 u-2.203">
				<layout-unit id="lay-2.23.1.1" xref="u-2.201"/>
				<layout-unit id="lay-2.23.1.2" xref="u-2.202 u-2.203"/>
			</layout-unit>
			<layout-unit id="lay-2.23.2" xref="u-2.204"/>
			<layout-unit id="lay-2.23.3" xref="u-2.205.1 u-2.206.1 u-2.207.1"/>
			<layout-unit id="lay-2.23.4" xref="u-2.205.2 u-2.206.2 u-2.207.2"/>
			<layout-unit id="lay-2.23.5" xref="u-2.208"/>
		</layout-unit>
		<layout-unit id="lay-2.24" xref="u-2.209 u-2.210 u-2.211 u-2.212 u-2.213 u-2.214 u-2.215 u-2.216">
			<layout-unit id="lay-2.24.1" xref="u-2.209 u-2.210 u-2.211">
				<layout-unit id="lay-2.24.1.1" xref="u-2.209 "/>
				<layout-unit id="lay-2.24.1.2" xref="u-2.210 u-2.211"/>
			</layout-unit>
			<layout-unit id="lay-2.24.2" xref="u-2.212"/>
			<layout-unit id="lay-2.24.3" xref="u-2.213.1 u-2.214.1 u-2.215"/>
			<layout-unit id="lay-2.24.4" xref="u-2.213.2 u-2.214.2"/>
			<layout-unit id="lay-2.24.5" xref="u-2.216"/>
		</layout-unit>
		<layout-unit id="lay-2.25" xref="u-2.217 u-2.218 u-2.219 u-2.220 u-2.221 u-2.222 u-2.223 u-2.224 u-2.225">
			<layout-unit id="lay-2.25.1" xref="u-2.217 u-2.218 u-2.219 u-2.220">
				<layout-unit id="lay-2.25.1.1" xref="u-2.217"/>
				<layout-unit id="lay-2.25.1.2" xref="u-2.218 u-2.219 u-2.220"/>
			</layout-unit>
			<layout-unit id="lay-2.25.2" xref="u-2.221"/>
			<layout-unit id="lay-2.25.3" xref="u-2.222.1 u-2.223.1 u-2.224.1"/>
			<layout-unit id="lay-2.25.4" xref="u-2.222.2 u-2.223.2 u-2.224.2"/>
			<layout-unit id="lay-2.25.5" xref="u-2.225"/>
		</layout-unit>
		<layout-unit id="lay-2.26" xref="u-2.226 u-2.227 u-2.228 u-2.229 u-2.230 u-2.231 u-2.232">
			<layout-unit id="lay-2.26.1" xref="u-2.226 u-2.227 u-2.228">
				<layout-unit id="lay-2.26.1.1" xref="u-2.226"/>
				<layout-unit id="lay-2.26.1.2" xref="u-2.227 u-2.228"/>
			</layout-unit>
			<layout-unit id="lay-2.26.2" xref="u-2.229"/>
			<layout-unit id="lay-2.26.3" xref="u-2.230.1 u-2.231.1"/>
			<layout-unit id="lay-2.26.4" xref="u-2.230.2 u-2.231.2"/>
			<layout-unit id="lay-2.26.5" xref="u-2.232"/>
		</layout-unit>
		<layout-unit id="lay-2.27" xref="u-2.233"/>
		<layout-unit id="lay-2.28" xref="u-2.234 u-2.235 u-2.236 u-2.237 u-2.238 u-2.239">
			<layout-unit id="lay-2.28.1" xref="u-2.234 u-2.235 u-2.236">
				<layout-unit id="lay-2.28.1.1" xref="u-2.234 "/>
				<layout-unit id="lay-2.28.1.2" xref="u-2.235 u-2.236"/>
			</layout-unit>
			<layout-unit id="lay-2.28.2" xref="u-2.237"/>
			<layout-unit id="lay-2.28.3" xref="u-2.238"/>
			<layout-unit id="lay-2.28.4" xref="u-2.239"/>
		</layout-unit>
		<layout-unit id="lay-2.29" xref="u-2.240 u-2.241 u-2.242 u-2.243 u-2.244 u-2.245 u-2.246 u-2.247">
			<layout-unit id="lay-2.29.1" xref="u-2.240 u-2.241 u-2.242 u-2.243">
				<layout-unit id="lay-2.29.1.1" xref="u-2.240"/>
				<layout-unit id="lay-2.29.1.2" xref="u-2.241 u-2.242 u-2.243"/>
			</layout-unit>
			<layout-unit id="lay-2.29.2" xref="u-2.244"/>
			<layout-unit id="lay-2.29.3" xref="u-2.245.1 u-2.246"/>
			<layout-unit id="lay-2.29.4" xref="u-2.245.2"/>
			<layout-unit id="lay-2.29.5" xref="u-2.247"/>
		</layout-unit>
		<layout-unit id="lay-2.30" xref="u-2.248 u-2.249 u-2.250 u-2.251 u-2.252 u-2.253">
			<layout-unit id="lay-2.30.1" xref="u-2.248 u-2.249 u-2.250">
				<layout-unit id="lay-2.30.1.1" xref="u-2.248"/>
				<layout-unit id="lay-2.30.1.2" xref="u-2.249 u-2.250"/>
			</layout-unit>
			<layout-unit id="lay-2.30.2" xref="u-2.251"/>
			<layout-unit id="lay-2.30.3" xref="u-2.252.1"/>
			<layout-unit id="lay-2.30.4" xref="u-2.252.2"/>
			<layout-unit id="lay-2.30.5" xref="u-2.253"/>
		</layout-unit>
		<layout-unit id="lay-2.31" xref="u-2.254 u-2.255 u-2.256 u-2.257 u-2.258 u-2.259 u-2.260">
			<layout-unit id="lay-2.31.1" xref="u-2.254 u-2.255 u-2.256">
				<layout-unit id="lay-2.31.1.1" xref="u-2.254"/>
				<layout-unit id="lay-2.31.1.2" xref="u-2.255 u-2.256"/>
			</layout-unit>
			<layout-unit id="lay-2.31.2" xref="u-2.257"/>
			<layout-unit id="lay-2.31.3" xref="u-2.258.1 u-2.259"/>
			<layout-unit id="lay-2.31.4" xref="u-2.258.2"/>
			<layout-unit id="lay-2.31.5" xref="u-2.260"/>
		</layout-unit>
		<layout-unit id="lay-2.32" xref="u-2.261 u-2.262 u-2.263 u-2.264 u-2.265 u-2.266">
			<layout-unit id="lay-2.32.1" xref="u-2.261 u-2.262 u-2.263">
				<layout-unit id="lay-2.32.1.1" xref="u-2.261"/>
				<layout-unit id="lay-2.32.1.2" xref="u-2.262 u-2.263"/>
			</layout-unit>
			<layout-unit id="lay-2.32.2" xref="u-2.264"/>
			<layout-unit id="lay-2.32.3" xref="u-2.265"/>
			<layout-unit id="lay-2.32.4" xref="u-2.266"/>
		</layout-unit>
		<layout-unit id="lay-2.33" xref="u-2.267 u-2.268 u-2.269 u-2.270 u-2.271 u-2.272 u-2.273 u-2.274 u-2.275 u-2.276 u-2.277 u-2.278 u-2.279">
			<layout-unit id="lay-2.33.1" xref="u-2.267 u-2.268 u-2.269 u-2.270">
				<layout-unit id="lay-2.33.1.1" xref="u-2.267"/>
				<layout-unit id="lay-2.33.1.2" xref="u-2.268 u-2.269 u-2.270"/>
			</layout-unit>
			<layout-unit id="lay-2.33.2" xref="u-2.271"/>
			<layout-unit id="lay-2.33.3" xref="u-2.272.1 u-2.273.1 u-2.274"/>
			<layout-unit id="lay-2.33.4" xref="u-2.272.2 u-2.273.2"/>
			<layout-unit id="lay-2.33.5" xref="u-2.275.1 u-2.276.1 u-2.277.1 u-2.279"/>
			<layout-unit id="lay-2.33.6" xref="u-2.275.2 u-2.276.2 u-2.277.2"/>
		</layout-unit>
		<layout-unit id="lay-2.34" xref="u-2.280"/>
		<layout-unit id="lay-2.35" xref="u-2.281 u-2.282 u-2.283 u-2.284 u-2.285 u-2.286">
			<layout-unit id="lay-2.35.1" xref="u-2.281 u-2.282 u-2.283 u-2.284">
				<layout-unit id="lay-2.35.1.1" xref="u-2.281"/>
				<layout-unit id="lay-2.35.1.2" xref="u-2.282 u-2.283 u-2.284"/>
			</layout-unit>
			<layout-unit id="lay-2.35.2" xref="u-2.285"/>
			<layout-unit id="lay-2.35.3" xref="u-2.286"/>
		</layout-unit>
		<layout-unit id="lay-2.36" xref="u-2.287 u-2.288"/>
		<layout-unit id="lay-2.37" xref="u-2.289"/>
		<layout-unit id="lay-2.38" xref="u-2.290 u-2.291 u-2.292 u-2.293 u-2.294 u-2.295 u-2.296 u-2.297">
			<layout-unit id="lay-2.38.1" xref="u-2.290 u-2.291 u-2.292 u-2.293">
				<layout-unit id="lay-2.38.1.1" xref="u-2.290"/>
				<layout-unit id="lay-2.38.1.2" xref="u-2.291 u-2.292 u-2.293"/>
			</layout-unit>
			<layout-unit id="lay-2.38.2" xref="u-2.294 u-2.295 u-2.296"/>
			<layout-unit id="lay-2.38.3" xref="u-2.297"/>
		</layout-unit>
	</segmentation>
	<layout-structure>
		<layout-root id="meh-1967-l-side-1" orientation="landscape">
			<layout-chunk id="page-1-row-1" location="multi" area-ref="page-a-1">
				<layout-leaf xref="lay-1.01.1" location="cell-11" area-ref="page-a-1" valign="left"/>
				<layout-leaf xref="lay-1.01.2" location="cell-21" area-ref="page-a-1" valign="left"/>
				<layout-leaf xref="lay-1.01.3" location="cell-31" area-ref="page-a-1" valign="left"/>
				<layout-leaf xref="lay-1.01.4" location="cell-41" area-ref="page-a-1" valign="left"/>
			</layout-chunk>
			<layout-chunk id="page-1-row-2" location="multi" area-ref="page-a-1">
				<layout-leaf xref="lay-1.02.1" location="cell-12" area-ref="page-a-1" valign="left"/>
				<layout-leaf xref="lay-1.02.2" location="cell-22" area-ref="page-a-1" valign="left"  overlap="right-margin" overlap-area="page-a-1"/>
			</layout-chunk>	
			<layout-chunk id="page-1-row-3" location="multi" area-ref="page-a-1">
				<layout-leaf xref="lay-1.03.1" location="cell-13" area-ref="page-a-1" valign="left"/>
				<layout-leaf xref="lay-1.03.2" location="cell-23" area-ref="page-a-1" valign="left"/>
				<layout-leaf xref="lay-1.03.3" location="cell-33" area-ref="page-a-1" valign="left"/>
				<layout-leaf xref="lay-1.03.4" location="cell-43" area-ref="page-a-1" valign="left"/>
				<layout-leaf xref="lay-1.03.5" location="cell-53" area-ref="page-a-1" valign="left"/>
				<layout-leaf xref="lay-1.03.6" location="cell-43" area-ref="page-a-1" valign="left" overlap="right-margin" overlap-area="page-a-1"/>
			</layout-chunk>	
			<layout-chunk id="page-1-row-4" location="multi" area-ref="page-a-1">
				<layout-leaf xref="lay-1.04.1" location="cell-14" area-ref="page-a-1" valign="left"/>
				<layout-leaf xref="lay-1.04.2" location="cell-24" area-ref="page-a-1" valign="left"/>
				<layout-leaf xref="lay-1.04.3" location="cell-34" area-ref="page-a-1" valign="left" overlap="left-margin" overlap-area="page-a-1"/>
				<layout-leaf xref="lay-1.04.4" location="cell-44" area-ref="page-a-1" valign="left"/>
				<layout-leaf xref="lay-1.04.5" location="cell-54" area-ref="page-a-1" valign="left"/>
			</layout-chunk>
			<layout-chunk id="page-1-row-5" location="multi" area-ref="page-a-1">
				<layout-leaf xref="lay-1.05.1.1" location="cell-15" area-ref="page-a-1" valign="left"/>
				<layout-leaf xref="lay-1.05.1.2" location="cell-15" area-ref="page-a-1" valign="left" overlap="right-margin" overlap-area="page-a-1"/>
				<layout-leaf xref="lay-1.05.2" location="cell-45" area-ref="page-a-1" valign="left"/>
				<layout-leaf xref="lay-1.05.3" location="cell-55" area-ref="page-a-1" valign="left"/>
			</layout-chunk>
			<layout-chunk id="page-1-row-6" location="multi" area-ref="page-a-1">
				<layout-leaf xref="lay-1.06.1" location="cell-16" area-ref="page-a-1" valign="left"/>
				<layout-leaf xref="lay-1.06.2" location="cell-26" area-ref="page-a-1" valign="left"/>
				<layout-leaf xref="lay-1.06.3" location="cell-46" area-ref="page-a-1" valign="left"/>
				<layout-leaf xref="lay-1.06.4" location="cell-56" area-ref="page-a-1" valign="left"/>
			</layout-chunk>
			<layout-chunk id="page-1-row-7" location="multi" area-ref="page-a-1">
				<layout-leaf xref="lay-1.07.1" location="cell-17" area-ref="page-a-1" valign="left"/>
				<layout-leaf xref="lay-1.07.2" location="cell-27" area-ref="page-a-1" valign="left" overlap="right-margin" overlap-area="page-a-1"/>
			</layout-chunk>
			<layout-chunk id="page-1-row-8" location="multi" area-ref="page-a-1">
				<layout-leaf xref="lay-1.08.1" location="cell-18" area-ref="page-a-1" valign="left"/>
				<layout-leaf xref="lay-1.08.2" location="cell-28" area-ref="page-a-1" valign="left"/>
				<layout-leaf xref="lay-1.08.3" location="cell-38" area-ref="page-a-1" valign="left"/>
				<layout-leaf xref="lay-1.08.4" location="cell-48" area-ref="page-a-1" valign="left"/>
				<layout-leaf xref="lay-1.08.5" location="cell-58" area-ref="page-a-1" valign="left"/>
			</layout-chunk>
			<layout-chunk id="page-1-row-9" location="multi" area-ref="page-a-1">
				<layout-leaf xref="lay-1.09.1" location="cell-19" area-ref="page-a-1" valign="left"/>
				<layout-leaf xref="lay-1.09.2" location="cell-29" area-ref="page-a-1" valign="left"/>
				<layout-leaf xref="lay-1.09.3" location="cell-39" area-ref="page-a-1" valign="left"/>
			</layout-chunk>
			<layout-chunk id="page-1-row-10" location="multi" area-ref="page-a-1">
				<layout-leaf xref="lay-1.10.1" location="cell-110" area-ref="page-a-1" valign="left"/>
				<layout-leaf xref="lay-1.10.2" location="cell-210" area-ref="page-a-1" valign="left"/>
				<layout-leaf xref="lay-1.10.3" location="cell-210" area-ref="page-a-1" valign="left" overlap="right-margin" overlap-area="page-a-1"/>
				<layout-leaf xref="lay-1.10.4" location="cell-410" area-ref="page-a-1" valign="left"/>
				<layout-leaf xref="lay-1.10.5" location="cell-510" area-ref="page-a-1" valign="left"/>
			</layout-chunk>
			<layout-chunk id="page-1-row-11" location="multi" area-ref="page-a-1">
				<layout-leaf xref="lay-1.11.1" location="cell-111" area-ref="page-a-1" valign="left"/>
				<layout-leaf xref="lay-1.11.2" location="cell-211" area-ref="page-a-1" valign="left"/>
				<layout-leaf xref="lay-1.11.3" location="cell-311" area-ref="page-a-1" valign="left"/>
			</layout-chunk>
			<layout-chunk id="page-1-row-12" location="multi" area-ref="page-a-1">
				<layout-leaf xref="lay-1.12.1" location="cell-112" area-ref="page-a-1" valign="left"/>
				<layout-leaf xref="lay-1.12.2" location="cell-212" area-ref="page-a-1" valign="left"/>
				<layout-leaf xref="lay-1.12.3" location="cell-212" area-ref="page-a-1" valign="left"/>
				<layout-leaf xref="lay-1.12.4" location="cell-412" area-ref="page-a-1" valign="left"/>
				<layout-leaf xref="lay-1.12.5" location="cell-512" area-ref="page-a-1" valign="left"/>
			</layout-chunk>
			<layout-chunk id="page-2-row-1" location="multi" area-ref="page-a-2-b">
				<layout-leaf xref="lay-1.13.1" location="cell-11" area-ref="page-a-2-b" valign="left"/>
				<layout-leaf xref="lay-1.13.2" location="cell-21" area-ref="page-a-2-b" valign="left"/>
				<layout-leaf xref="lay-1.13.3" location="cell-31" area-ref="page-a-2-b" valign="left"/>
			</layout-chunk>
			<layout-chunk id="page-2-row-2" location="row-2" area-ref="page-a-2">
				<layout-leaf xref="lay-1.14.1" location="row-2" area-ref="page-a-2" valign="left"/>
				<layout-leaf xref="lay-1.14.2" location="row-2" area-ref="page-a-2" valign="left"/>
			</layout-chunk>
			<layout-chunk id="page-2-row-3" location="row-3" area-ref="page-a-2">
				<layout-leaf xref="lay-1.15" location="row-3" area-ref="page-a-2" valign="left" halign="top"/>
			</layout-chunk>
			<layout-chunk id="page-2-copyright" location="cell-44" area-ref="meh-1967-a-side-1">
				<layout-leaf xref="lay-1.16" location="cell-44" area-ref="meh-1967-a-side-1" valign="right" halign="top"/>
			</layout-chunk>
			<layout-chunk id="page-3-top" location="row-1" area-ref="page-a-3">
				<layout-leaf xref="lay-1.17.1" location="row-1" area-ref="page-a-3" valign="left" halign="top"/>
				<layout-leaf xref="lay-1.17.2" location="row-1" area-ref="page-a-3" valign="left" halign="top"/>
			</layout-chunk>
			<layout-chunk id="page-3-header" location="row-2" area-ref="page-a-3">
				<layout-leaf xref="lay-1.18" location="row-2" area-ref="page-a-3" valign="center" halign="top"/>
			</layout-chunk>
			<layout-chunk id="page-3-note" location="row-3" area-ref="page-a-3">
				<layout-leaf xref="lay-1.19" location="row-3" area-ref="page-a-3" valign="left" halign="top"/>
			</layout-chunk>
			<layout-chunk id="page-3-row-1" location="cell-11" area-ref="page-a-3-b">
				<layout-leaf xref="lay-1.20" location="cell-11" valign="left"/>
			</layout-chunk>
			<layout-chunk id="page-3-row-2" location="multi" area-ref="page-a-3-b">
				<layout-leaf xref="lay-1.21.1" location="cell-12" valign="left"/>
				<layout-leaf xref="lay-1.21.2" location="cell-22" valign="left"/>
				<layout-leaf xref="lay-1.21.3" location="cell-32" valign="left"/>
				<layout-leaf xref="lay-1.21.4" location="cell-42" valign="left"/>
				<layout-leaf xref="lay-1.21.5" location="cell-52" valign="left"/>
				<layout-leaf xref="lay-1.21.6" location="cell-62" valign="left"/>
			</layout-chunk>
			<layout-chunk id="page-3-row-3" location="multi" area-ref="page-a-3-b">
				<layout-leaf xref="lay-1.22.1" location="cell-13" valign="left"/>
				<layout-leaf xref="lay-1.22.2" location="cell-23" valign="left"/>
				<layout-leaf xref="lay-1.22.3" location="cell-33" valign="left"/>
				<layout-leaf xref="lay-1.22.4" location="cell-43" valign="left"/>
				<layout-leaf xref="lay-1.22.5" location="cell-53" valign="left"/>
				<layout-leaf xref="lay-1.22.6" location="cell-63" valign="left"/>
				<layout-leaf xref="lay-1.22.7" location="cell-63" valign="left" overlap="right-margin" overlap-area="page-a-3-b"/>
			</layout-chunk>
			<layout-chunk id="page-3-row-4" location="multi" area-ref="page-a-3-b">
				<layout-leaf xref="lay-1.23.1" location="cell-14" area-ref="page-a-3-b"/>
				<layout-leaf xref="lay-1.23.2" location="cell-24" area-ref="page-a-3-b"/>
				<layout-leaf xref="lay-1.23.3" location="cell-34" area-ref="page-a-3-b"/>
				<layout-leaf xref="lay-1.23.4" location="cell-44" area-ref="page-a-3-b"/>
				<layout-leaf xref="lay-1.23.5" location="cell-54" area-ref="page-a-3-b"/>
				<layout-leaf xref="lay-1.23.6" location="cell-64" area-ref="page-a-3-b"/>
			</layout-chunk>
			<layout-chunk id="page-3-row-5" location="multi" area-ref="page-a-3-b">
				<layout-leaf xref="lay-1.24.1" location="cell-15" area-ref="page-a-3-b"/>
				<layout-leaf xref="lay-1.24.2" location="cell-25" area-ref="page-a-3-b"/>
				<layout-leaf xref="lay-1.24.3" location="cell-35" area-ref="page-a-3-b"/>
				<layout-leaf xref="lay-1.24.4" location="cell-45" area-ref="page-a-3-b"/>
				<layout-leaf xref="lay-1.24.5" location="cell-55" area-ref="page-a-3-b"/>
				<layout-leaf xref="lay-1.24.6" location="cell-65" area-ref="page-a-3-b"/>
			</layout-chunk>
			<layout-chunk id="page-3-row-6" location="multi" area-ref="page-a-3-b">
				<layout-leaf xref="lay-1.25.1" location="cell-16" area-ref="page-a-3-b"/>
				<layout-leaf xref="lay-1.25.2" location="cell-26" area-ref="page-a-3-b"/>
				<layout-leaf xref="lay-1.25.3" location="cell-36" area-ref="page-a-3-b"/>
				<layout-leaf xref="lay-1.25.4" location="cell-46" area-ref="page-a-3-b"/>
				<layout-leaf xref="lay-1.25.5" location="cell-56" area-ref="page-a-3-b"/>
				<layout-leaf xref="lay-1.25.6" location="cell-66" area-ref="page-a-3-b"/>
			</layout-chunk>
			<layout-chunk id="page-3-row-7" location="multi" area-ref="page-a-3-b">
				<layout-leaf xref="lay-1.26.1" location="cell-17" area-ref="page-a-3-b"/>
				<layout-leaf xref="lay-1.26.2" location="cell-27" area-ref="page-a-3-b"/>
				<layout-leaf xref="lay-1.26.3" location="cell-37" area-ref="page-a-3-b"/>
				<layout-leaf xref="lay-1.26.4" location="cell-47" area-ref="page-a-3-b"/>
				<layout-leaf xref="lay-1.26.5" location="cell-57" area-ref="page-a-3-b"/>
			</layout-chunk>
			<layout-chunk id="page-3-row-8" location="multi" area-ref="page-a-3-b">
				<layout-leaf xref="lay-1.27.1" location="cell-18" area-ref="page-a-3-b"/>
				<layout-leaf xref="lay-1.27.2" location="cell-28" area-ref="page-a-3-b"/>
				<layout-leaf xref="lay-1.27.3" location="cell-38" area-ref="page-a-3-b"/>
				<layout-leaf xref="lay-1.27.4" location="cell-48" area-ref="page-a-3-b"/>
				<layout-leaf xref="lay-1.27.5" location="cell-58" area-ref="page-a-3-b"/>
			</layout-chunk>
		</layout-root>
		<layout-root id="meh-1967-l-side-2" orientation="landscape">
			<layout-chunk id="page-4-row-1" location="multi" area-ref="page-b-1">
				<layout-leaf xref="lay-2.01.1" location="cell-11" area-ref="page-b-1" valign="left"/>
				<layout-leaf xref="lay-2.01.2" location="cell-21" area-ref="page-b-1" valign="left"/>	
				<layout-leaf xref="lay-2.01.3" location="cell-31" area-ref="page-b-1" valign="left"/>	
				<layout-leaf xref="lay-2.01.4" location="cell-51" area-ref="page-b-1" valign="left"/>	
			</layout-chunk>
			<layout-chunk id="page-4-row-2" location="multi" area-ref="page-b-1">
				<layout-leaf xref="lay-2.02.1" location="cell-12" area-ref="page-b-1" valign="left"/>
				<layout-leaf xref="lay-2.02.2" location="cell-22" area-ref="page-b-1" valign="left"/>	
				<layout-leaf xref="lay-2.02.3" location="cell-32" area-ref="page-b-1" valign="left"/>	
				<layout-leaf xref="lay-2.02.4" location="cell-42" area-ref="page-b-1" valign="left"/>
				<layout-leaf xref="lay-2.02.5" location="cell-52" area-ref="page-b-1" valign="left"/>	
				<layout-leaf xref="lay-2.02.6" location="cell-62" area-ref="page-b-1" valign="left"/>	
			</layout-chunk>
			<layout-chunk id="page-4-row-3" location="multi" area-ref="page-b-1">
				<layout-leaf xref="lay-2.03.1" location="cell-13" area-ref="page-b-1" valign="left"/>
				<layout-leaf xref="lay-2.03.2" location="cell-23" area-ref="page-b-1" valign="left"/>	
				<layout-leaf xref="lay-2.03.3" location="cell-33" area-ref="page-b-1" valign="left"/>	
				<layout-leaf xref="lay-2.03.4" location="cell-53" area-ref="page-b-1" valign="left"/>
			</layout-chunk>
			<layout-chunk id="page-4-row-4" location="multi" area-ref="page-b-1">
				<layout-leaf xref="lay-2.04.1" location="cell-14" area-ref="page-b-1" valign="left"/>
				<layout-leaf xref="lay-2.04.2" location="cell-24" area-ref="page-b-1" valign="left"/>	
				<layout-leaf xref="lay-2.04.3" location="cell-34" area-ref="page-b-1" valign="left"/>	
				<layout-leaf xref="lay-2.04.4" location="cell-44" area-ref="page-b-1" valign="left"/>
				<layout-leaf xref="lay-2.04.5" location="cell-54" area-ref="page-b-1" valign="left"/>	
				<layout-leaf xref="lay-2.04.6" location="cell-64" area-ref="page-b-1" valign="left"/>	
			</layout-chunk>
			<layout-chunk id="page-4-row-5" location="multi" area-ref="page-b-1">
				<layout-leaf xref="lay-2.05.1" location="cell-15" area-ref="page-b-1" valign="left"/>
				<layout-leaf xref="lay-2.05.2" location="cell-25" area-ref="page-b-1" valign="left"/>	
				<layout-leaf xref="lay-2.05.3" location="cell-35" area-ref="page-b-1" valign="left"/>	
				<layout-leaf xref="lay-2.05.4" location="cell-45" area-ref="page-b-1" valign="left"/>
				<layout-leaf xref="lay-2.05.5" location="cell-55" area-ref="page-b-1" valign="left"/>	
				<layout-leaf xref="lay-2.05.6" location="cell-65" area-ref="page-b-1" valign="left"/>	
			</layout-chunk>
			<layout-chunk id="page-4-row-6" location="multi" area-ref="page-b-1">
				<layout-leaf xref="lay-2.06.1" location="cell-16" area-ref="page-b-1" valign="left"/>
				<layout-leaf xref="lay-2.06.2" location="cell-26" area-ref="page-b-1" valign="left"/>	
				<layout-leaf xref="lay-2.06.3" location="cell-36" area-ref="page-b-1" valign="left"/>	
				<layout-leaf xref="lay-2.06.4" location="cell-46" area-ref="page-b-1" valign="left"/>
				<layout-leaf xref="lay-2.06.5" location="cell-56" area-ref="page-b-1" valign="left"/>	
				<layout-leaf xref="lay-2.06.6" location="cell-66" area-ref="page-b-1" valign="left"/>	
			</layout-chunk>
			<layout-chunk id="page-4-row-7" location="multi" area-ref="page-b-1">
				<layout-leaf xref="lay-2.07.1" location="cell-17" area-ref="page-b-1" valign="left"/>
				<layout-leaf xref="lay-2.07.2" location="cell-27" area-ref="page-b-1" valign="left"/>	
				<layout-leaf xref="lay-2.07.3" location="cell-37" area-ref="page-b-1" valign="left"/>	
				<layout-leaf xref="lay-2.07.4" location="cell-47" area-ref="page-b-1" valign="left"/>
				<layout-leaf xref="lay-2.07.5" location="cell-57" area-ref="page-b-1" valign="left"/>	
			</layout-chunk>
				<layout-chunk id="page-4-row-8" location="multi" area-ref="page-b-1">
				<layout-leaf xref="lay-2.08.1" location="cell-18" area-ref="page-b-1" valign="left"/>
				<layout-leaf xref="lay-2.08.2" location="cell-38" area-ref="page-b-1" valign="left"/>	
				<layout-leaf xref="lay-2.08.3" location="cell-58" area-ref="page-b-1" valign="left"/>
			</layout-chunk>
				<layout-chunk id="page-4-row-9" location="multi" area-ref="page-b-1">
				<layout-leaf xref="lay-2.09.1" location="cell-19" area-ref="page-b-1" valign="left"/>
				<layout-leaf xref="lay-2.09.2" location="cell-29" area-ref="page-b-1" valign="left"/>	
				<layout-leaf xref="lay-2.09.3" location="cell-39" area-ref="page-b-1" valign="left"/>	
				<layout-leaf xref="lay-2.09.4" location="cell-49" area-ref="page-b-1" valign="left"/>
				<layout-leaf xref="lay-2.09.5" location="cell-59" area-ref="page-b-1" valign="left"/>
				<layout-leaf xref="lay-2.09.6" location="cell-69" area-ref="page-b-1" valign="left"/>	
			</layout-chunk>
			<layout-chunk id="page-4-row-10" location="multi" area-ref="page-b-1">
				<layout-leaf xref="lay-2.10.1" location="cell-110" area-ref="page-b-1" valign="left"/>
				<layout-leaf xref="lay-2.10.2" location="cell-210" area-ref="page-b-1" valign="left"/>	
				<layout-leaf xref="lay-2.10.3" location="cell-310" area-ref="page-b-1" valign="left"/>	
				<layout-leaf xref="lay-2.10.4" location="cell-410" area-ref="page-b-1" valign="left"/>
				<layout-leaf xref="lay-2.10.5" location="cell-510" area-ref="page-b-1" valign="left" overlap="right-margin" overlap-area="page-b-1"/>
				<layout-leaf xref="lay-2.10.6" location="cell-610" area-ref="page-b-1" valign="left"/>	
			</layout-chunk>
			<layout-chunk id="page-4-row-11" location="multi" area-ref="page-b-1">
				<layout-leaf xref="lay-2.11.1" location="cell-111" area-ref="page-b-1" valign="left"/>
				<layout-leaf xref="lay-2.11.2" location="cell-211" area-ref="page-b-1" valign="left"/>	
				<layout-leaf xref="lay-2.11.3" location="cell-311" area-ref="page-b-1" valign="left"/>	
				<layout-leaf xref="lay-2.11.4" location="cell-411" area-ref="page-b-1" valign="left"/>
				<layout-leaf xref="lay-2.11.5" location="cell-511" area-ref="page-b-1" valign="left"/>
				<layout-leaf xref="lay-2.11.6" location="cell-611" area-ref="page-b-1" valign="left"/>	
			</layout-chunk>
			<layout-chunk id="page-5-row-1" location="multi" area-ref="page-b-2">
				<layout-leaf xref="lay-2.12.1" location="cell-11" area-ref="page-b-2" valign="left"/>
				<layout-leaf xref="lay-2.12.2" location="cell-21" area-ref="page-b-2" valign="left"/>	
				<layout-leaf xref="lay-2.12.3" location="cell-31" area-ref="page-b-2" valign="left"/>	
				<layout-leaf xref="lay-2.12.4" location="cell-41" area-ref="page-b-2" valign="left"/>
				<layout-leaf xref="lay-2.12.5" location="cell-51" area-ref="page-b-2" valign="left"/>
				<layout-leaf xref="lay-2.12.6" location="cell-61" area-ref="page-b-2" valign="left"/>	
			</layout-chunk>
			<layout-chunk id="page-5-row-2" location="multi" area-ref="page-b-2">
				<layout-leaf xref="lay-2.13.1" location="cell-12" area-ref="page-b-2" valign="left"/>
				<layout-leaf xref="lay-2.13.2" location="cell-22" area-ref="page-b-2" valign="left" overlap="left-margin" overlap-area="page-b-2"/>	
				<layout-leaf xref="lay-2.13.3" location="cell-52" area-ref="page-b-2" valign="left"/>	
				<layout-leaf xref="lay-2.13.4" location="cell-62" area-ref="page-b-2" valign="left"/>
			</layout-chunk>
			<layout-chunk id="page-5-row-3" location="multi" area-ref="page-b-2">
				<layout-leaf xref="lay-2.14.1" location="cell-13" area-ref="page-b-2" valign="left"/>
				<layout-leaf xref="lay-2.14.2" location="cell-23" area-ref="page-b-2" valign="left"/>	
				<layout-leaf xref="lay-2.14.3" location="cell-33" area-ref="page-b-2" valign="left"/>	
				<layout-leaf xref="lay-2.14.4" location="cell-43" area-ref="page-b-2" valign="left"/>
				<layout-leaf xref="lay-2.14.5" location="cell-53" area-ref="page-b-2" valign="left"/>
				<layout-leaf xref="lay-2.14.6" location="cell-63" area-ref="page-b-2" valign="left"/>	
			</layout-chunk>
			<layout-chunk id="page-5-row-4" location="multi" area-ref="page-b-2">
				<layout-leaf xref="lay-2.15.1" location="cell-14" area-ref="page-b-2" valign="left"/>
				<layout-leaf xref="lay-2.15.2" location="cell-24" area-ref="page-b-2" valign="left"/>	
				<layout-leaf xref="lay-2.15.3" location="cell-34" area-ref="page-b-2" valign="left" overlap="right-margin" overlap-area="page-b-2"/>	
				<layout-leaf xref="lay-2.15.4" location="cell-44" area-ref="page-b-2" valign="left"/>
				<layout-leaf xref="lay-2.15.5" location="cell-54" area-ref="page-b-2" valign="left"/>
				<layout-leaf xref="lay-2.15.6" location="cell-64" area-ref="page-b-2" valign="left"/>	
			</layout-chunk>
			<layout-chunk id="page-5-row-5" location="multi" area-ref="page-b-2">
				<layout-leaf xref="lay-2.16.1" location="cell-15" area-ref="page-b-2" valign="left"/>
				<layout-leaf xref="lay-2.16.2" location="cell-25" area-ref="page-b-2" valign="left"/>	
				<layout-leaf xref="lay-2.16.3" location="cell-35" area-ref="page-b-2" valign="left"/>	
				<layout-leaf xref="lay-2.16.4" location="cell-45" area-ref="page-b-2" valign="left"/>
				<layout-leaf xref="lay-2.16.5" location="cell-55" area-ref="page-b-2" valign="left"/>
				<layout-leaf xref="lay-2.16.6" location="cell-65" area-ref="page-b-2" valign="left"/>	
			</layout-chunk>
			<layout-chunk id="page-5-row-6" location="multi" area-ref="page-b-2">
				<layout-leaf xref="lay-2.17.1" location="cell-16" area-ref="page-b-2" valign="left"/>
				<layout-leaf xref="lay-2.17.2" location="cell-26" area-ref="page-b-2" valign="left"/>	
				<layout-leaf xref="lay-2.17.3" location="cell-36" area-ref="page-b-2" valign="left"/>	
				<layout-leaf xref="lay-2.17.4" location="cell-46" area-ref="page-b-2" valign="left"/>
				<layout-leaf xref="lay-2.17.5" location="cell-56" area-ref="page-b-2" valign="left"/>
				<layout-leaf xref="lay-2.17.6" location="cell-66" area-ref="page-b-2" valign="left"/>	
			</layout-chunk>
			<layout-chunk id="page-5-row-7" location="multi" area-ref="page-b-2">
				<layout-leaf xref="lay-2.18.1" location="cell-17" area-ref="page-b-2" valign="left"/>
				<layout-leaf xref="lay-2.18.2" location="cell-27" area-ref="page-b-2" valign="left"/>	
				<layout-leaf xref="lay-2.18.3" location="cell-37" area-ref="page-b-2" valign="left"/>	
				<layout-leaf xref="lay-2.18.4" location="cell-47" area-ref="page-b-2" valign="left"/>
				<layout-leaf xref="lay-2.18.5" location="cell-57" area-ref="page-b-2" valign="left"/>
			</layout-chunk>
			<layout-chunk id="page-5-row-8" location="multi" area-ref="page-b-2">
				<layout-leaf xref="lay-2.19.1" location="cell-18" area-ref="page-b-2" valign="left"/>
				<layout-leaf xref="lay-2.19.2" location="cell-28" area-ref="page-b-2" valign="left"/>	
				<layout-leaf xref="lay-2.19.3" location="cell-38" area-ref="page-b-2" valign="left"/>	
				<layout-leaf xref="lay-2.19.4" location="cell-48" area-ref="page-b-2" valign="left"/>
				<layout-leaf xref="lay-2.19.5" location="cell-58" area-ref="page-b-2" valign="left"/>
				<layout-leaf xref="lay-2.19.6" location="cell-68" area-ref="page-b-2" valign="left"/>	
			</layout-chunk>
			<layout-chunk id="page-5-row-9" location="multi" area-ref="page-b-2">
				<layout-leaf xref="lay-2.20.1" location="cell-19" area-ref="page-b-2" valign="left"/>
				<layout-leaf xref="lay-2.20.2" location="cell-29" area-ref="page-b-2" valign="left"/>	
				<layout-leaf xref="lay-2.20.3" location="cell-39" area-ref="page-b-2" valign="left"/>	
				<layout-leaf xref="lay-2.20.4" location="cell-59" area-ref="page-b-2" valign="left"/>
			</layout-chunk>
			<layout-chunk id="page-5-row-10" location="multi" area-ref="page-b-2">
				<layout-leaf xref="lay-2.21.1" location="cell-110" area-ref="page-b-2" valign="left"/>
				<layout-leaf xref="lay-2.21.2" location="cell-210" area-ref="page-b-2" valign="left"/>	
				<layout-leaf xref="lay-2.21.3" location="cell-310" area-ref="page-b-2" valign="left"/>	
				<layout-leaf xref="lay-2.21.4" location="cell-510" area-ref="page-b-2" valign="left"/>
				<layout-leaf xref="lay-2.21.5" location="cell-610" area-ref="page-b-2" valign="left"/>	
			</layout-chunk>
			<layout-chunk id="page-5-header" location="cell-111" area-ref="page-b-2">
				<layout-leaf xref="lay-2.22" location="cell-111" area-ref="page-b-2"/>
			</layout-chunk>
			<layout-chunk id="page-5-row-12" location="multi" area-ref="page-b-2">
				<layout-leaf xref="lay-2.23.1" location="cell-112" area-ref="page-b-2" valign="left"/>
				<layout-leaf xref="lay-2.23.2" location="cell-212" area-ref="page-b-2" valign="left"/>	
				<layout-leaf xref="lay-2.23.3" location="cell-312" area-ref="page-b-2" valign="left"/>	
				<layout-leaf xref="lay-2.23.4" location="cell-412" area-ref="page-b-2" valign="left"/>
				<layout-leaf xref="lay-2.23.5" location="cell-512" area-ref="page-b-2" valign="left"/>	
			</layout-chunk>
			<layout-chunk id="page-5-row-13" location="multi" area-ref="page-b-2">
				<layout-leaf xref="lay-2.24.1" location="cell-113" area-ref="page-b-2" valign="left"/>
				<layout-leaf xref="lay-2.24.2" location="cell-213" area-ref="page-b-2" valign="left"/>	
				<layout-leaf xref="lay-2.24.3" location="cell-313" area-ref="page-b-2" valign="left"/>	
				<layout-leaf xref="lay-2.24.4" location="cell-413" area-ref="page-b-2" valign="left"/>
				<layout-leaf xref="lay-2.24.5" location="cell-513" area-ref="page-b-2" valign="left"/>	
			</layout-chunk>
			<layout-chunk id="page-6-row-1" location="multi" area-ref="page-b-3-b">
				<layout-leaf xref="lay-2.25.1" location="cell-11" area-ref="page-b-3-b" valign="left"/>
				<layout-leaf xref="lay-2.25.2" location="cell-21" area-ref="page-b-3-b" valign="left"/>	
				<layout-leaf xref="lay-2.25.3" location="cell-31" area-ref="page-b-3-b" valign="left"/>	
				<layout-leaf xref="lay-2.25.4" location="cell-41" area-ref="page-b-3-b" valign="left"/>
				<layout-leaf xref="lay-2.25.5" location="cell-51" area-ref="page-b-3-b" valign="left"/>	
			</layout-chunk>
			<layout-chunk id="page-6-row-2" location="multi" area-ref="page-b-3-b">
				<layout-leaf xref="lay-2.26.1" location="cell-12" area-ref="page-b-3-b" valign="left"/>
				<layout-leaf xref="lay-2.26.2" location="cell-22" area-ref="page-b-3-b" valign="left"/>	
				<layout-leaf xref="lay-2.26.3" location="cell-32" area-ref="page-b-3-b" valign="left"/>	
				<layout-leaf xref="lay-2.26.4" location="cell-42" area-ref="page-b-3-b" valign="left"/>
				<layout-leaf xref="lay-2.26.5" location="cell-52" area-ref="page-b-3-b" valign="left"/>	
			</layout-chunk>
			<layout-chunk id="page-6-header-top" location="cell-13" area-ref="page-b-3-b">
				<layout-leaf xref="lay-2.27" location="cell-13" area-ref="page-b-3-b"/>
			</layout-chunk>
			<layout-chunk id="page-6-row-4" location="multi" area-ref="page-b-3-b">
				<layout-leaf xref="lay-2.28.1" location="cell-14" area-ref="page-b-3-b" valign="left"/>
				<layout-leaf xref="lay-2.28.2" location="cell-24" area-ref="page-b-3-b" valign="left"/>	
				<layout-leaf xref="lay-2.28.3" location="cell-34" area-ref="page-b-3-b" valign="left"/>	
				<layout-leaf xref="lay-2.28.4" location="cell-54" area-ref="page-b-3-b" valign="left"/>				
			</layout-chunk>
			<layout-chunk id="page-6-row-5" location="multi" area-ref="page-b-3-b">
				<layout-leaf xref="lay-2.29.1" location="cell-15" area-ref="page-b-3-b" valign="left"/>
				<layout-leaf xref="lay-2.29.2" location="cell-25" area-ref="page-b-3-b" valign="left"/>	
				<layout-leaf xref="lay-2.29.3" location="cell-35" area-ref="page-b-3-b" valign="left"/>	
				<layout-leaf xref="lay-2.29.4" location="cell-45" area-ref="page-b-3-b" valign="left"/>	
				<layout-leaf xref="lay-2.29.5" location="cell-55" area-ref="page-b-3-b" valign="left"/>					
			</layout-chunk>
			<layout-chunk id="page-6-row-6" location="multi" area-ref="page-b-3-b">
				<layout-leaf xref="lay-2.30.1" location="cell-16" area-ref="page-b-3-b" valign="left"/>
				<layout-leaf xref="lay-2.30.2" location="cell-26" area-ref="page-b-3-b" valign="left"/>	
				<layout-leaf xref="lay-2.30.3" location="cell-36" area-ref="page-b-3-b" valign="left"/>	
				<layout-leaf xref="lay-2.30.4" location="cell-46" area-ref="page-b-3-b" valign="left"/>	
				<layout-leaf xref="lay-2.30.5" location="cell-56" area-ref="page-b-3-b" valign="left"/>					
			</layout-chunk>
			<layout-chunk id="page-6-row-7" location="multi" area-ref="page-b-3-b">
				<layout-leaf xref="lay-2.31.1" location="cell-17" area-ref="page-b-3-b" valign="left"/>
				<layout-leaf xref="lay-2.31.2" location="cell-27" area-ref="page-b-3-b" valign="left"/>	
				<layout-leaf xref="lay-2.31.3" location="cell-37" area-ref="page-b-3-b" valign="left"/>	
				<layout-leaf xref="lay-2.31.4" location="cell-47" area-ref="page-b-3-b" valign="left"/>	
				<layout-leaf xref="lay-2.31.5" location="cell-57" area-ref="page-b-3-b" valign="left"/>					
			</layout-chunk>
			<layout-chunk id="page-6-row-8" location="multi" area-ref="page-b-3-b">
				<layout-leaf xref="lay-2.32.1" location="cell-18" area-ref="page-b-3-b" valign="left"/>
				<layout-leaf xref="lay-2.32.2" location="cell-28" area-ref="page-b-3-b" valign="left"/>	
				<layout-leaf xref="lay-2.32.3" location="cell-38" area-ref="page-b-3-b" valign="left"/>	
				<layout-leaf xref="lay-2.32.4" location="cell-58" area-ref="page-b-3-b" valign="left"/>				
			</layout-chunk>
			<layout-chunk id="page-6-row-9" location="multi" area-ref="page-b-3-b">
				<layout-leaf xref="lay-2.33.1" location="cell-19" area-ref="page-b-3-b" valign="left"/>
				<layout-leaf xref="lay-2.33.2" location="cell-29" area-ref="page-b-3-b" valign="left"/>	
				<layout-leaf xref="lay-2.33.3" location="cell-39" area-ref="page-b-3-b" valign="left" overlap="right-margin" overlap-area="page-b-3-b"/>	
				<layout-leaf xref="lay-2.33.4" location="cell-49" area-ref="page-b-3-b" valign="left"/>	
				<layout-leaf xref="lay-2.33.5" location="cell-59" area-ref="page-b-3-b" valign="left"/>	
				<layout-leaf xref="lay-2.33.6" location="cell-69" area-ref="page-b-3-b" valign="left"/>					
			</layout-chunk>
			<layout-chunk id="page-6-header-middle" location="cell-110" area-ref="page-b-3-b">
				<layout-leaf xref="lay-2.34" location="cell-110" area-ref="page-b-3-b"/>
			</layout-chunk>
			<layout-chunk id="page-6-row-11" location="multi" area-ref="page-b-3-b">
				<layout-leaf xref="lay-2.35.1" location="cell-111" area-ref="page-b-3-b" valign="left"/>
				<layout-leaf xref="lay-2.35.2" location="cell-311" area-ref="page-b-3-b" valign="left"/>	
				<layout-leaf xref="lay-2.35.3" location="cell-511" area-ref="page-b-3-b" valign="left"/>					
			</layout-chunk>
			<layout-chunk id="page-6-note" location="row-2" area-ref="page-b-3">
				<layout-leaf xref="lay-2.36" location="row-2" area-ref="page-b-3"/>
			</layout-chunk>
			<layout-chunk id="page-6-header-bottom" location="row-3" area-ref="page-b-3">
				<layout-leaf xref="lay-2.37" location="row-3" area-ref="page-b-3"/>
			</layout-chunk>
			<layout-chunk id="page-6-row-14" location="multi" area-ref="page-b-3-c">
				<layout-leaf xref="lay-2.38.1" location="cell-17" area-ref="page-b-3-c" valign="left"/>
				<layout-leaf xref="lay-2.38.2" location="cell-27" area-ref="page-b-3-c" valign="left"/>	
				<layout-leaf xref="lay-2.38.3" location="cell-37" area-ref="page-b-3-c" valign="left"/>				
			</layout-chunk>
		</layout-root>
	</layout-structure>
	<area-model>
		<area-root id="meh-1967-a-side-1" cols="7" rows="4" hspacing="1 30 3 30 3 30 3" vspacing="5 87 2 6" width="284mm" height="200mm">
			<sub-area id="page-a-1" location="cell-22" cols="5" rows="12" hspacing="41 23 9 21 6" vspacing="6 5 22 10 5 6 6 6 5 9 5 16" width="89mm" height="173mm"/>
			<sub-area id="page-a-2" location="cell-42" cols="1" rows="3" hspacing="100" vspacing="7 5 88" width="86mm" height="173mm">
				<sub-area id="page-a-2-b" location="row-1" cols="3" rows="1" hspacing="43 31 26" vspacing="100" width="86mm" height="12mm"/>
			</sub-area>
			<sub-area id="page-a-3" location="cell-62" cols="1" rows="4" hspacing="100" vspacing="11 13 7 69" width="87mm" height="173mm">
				<sub-area id="page-a-3-b" location="row-4" cols="6" rows="8" hspacing="38 5 23 9 21 4" vspacing="3 11 13 13 14 19 14 13" width="87" height="119mm"/>
			</sub-area>
		</area-root>
		<area-root id="meh-1967-a-side-2" cols="7" rows="3" hspacing="1 31 3 30 3 31 1" vspacing="5 87 8" width="284mm" height="200mm">
			<sub-area id="page-b-1" location="cell-22" cols="6" rows="11" hspacing="37 4 22 8 20 9" vspacing="10 10 6 6 8 7 17 7 9 9 11" width="87mm" height="173mm"/>
			<sub-area id="page-b-2" location="cell-42" cols="6" rows="13" hspacing="37 4 22 8 20 9" vspacing="6 11 8 10 8 8 8 9 6 7 3 10 6" width="86mm" height="173mm"/>
			<sub-area id="page-b-3" location="cell-62" cols="1" rows="4" hspacing="100" vspacing="75 6 2 17" height="173mm" width="88mm">
				<sub-area id="page-b-3-b" location="row-1" cols="6" rows="11" hspacing="37 6 21 9 21 6" vspacing="11 15 4 8 9 8 9 9 16 3 8" width="88mm" height="131mm"/>
				<sub-area id="page-b-3-c" location="row-4" cols="3" rows="1" hspacing="42 31 27" vspacing="100" width="88mm" height="33mm"/>
			</sub-area>
		</area-root>
	</area-model>
	<realization>
		<text xref="lay-1.01 lay-1.02 lay-1.03 lay-1.04 lay-1.05 lay-1.06 lay-1.07 lay-1.08 lay-1.09 lay-1.10 lay-1.11 lay-1.12 lay-1.13 lay-1.14 lay-1.15 lay-1.16 lay-1.17 lay-1.21 lay-1.22 lay-1.23 lay-1.24 lay-1.25 lay-1.26 lay-1.27 lay-2.01 lay-2.02 lay-2.03 lay-2.04 lay-2.05 lay-2.06 lay-2.07 lay-2.08 lay-2.09 lay-2.10 lay-2.11 lay-2.12 lay-2.13 lay-2.14 lay-2.15 lay-2.16 lay-2.17 lay-2.18 lay-2.19 lay-2.20 lay-2.21 lay-2.23 lay-2.24 lay-2.25 lay-2.26 lay-2.28 lay-2.29 lay-2.30 lay-2.31 lay-2.32 lay-2.33 lay-2.35 lay-2.36 lay-2.38" font-family="sans-serif" font-size="3" font-style="normal" font-weight="normal" case="mixed" color="black"/><!-- descriptive text -->
		<text xref="lay-1.20 lay-2.22 lay-2.27 lay-2.34 lay-2.37" font-family="sans-serif" font-size="5" font-style="normal" font-weight="bold" case="caps" color="black"/><!-- destination category -->
		<text xref="lay-1.18" font-family="sans-serif" font-size="11" font-style="normal" font-weight="normal" case="mixed" color="black"/><!-- brochure header -->
		<text xref="lay-1.19" font-family="sans-serif" font-size="4" font-style="normal" font-weight="bold" case="mixed" color="black"/><!-- note under brochure header -->
		<hi-text xref="lay-1.01.1.1" context="lay-1.01.1" font-family="sans-serif" font-size="5" font-style="normal" font-weight="normal" case="caps" color="black"/>
		<hi-text xref="lay-1.02.1" context="lay-1.02" font-family="sans-serif" font-size="5" font-style="normal" font-weight="normal" case="caps" color="black"/>
		<hi-text xref="lay-1.03.1.1" context="lay-1.03.1" font-family="sans-serif" font-size="5" font-style="normal" font-weight="normal" case="caps" color="black"/>
		<hi-text xref="lay-1.04.1.1" context="lay-1.04.1" font-family="sans-serif" font-size="5" font-style="normal" font-weight="normal" case="caps" color="black"/>
		<hi-text xref="lay-1.05.1.1" context="lay-1.05.1" font-family="sans-serif" font-size="5" font-style="normal" font-weight="normal" case="caps" color="black"/>
		<hi-text xref="lay-1.06.1.1" context="lay-1.06.1" font-family="sans-serif" font-size="5" font-style="normal" font-weight="normal" case="caps" color="black"/>
		<hi-text xref="lay-1.07.1.1" context="lay-1.07.1" font-family="sans-serif" font-size="5" font-style="normal" font-weight="normal" case="caps" color="black"/>
		<hi-text xref="lay-1.08.1.1" context="lay-1.08.1" font-family="sans-serif" font-size="5" font-style="normal" font-weight="normal" case="caps" color="black"/>
		<hi-text xref="lay-1.09.1.1" context="lay-1.09.1" font-family="sans-serif" font-size="5" font-style="normal" font-weight="normal" case="caps" color="black"/>
		<hi-text xref="lay-1.10.1.1" context="lay-1.10.1" font-family="sans-serif" font-size="5" font-style="normal" font-weight="normal" case="caps" color="black"/>
		<hi-text xref="lay-1.11.1.1" context="lay-1.11.1" font-family="sans-serif" font-size="5" font-style="normal" font-weight="normal" case="caps" color="black"/>
		<hi-text xref="lay-1.12.1.1" context="lay-1.12.1" font-family="sans-serif" font-size="5" font-style="normal" font-weight="normal" case="caps" color="black"/>
		<hi-text xref="lay-1.13.1.1" context="lay-1.13.1" font-family="sans-serif" font-size="5" font-style="normal" font-weight="normal" case="caps" color="black"/>
		<hi-text xref="lay-1.14.1" context="lay-1.14" font-family="sans-serif" font-size="5" font-style="normal" font-weight="normal" case="caps" color="black"/>
		<hi-text xref="lay-1.17.1" context="lay-1.17" font-family="sans-serif" font-size="5" font-style="normal" font-weight="normal" case="caps" color="black"/>
		<hi-text xref="lay-1.21.1.1" context="lay-1.21.1" font-family="sans-serif" font-size="5" font-style="normal" font-weight="normal" case="caps" color="black"/>
		<hi-text xref="lay-1.22.1.1" context="lay-1.22.1" font-family="sans-serif" font-size="5" font-style="normal" font-weight="normal" case="caps" color="black"/>
		<hi-text xref="lay-1.23.1.1" context="lay-1.23.1" font-family="sans-serif" font-size="5" font-style="normal" font-weight="normal" case="caps" color="black"/>
		<hi-text xref="lay-1.24.1.1" context="lay-1.24.1" font-family="sans-serif" font-size="5" font-style="normal" font-weight="normal" case="caps" color="black"/>
		<hi-text xref="lay-1.25.1.1" context="lay-1.25.1" font-family="sans-serif" font-size="5" font-style="normal" font-weight="normal" case="caps" color="black"/>
		<hi-text xref="lay-1.26.1.1" context="lay-1.26.1" font-family="sans-serif" font-size="5" font-style="normal" font-weight="normal" case="caps" color="black"/>
		<hi-text xref="lay-1.27.1.1" context="lay-1.27.1" font-family="sans-serif" font-size="5" font-style="normal" font-weight="normal" case="caps" color="black"/>
		<hi-text xref="lay-2.01.1.1" context="lay-2.01.1" font-family="sans-serif" font-size="5" font-style="normal" font-weight="normal" case="caps" color="black"/>
		<hi-text xref="lay-2.02.1.1" context="lay-2.02.1" font-family="sans-serif" font-size="5" font-style="normal" font-weight="normal" case="caps" color="black"/>
		<hi-text xref="lay-2.03.1.1" context="lay-2.03.1" font-family="sans-serif" font-size="5" font-style="normal" font-weight="normal" case="caps" color="black"/>
		<hi-text xref="lay-2.04.1.1" context="lay-2.04.1" font-family="sans-serif" font-size="5" font-style="normal" font-weight="normal" case="caps" color="black"/>
		<hi-text xref="lay-2.05.1.1" context="lay-2.05.1" font-family="sans-serif" font-size="5" font-style="normal" font-weight="normal" case="caps" color="black"/>
		<hi-text xref="lay-2.06.1.1" context="lay-2.06.1" font-family="sans-serif" font-size="5" font-style="normal" font-weight="normal" case="caps" color="black"/>
		<hi-text xref="lay-2.07.1.1" context="lay-2.07.1" font-family="sans-serif" font-size="5" font-style="normal" font-weight="normal" case="caps" color="black"/>
		<hi-text xref="lay-2.09.1.1" context="lay-2.09.1" font-family="sans-serif" font-size="5" font-style="normal" font-weight="normal" case="caps" color="black"/>
		<hi-text xref="lay-2.10.1.1" context="lay-2.10.1" font-family="sans-serif" font-size="5" font-style="normal" font-weight="normal" case="caps" color="black"/>
		<hi-text xref="lay-2.11.1.1" context="lay-2.11.1" font-family="sans-serif" font-size="5" font-style="normal" font-weight="normal" case="caps" color="black"/>
		<hi-text xref="lay-2.12.1.1" context="lay-2.12.1" font-family="sans-serif" font-size="5" font-style="normal" font-weight="normal" case="caps" color="black"/>
		<hi-text xref="lay-2.13.1.1" context="lay-2.13.1" font-family="sans-serif" font-size="5" font-style="normal" font-weight="normal" case="caps" color="black"/>
		<hi-text xref="lay-2.14.1.1" context="lay-2.14.1" font-family="sans-serif" font-size="5" font-style="normal" font-weight="normal" case="caps" color="black"/>
		<hi-text xref="lay-2.15.1.1" context="lay-2.15.1" font-family="sans-serif" font-size="5" font-style="normal" font-weight="normal" case="caps" color="black"/>
		<hi-text xref="lay-2.16.1.1" context="lay-2.16.1" font-family="sans-serif" font-size="5" font-style="normal" font-weight="normal" case="caps" color="black"/>
		<hi-text xref="lay-2.17.1.1" context="lay-2.17.1" font-family="sans-serif" font-size="5" font-style="normal" font-weight="normal" case="caps" color="black"/>
		<hi-text xref="lay-2.18.1.1" context="lay-2.18.1" font-family="sans-serif" font-size="5" font-style="normal" font-weight="normal" case="caps" color="black"/>
		<hi-text xref="lay-2.19.1.1" context="lay-2.19.1" font-family="sans-serif" font-size="5" font-style="normal" font-weight="normal" case="caps" color="black"/>
		<hi-text xref="lay-2.20.1.1" context="lay-2.20.1" font-family="sans-serif" font-size="5" font-style="normal" font-weight="normal" case="caps" color="black"/>
		<hi-text xref="lay-2.21.1.1" context="lay-2.21.1" font-family="sans-serif" font-size="5" font-style="normal" font-weight="normal" case="caps" color="black"/>
		<hi-text xref="lay-2.21.1.1" context="lay-2.21.1" font-family="sans-serif" font-size="5" font-style="normal" font-weight="normal" case="caps" color="black"/>
		<hi-text xref="lay-2.23.1.1" context="lay-2.23.1" font-family="sans-serif" font-size="5" font-style="normal" font-weight="normal" case="caps" color="black"/>
		<hi-text xref="lay-2.24.1.1" context="lay-2.24.1" font-family="sans-serif" font-size="5" font-style="normal" font-weight="normal" case="caps" color="black"/>
		<hi-text xref="lay-2.25.1.1" context="lay-2.25.1" font-family="sans-serif" font-size="5" font-style="normal" font-weight="normal" case="caps" color="black"/>
		<hi-text xref="lay-2.26.1.1" context="lay-2.26.1" font-family="sans-serif" font-size="5" font-style="normal" font-weight="normal" case="caps" color="black"/>
		<hi-text xref="lay-2.28.1.1" context="lay-2.28.1" font-family="sans-serif" font-size="5" font-style="normal" font-weight="normal" case="caps" color="black"/>
		<hi-text xref="lay-2.29.1.1" context="lay-2.29.1" font-family="sans-serif" font-size="5" font-style="normal" font-weight="normal" case="caps" color="black"/>
		<hi-text xref="lay-2.30.1.1" context="lay-2.30.1" font-family="sans-serif" font-size="5" font-style="normal" font-weight="normal" case="caps" color="black"/>
		<hi-text xref="lay-2.31.1.1" context="lay-2.31.1" font-family="sans-serif" font-size="5" font-style="normal" font-weight="normal" case="caps" color="black"/>
		<hi-text xref="lay-2.32.1.1" context="lay-2.32.1" font-family="sans-serif" font-size="5" font-style="normal" font-weight="normal" case="caps" color="black"/>
		<hi-text xref="lay-2.33.1.1" context="lay-2.33.1" font-family="sans-serif" font-size="5" font-style="normal" font-weight="normal" case="caps" color="black"/>
		<hi-text xref="lay-2.35.1.1" context="lay-2.35.1" font-family="sans-serif" font-size="5" font-style="normal" font-weight="normal" case="caps" color="black"/>
		<hi-text xref="lay-2.38.1.1" context="lay-2.38.1" font-family="sans-serif" font-size="5" font-style="normal" font-weight="normal" case="caps" color="black"/>
		<chunk xref="meh-1967-l-side-1 meh-1967-l-side-2" background-color="#9AC3B1"/>
	</realization>
</gemLayout>


