<?xml version="1.0" encoding="UTF-8"?>

<gemLayout>
	<segmentation>
		<layout-unit id="lay-1.01" xref="u-1.01 u-1.02 u-1.03">
			<layout-unit id="lay-1.01.1" xref="u-1.01"/>
			<layout-unit id="lay-1.01.2" xref="u-1.02"/>
			<layout-unit id="lay-1.01.3" xref="u-1.03"/>
		</layout-unit>
		<layout-unit id="line-1.04" xref="u-1.04"/>
		<layout-unit id="lay-1.02" xref="u-1.05"/>
		<layout-unit id="lay-1.03" xref="u-1.09 u-1.10 u-1.11 u-1.12 u-1.13">
			<layout-unit id="lay-1.03.1" xref="u-1.09"/>
			<layout-unit id="lay-1.03.2" xref="u-1.10 u-1.11 u-1.12 u-1.13"/>
		</layout-unit>
		<layout-unit id="lay-1.04" xref="u-1.14 u-1.15 u-1.16 u-1.17 u-1.18 u-1.19 u-1.20">
			<layout-unit id="lay-1.04.1" xref="u-1.14"/>
			<layout-unit id="lay-1.04.2" xref="u-1.15 u-1.16 u-1.17 u-1.18 u-1.19 u-1.20"/>
		</layout-unit>
		<layout-unit id="lay-1.05" xref="u-1.21 u-1.22 u-1.23 u-1.24">
			<layout-unit id="lay-1.05.1" xref="u-1.21"/>
			<layout-unit id="lay-1.05.2" xref="u-1.22 u-1.23 u-1.24"/>
		</layout-unit>
		<layout-unit id="lay-1.06" xref="u-1.25 u-1.26">
			<layout-unit id="lay-1.06.1" xref="u-1.25"/>
			<layout-unit id="lay-1.06.2" xref="u-1.26"/>
		</layout-unit>
		<layout-unit id="lay-1.07" xref="u-1.27"/>
		<layout-unit id="line-1.08" xref="u-1.28"/>
		<layout-unit id="lay-1.09" xref="u-1.29"/>
		<layout-unit id="lay-1.10" xref="u-1.30"/>
		<layout-unit id="lay-1.11" xref="u-1.31"/>
		<layout-unit id="lay-1.12" xref="u-1.32"/>
		<layout-unit id="lay-2.01" xref="u-2.01 u-2.02">
			<layout-unit id="lay-2.01.1" xref="u-2.01"/>
			<layout-unit id="lay-2.01.2" xref="u-2.02"/>
		</layout-unit>
		<layout-unit id="line-2.03" xref="u-2.03"/>
		<layout-unit id="lay-2.04" xref="u-2.04 u-2.05 u-2.06 u-2.07 u-2.08 u-2.09 u-2.10 u-2.11"/>
		<layout-unit id="lay-2.05" xref="u-2.12"/>
		<layout-unit id="lay-2.06" xref="u-2.13 u-2.14">
			<layout-unit id="lay-2.06.1" xref="u-2.13"/>
			<layout-unit id="lay-2.06.2" xref="u-2.14"/>
		</layout-unit>
		<layout-unit id="line-2.07" xref="u-2.15"/>
		<layout-unit id="lay-2.08" xref="u-2.16 u-2.17 u-2.18 u-2.19 u-2.20 u-2.21 u-2.22 u-2.23 u-2.24 u-2.25 u-2.26 u-2.27"/>
		<layout-unit id="lay-2.09" xref="u-2.28"/>
		<layout-unit id="lay-2.10" xref="u-2.29 u-2.30">
			<layout-unit id="lay-2.10.1" xref="u-2.29"/>
			<layout-unit id="lay-2.10.2" xref="u-2.30"/>
		</layout-unit>
		<layout-unit id="line-2.11" xref="u-2.31"/>
		<layout-unit id="lay-2.12" xref="u-2.32 u-2.33 u-2.34 u-2.35 u-2.36 u-2.37 u-2.38 u-2.39 u-2.40 u-2.41 u-2.42 u-2.43"/>
		<layout-unit id="lay-2.13" xref="u-2.44"/>
		<layout-unit id="lay-2.14" xref="u-2.45 u-2.46">
			<layout-unit id="lay-2.14.1" xref="u-2.45"/>
			<layout-unit id="lay-2.14.2" xref="u-2.46"/>
		</layout-unit>
		<layout-unit id="line-2.15" xref="u-2.47"/>
		<layout-unit id="lay-2.16" xref="u-2.48 u-2.49 u-2.50 u-2.51 u-2.52 u-2.53 u-2.54 u-2.55 u-2.56 u-2.57"/>
		<layout-unit id="lay-2.17" xref="u-2.58"/>
	</segmentation>
	<layout-structure>
		<layout-root id="hft-1967-l-side-1" orientation="landscape">
			<layout-chunk id="page-1-side-1" location="multi" area-ref="page-a-1">
				<layout-chunk id="top-side-1" location="multi" area-ref="page-a-1">
					<layout-leaf xref="lay-1.01.1" location="row-1" area-ref="page-a-1-b-1" valign="left" halign="top"/>
					<layout-leaf xref="lay-1.01.2" location="col-2" area-ref="page-a-1-b"/>
					<layout-leaf xref="lay-1.01.3" location="row-2" area-ref="page-a-1-b-1" valign="left" halign="top"/>
				</layout-chunk>
				<layout-leaf xref="line-1.04" location="row-4" halign="top" area-ref="page-a-1"/>
				<layout-chunk id="header-page-1-side-1" location="multi" area-ref="page-a-1">
					<layout-leaf xref="lay-1.02" location="col-1" area-ref="page-a-1-c"/>
					<layout-chunk id="body-page-1-side-1" location="row-7" area-ref="page-a-1">
						<layout-leaf xref="lay-1.03" location="row-7" area-ref="page-a-1"/>
						<layout-leaf xref="lay-1.04" location="row-7" area-ref="page-a-1"/>
						<layout-leaf xref="lay-1.05" location="row-7" area-ref="page-a-1"/>
					</layout-chunk>
				</layout-chunk>
				<layout-leaf xref="lay-1.06" location="row-9" area-ref="page-a-1"/>
			</layout-chunk>
			<layout-chunk id="page-2-side-1" location="multi" area-ref="page-a-2">
				<layout-leaf xref="lay-1.07" location="col-1" area-ref="page-a-2-b"/>
				<layout-leaf xref="line-1.04" location="row-2" halign="top" area-ref="page-a-2"/>
				<layout-leaf xref="lay-1.09" location="cell-22" area-ref="page-a-2-b-1" halign="top" valign="left"/>
				<layout-chunk id="header-page-2-side-1" location="row-1" area-ref="page-a-2">
					<layout-leaf xref="lay-1.10" location="row-2" area-ref="page-a-2-c-1"/>
				</layout-chunk>
				<layout-leaf xref="lay-1.11" location="row-3" area-ref="page-a-2"/>
			</layout-chunk>
			<layout-chunk id="pages-3-side-1" location="multi" area-ref="page-a-3">
				<layout-leaf xref="lay-1.12" location="row-2" area-ref="page-a-3"/>
			</layout-chunk>
		</layout-root>
		<layout-root id="hft-1967-l-side-2" orientation="landscape">
			<layout-chunk id="page-1-side-2" location="multi" area-ref="page-b-1">
				<layout-chunk id="header-page-1-side-2" location="row-1" area-ref="page-b-1">
					<layout-leaf xref="lay-2.01.1" location="col-2" area-ref="page-b-1-b-2" valign="left" halign="top"/>
					<layout-leaf xref="lay-2.01.2" location="col-2" area-ref="page-b-1-b"/>
					<layout-leaf xref="line-2.03" location="row-2" area-ref="page-b-1" halign="top"/>
				</layout-chunk>
				<layout-leaf xref="lay-2.04" location="col-2" area-ref="page-b-1-c"/>
				<layout-leaf xref="lay-2.05" location="col-2" area-ref="page-b-1-d"/>
			</layout-chunk>
			<layout-chunk id="page-2-side-2" location="multi" area-ref="page-b-2">
				<layout-chunk id="header-page-2-side-2" location="row-1" area-ref="page-b-2">
					<layout-leaf xref="lay-2.06.1" location="col-2" area-ref="page-b-2-b-2" valign="left" halign="top"/>
					<layout-leaf xref="lay-2.06.2" location="col-2" area-ref="page-b-2-b"/>
					<layout-leaf xref="line-2.07" location="row-2" area-ref="page-b-2" halign="top"/>
				</layout-chunk>
				<layout-leaf xref="lay-2.08" location="col-2" area-ref="page-b-2-c"/>
				<layout-leaf xref="lay-2.09" location="col-3" area-ref="page-b-2-d"/>
			</layout-chunk>
			<layout-chunk id="page-3-side-2" location="multi" area-ref="page-b-3">
				<layout-chunk id="header-page-3-side-2" location="row-1" area-ref="page-b-3">
					<layout-leaf xref="lay-2.10.1" location="col-2" area-ref="page-b-3-b-2" valign="left" halign="top"/>
					<layout-leaf xref="lay-2.10.2" location="col-2" area-ref="page-b-3-b"/>
					<layout-leaf xref="line-2.11" location="row-2" area-ref="page-b-3" halign="top"/>
				</layout-chunk>
				<layout-leaf xref="lay-2.12" location="col-2" area-ref="page-b-3-c"/>
				<layout-leaf xref="lay-2.13" location="col-2" area-ref="page-b-3-d"/>
			</layout-chunk>
			<layout-chunk id="page-4-side-2" location="multi" area-ref="page-b-4">
				<layout-chunk id="header-page-4-side-2" location="row-1" area-ref="page-b-4">
					<layout-leaf xref="lay-2.14.1" location="col-2" area-ref="page-b-4-b-2" valign="left" halign="top"/>
					<layout-leaf xref="lay-2.14.2" location="col-2" area-ref="page-b-4-b"/>
					<layout-leaf xref="line-2.15" location="row-2" halign="top"/>
				</layout-chunk>
				<layout-leaf xref="lay-2.16" location="col-2" area-ref="page-b-4-c"/>
				<layout-leaf xref="lay-2.17" location="col-2" area-ref="page-b-4-d"/>
			</layout-chunk>
		</layout-root>
	</layout-structure>
	<realization>
		<text xref="lay-1.01.1" font-family="sans-serif" font-size="6" font-style="normal" font-weight="bold" case="mixed" color="black">City Tourist Office</text>
		<graphics xref="lay-1.01.2" type="illustration" colors="black" width="10mm" height="12mm"/>
		<text xref="lay-1.01.3" font-family="sans-serif" font-size="5" font-style="normal" font-weight="normal" case="mixed" color="black">Pohj. Esplanaadik. 17 phone 14004 cables: citytourist</text>
		<graphics xref="line-1.04 line-1.08" type="two-d-element" two-d-element-type="line" colors="black" length="96mm"/>
		<text xref="lay-1.02" font-family="sans-serif" font-size="10" font-style="normal" font-weight="extra-bold" case="mixed" color="black">A day at sea - a few suggestions</text>
		<text xref="lay-1.04.2 lay-1.05.2 lay-1.06.2 lay-1.09" font-family="sans-serif" font-size="4" font-style="normal" font-weight="normal" case="mixed" color="black"/>
		<text xref="lay-1.04.1 lay-1.05.1 lay-1.06.1" font-family="sans-serif" font-size="4" font-style="normal" font-weight="bold" case="mixed" color="black"/>
		<graphics xref="lay-1.07" type="illustration" colors="mixed" height="36mm" width="36mm"/>
		<text xref="lay-1.10" font-family="sans-serif" font-size="16" font-style="normal" font-weight="bold" case="mixed" color="black">Helsinki's Four Tourist Islands</text>
		<graphics xref="lay-1.11" type="photo" colors="mixed" width="102mm" height="123mm"/>
		<graphics xref="lay-1.12" type="map" colors="mixed" height="171mm" width="189mm"/>
		<text xref="lay-2.01.1 lay-2.06.1 lay-2.10.1 lay-2.14.1" font-family="sans-serif" font-size="16" font-style="normal" font-weight="bold" case="caps" color="black"/>
		<graphics xref="lay-2.01.2" type="illustration" colors="mixed" width="36mm" height="36mm"/>
		<graphics xref="lay-2.06.2" type="illustration" colors="mixed" width="36mm" height="36mm"/>
		<graphics xref="lay-2.10.2" type="illustration" colors="mixed" width="36mm" height="36mm"/>
		<graphics xref="lay-2.14.2" type="illustration" colors="mixed" width="36mm" height="36mm"/>
		<text xref="lay-2.04 lay-2.08 lay-2.12 lay-2.16" font-family="sans-serif" font-size="4" font-style="normal" font-weight="normal" case="mixed" color="black"/>
		<graphics xref="lay-2.05" type="photo" colors="mixed" height="95mm" width="95mm"/>
		<graphics xref="lay-2.09" type="photo" colors="mixed" height="95mm" width="95mm"/>
		<graphics xref="lay-2.13" type="photo" colors="mixed" height="95mm" width="95mm"/>
		<graphics xref="lay-2.17" type="photo" colors="mixed" height="95mm" width="95mm"/>
		<graphics xref="line-2.03" type="two-d-element" two-d-element-type="line" colors="black" length="96mm"/>
		<graphics xref="line-2.07" type="two-d-element" two-d-element-type="line" colors="black" length="96mm"/>
		<graphics xref="line-2.11" type="two-d-element" two-d-element-type="line" colors="black" length="96mm"/>
		<graphics xref="line-2.15" type="two-d-element" two-d-element-type="line" colors="black" length="96mm"/>
		<chunk xref="hft-l-1967-side-1 hft-l-1967-side-2" background-color="white"/>
	</realization>
	<area-model>
		<area-root id="hft-a-1967-side-1" cols="4" rows="1" hspacing="48 25 1 26" vspacing="100" width="390mm" height="210mm">
			<sub-area id="page-a-3" location="col-1" cols="1" rows="2" hspacing="100" vspacing="18 82" height="210mm" width="189mm"/>
			<sub-area id="page-a-1" location="col-2" cols="2" rows="9" hspacing="2 98" vspacing="2 6 9 2 11 9 35 17 9" height="210mm" width="96mm">
				<sub-area id="page-a-1-b" location="row-2" cols="4" rows="1" hspacing="4 12 4 80" vspacing="100" width="96mm" height="12mm">
					<sub-area id="page-a-1-b-1" location="col-4" cols="1" rows="2" hspacing="100" vspacing="50 50" width="77mm" height="12mm"/>
				</sub-area>
				<sub-area id="page-a-1-c" location="row-5" cols="2" rows="1" hspacing="100" vspacing="36 64" width="96mm" height="24mm"/>
			</sub-area>
			<sub-area id="page-a-2" location="col-4" cols="1" rows="3" hspacing="100" vspacing="18 23 59" height="210mm" width="101mm">
				<sub-area id="page-a-2-b" location="row-1" cols="2" rows="1" hspacing="37 63" vspacing="100" height="37mm" width="101mm">
					<sub-area id="page-a-2-b-1" location="col-2" cols="2" rows="2" hspacing="56 44" vspacing="86 14" height="37mm" width="63mm"/>
				</sub-area>
				<sub-area id="page-a-2-c" location="row-2" cols="3" rows="1" hspacing="16 44 40" vspacing="100" height="49mm" width="101mm">
					<sub-area id="page-a-2-c-1" location="col-2" cols="1" rows="2" hspacing="100" vspacing="14 86" height="49mm" width="44mm"/>
				</sub-area>
			</sub-area>
		</area-root>
		<area-root id="hft-a-1967-side-2" cols="4" rows="1" hspacing="25 25 25 25" vspacing="100" height="210mm" width="390mm">
			<sub-area id="page-b-1" location="col-1" cols="1" rows="5" hspacing="100" vspacing="18 2 24 11 45" width="98mm" height="210mm">
				<sub-area id="page-b-1-b" location="row-1" cols="2" rows="1" hspacing="62 38" vspacing="100" height="37mm" width="98mm">
					<sub-area id="page-b-1-b-1" location="col-1" cols="1" rows="2" hspacing="100" vspacing="63 37" height="37mm" width="61mm">
						<sub-area id="page-b-1-b-2" location="row-2" cols="2" rows="1" hspacing="2 98" vspacing="100" height="10mm" width="61mm"/>
					</sub-area>
				</sub-area>
				<sub-area id="page-b-1-c" location="row-3" cols="3" rows="1" hspacing="1 96 3" vspacing="100" width="98mm" height="50mm"/>
				<sub-area id="page-b-1-d" location="row-5" cols="2" rows="1" hspacing="97 3" vspacing="100" height="95mm" width="98mm"/>
			</sub-area>
			<sub-area id="page-b-2" location="col-2" cols="1" rows="3" hspacing="100" vspacing="18 2 29 6 45" width="98mm" height="210mm">
				<sub-area id="page-b-2-b" location="row-1" cols="2" rows="1" hspacing="100" vspacing="64 36" height="37mm" width="98mm">
					<sub-area id="page-b-2-b-1" location="col-1" cols="1" rows="2" hspacing="100" vspacing="63 37" height="37mm" width="63mm">
						<sub-area id="page-b-2-b-2" location="row-2" cols="2" rows="1" hspacing="2 98" vspacing="100" height="10mm" width="63mm"/>
					</sub-area>
				</sub-area>
				<sub-area id="page-b-2-c" location="row-3" cols="3" rows="1" hspacing="2 95 3" vspacing="100" width="98mm" height="60mm"/>
				<sub-area id="page-b-2-d" location="row-5" cols="3" rows="1" hspacing="2 95 3" vspacing="100" height="95mm" width="98mm"/>
			</sub-area>
			<sub-area id="page-b-3" location="col-3" cols="1" rows="3" hspacing="100" vspacing="18 2 32 3 45" width="98mm" height="210mm">
				<sub-area id="page-b-3-b" location="row-1" cols="2" rows="1" hspacing="63 37" vspacing="100" height="37mm" width="98mm">
					<sub-area id="page-b-3-b-1" location="col-1" cols="1" rows="2" hspacing="100" vspacing="63 37" height="37mm" width="62mm">
						<sub-area id="page-b-3-b-2" location="row-2" cols="2" rows="1" hspacing="2 98" vspacing="100" height="10mm" width="62mm"/>
					</sub-area>
				</sub-area>
				<sub-area id="page-b-3-c" location="row-3" cols="3" rows="1" hspacing="2 95 3" vspacing="100" height="67mm" width="98mm"/>
				<sub-area id="page-b-3-d" location="row-5" cols="3" rows="1" hspacing="2 95 3" vspacing="100" height="95mm" width="98mm"/>
			</sub-area>
			<sub-area id="page-b-4" location="col-4" cols="1" rows="3" hspacing="100" vspacing="18 2 25 10 45" width="98mm" height="210mm">
				<sub-area id="page-b-4-b" location="row-1" cols="2" rows="1" hspacing="63 37" vspacing="100" height="37mm" width="98mm">
					<sub-area id="page-b-4-b-1" location="col-1" cols="1" rows="2" hspacing="100" vspacing="63 37" height="37mm" width="62mm">
						<sub-area id="page-b-4-b-2" location="row-2" cols="2" rows="1" hspacing="2 98" vspacing="100" height="10mm" width="62mm"/>
					</sub-area>
				</sub-area>
				<sub-area id="page-b-4-c" location="row-3" cols="3" rows="1" hspacing="3 95 2" vspacing="100" height="54mm" width="98mm"/>
				<sub-area id="page-b-4-d" location="row-5" cols="2" rows="1" hspacing="3 97" vspacing="100" height="95mm" width="98mm"/>	
			</sub-area>
		</area-root>
	</area-model>
</gemLayout>
