<?xml version="1.0" encoding="UTF-8"?>

<gemNav>
	<pointer id="p-1.01" type="cross-reference" from="s-1.06" to="" range="phone">
		<content xref="u-1.05"/>
		<address xref="u-1.05" address-precision="start-only"/>
	</pointer>
	<pointer id="p-1.02" type="cross-reference" from="s-1.11" to="" range="phone">
		<content xref="u-1.10"/>
		<address xref="u-1.11" address-precision="start-only"/>
	</pointer>
	<pointer id="p-1.03" type="cross-reference" from="s-1.18" to="" range="phone">
		<content xref="u-1.17"/>
		<address xref="u-1.18" address-precision="start-only"/>
	</pointer>
	<pointer id="p-1.04" type="cross-reference" from="s-1.23" to="" range="phone">
		<content xref="u-1.21"/>
		<address xref="u-1.23" address-precision="start-only"/>
	</pointer>
	<pointer id="p-1.05" type="cross-reference" from="s-1.27" to="" range="phone">
		<content xref="u-1.26"/>
		<address xref="u-1.27" address-precision="start-only"/>
	</pointer>
	<pointer id="p-1.06" type="cross-reference" from="s-1.33" to="" range="phone">
		<content xref="u-1.32"/>
		<address xref="u-1.33" address-precision="start-only"/>
	</pointer>
	<pointer id="p-1.07" type="cross-reference" from="s-1.40" to="" range="phone">
		<content xref="u-1.39"/>
		<address xref="u-1.40" address-precision="start-only"/>
	</pointer>
	<pointer id="p-1.08" type="cross-reference" from="s-1.45" to="" range="phone">
		<content xref="u-1.43"/>
		<address xref="u-1.45" address-precision="start-only"/>
	</pointer>
	<pointer id="p-1.09" type="cross-reference" from="s-1.50" to="" range="phone">
		<content xref="u-1.49"/>
		<address xref="u-1.50" address-precision="start-only"/>
	</pointer>
	<pointer id="p-1.10" type="cross-reference" from="s-1.55" to="" range="phone">
		<content xref="u-1.56"/>
		<address xref="u-1.55" address-precision="start-only"/>
	</pointer>
	<pointer id="p-1.11" type="cross-reference" from="s-1.62" to="" range="phone">
		<content xref="u-1.61"/>
		<address xref="u-1.62" address-precision="start-only"/>
	</pointer>
	<pointer id="p-1.12" type="cross-reference" from="s-1.67" to="" range="phone">
		<content xref="u-1.66"/>
		<address xref="u-1.67" address-precision="start-only"/>
	</pointer>
	<pointer id="p-1.13" type="cross-reference" from="s-1.74" to="" range="phone">
		<content xref="u-1.73"/>
		<address xref="u-1.75" address-precision="start-only"/>
	</pointer>
	<pointer id="p-1.14" type="cross-reference" from="s-1.80" to="" range="phone">
		<content xref="u-1.80"/>
		<address xref="u-1.81" address-precision="start-only"/>
	</pointer>
	<pointer id="p-1.15" type="cross-reference" from="s-1.84" to="" range="phone">
		<content xref="u-1.84"/>
		<address xref="u-1.85" address-precision="start-only"/>
	</pointer>
	<pointer id="p-1.16" type="cross-reference" from="s-1.89" to="" range="phone">
		<content xref="u-1.89"/>
		<address xref="u-1.90" address-precision="start-only"/>
	</pointer>
	<pointer id="p-1.17" type="cross-reference" from="s-1.96" to="" range="phone">
		<content xref="u-1.96"/>
		<address xref="u-1.97" address-precision="start-only"/>
	</pointer>
	<pointer id="p-1.18" type="cross-reference" from="s-1.111" to="" range="phone">
		<content xref="u-1.111"/>
		<address xref="u-1.113" address-precision="start-only"/>
	</pointer>
	<pointer id="p-1.19" type="cross-reference" from="s-1.113" to="e-1.01" range="document-internal">
		<content xref="u-1.115"/>
		<address xref="u-1.115" address-precision="start-end"/>
	</pointer>
	<pointer id="p-1.20" type="cross-reference" from="s-1.122" to="" range="phone">
		<content xref="u-1.123"/>
		<address xref="u-1.124" address-precision="start-only"/>
	</pointer>
	<pointer id="p-1.21" type="cross-reference" from="s-1.128" to="" range="phone">
		<content xref="u-1.129"/>
		<address xref="u-1.130" address-precision="start-only"/>
	</pointer>
	<pointer id="p-1.22" type="cross-reference" from="s-1.135" to="" range="phone">
		<content xref="u-1.135"/>
		<address xref="u-1.137" address-precision="start-only"/>
	</pointer>
	<pointer id="p-1.23" type="cross-reference" from="s-1.140" to="" range="phone">
		<content xref="u-1.142"/>
		<address xref="u-1.142" address-precision="start-only"/>
	</pointer>
	<pointer id="p-1.24" type="cross-reference" from="s-1.147" to="" range="phone">
		<content xref="u-1.149"/>
		<address xref="u-1.149" address-precision="start-only"/>
	</pointer>
	<pointer id="p-1.25" type="cross-reference" from="s-1.152" to="" range="phone">
		<content xref="u-1.152"/>
		<address xref="u-1.154" address-precision="start-only"/>
	</pointer>
	<pointer id="p-1.26" type="cross-reference" from="s-1.157" to="" range="phone">
		<content xref="u-1.159"/>
		<address xref="u-1.159" address-precision="start-only"/>
	</pointer>
	<pointer id="p-1.27" type="cross-reference" from="s-1.163-m" to="" range="phone">
		<content xref="u-1.165-m"/>
		<address xref="u-1.165-m" address-precision="start-only"/>
	</pointer>
	<pointer id="p-1.28" type="cross-reference" from="s-1.168" to="" range="phone">
		<content xref="u-1.168"/>
		<address xref="u-1.170" address-precision="start-only"/>
	</pointer>
	<pointer id="p-1.29" type="cross-reference" from="s-1.175" to="" range="phone">
		<content xref="u-1.175"/>
		<address xref="u-1.177" address-precision="start-only"/>
	</pointer>
	<pointer id="p-1.30" type="cross-reference" from="s-1.181" to="" range="phone">
		<content xref="u-1.182"/>
		<address xref="u-1.183" address-precision="start-only"/>
	</pointer>
	<pointer id="p-1.31" type="cross-reference" from="s-1.188" to="" range="phone">
		<content xref="u-1.188"/>
		<address xref="u-1.190" address-precision="start-only"/>
	</pointer>
	<pointer id="p-1.32" type="cross-reference" from="s-2.09" to="" range="phone">
		<content xref="u-2.07"/>
		<address xref="u-2.09" address-precision="start-only"/>
	</pointer>
	<pointer id="p-1.33" type="cross-reference" from="s-2.15" to="" range="phone">
		<content xref="u-2.13"/>
		<address xref="u-2.15" address-precision="start-only"/>
	</pointer>
	<pointer id="p-1.34" type="cross-reference" from="s-2.21" to="" range="phone">
		<content xref="u-2.19"/>
		<address xref="u-2.21" address-precision="start-only"/>
	</pointer>
	
	<pointer id="p-1.35" type="cross-reference" from="s-2.29" to="" range="phone">
		<content xref="u-2.28"/>
		<address xref="u-2.29" address-precision="start-only"/>
	</pointer>
	<pointer id="p-1.36" type="cross-reference" from="s-2.36" to="" range="phone">
		<content xref="u-2.35"/>
		<address xref="u-2.36" address-precision="start-only"/>
	</pointer>
	<pointer id="p-1.37" type="cross-reference" from="s-2.42" to="" range="phone">
		<content xref="u-2.40"/>
		<address xref="u-2.42" address-precision="start-only"/>
	</pointer>
	<pointer id="p-1.38" type="cross-reference" from="s-2.50" to="" range="phone">
		<content xref="u-2.49"/>
		<address xref="u-2.50" address-precision="start-only"/>
	</pointer>
	<pointer id="p-1.39" type="cross-reference" from="s-2.58" to="" range="phone">
		<content xref="u-2.56"/>
		<address xref="u-2.58" address-precision="start-only"/>
	</pointer>
	<pointer id="p-1.40" type="cross-reference" from="s-2.64" to="" range="phone">
		<content xref="u-2.63"/>
		<address xref="u-2.64" address-precision="start-only"/>
	</pointer>
	<pointer id="p-1.41" type="cross-reference" from="s-2.69" to="" range="phone">
		<content xref="u-2.67"/>
		<address xref="u-2.69" address-precision="start-only"/>
	</pointer>
	<pointer id="p-1.42" type="cross-reference" from="s-2.74" to="" range="phone">
		<content xref="u-2.72"/>
		<address xref="u-2.74" address-precision="start-only"/>
	</pointer>
	<pointer id="p-1.43" type="cross-reference" from="s-2.81" to="" range="phone">
		<content xref="u-2.79"/>
		<address xref="u-2.81" address-precision="start-only"/>
	</pointer>
	<pointer id="p-1.44" type="cross-reference" from="s-2.87" to="" range="phone">
		<content xref="u-2.86"/>
		<address xref="u-2.87" address-precision="start-only"/>
	</pointer>
	<pointer id="p-1.45" type="cross-reference" from="s-2.94" to="" range="phone">
		<content xref="u-2.93"/>
		<address xref="u-2.95" address-precision="start-only"/>
	</pointer>
	<pointer id="p-1.46" type="cross-reference" from="s-2.100" to="" range="phone">
		<content xref="u-2.100"/>
		<address xref="u-2.101" address-precision="start-only"/>
	</pointer>
	<pointer id="p-1.47" type="cross-reference" from="s-2.105" to="" range="phone">
		<content xref="u-2.104"/>
		<address xref="u-2.106" address-precision="start-only"/>
	</pointer>
	<pointer id="p-1.48" type="cross-reference" from="s-2.110" to="" range="phone">
		<content xref="u-2.111"/>
		<address xref="u-2.111" address-precision="start-only"/>
	</pointer>
	<pointer id="p-1.49" type="cross-reference" from="s-2.216" to="" range="phone">
		<content xref="u-2.216"/>
		<address xref="u-2.217" address-precision="start-only"/>
	</pointer>
	<pointer id="p-1.50" type="cross-reference" from="s-2.120" to="" range="phone">
		<content xref="u-2.120"/>
		<address xref="u-2.121" address-precision="start-only"/>
	</pointer>
	<pointer id="p-1.51" type="cross-reference" from="s-2.125" to="" range="phone">
		<content xref="u-2.126"/>
		<address xref="u-2.126" address-precision="start-only"/>
	</pointer>
	
	<pointer id="p-1.52" type="cross-reference" from="s-2.129" to="" range="phone">
		<content xref="u-2.131"/>
		<address xref="u-2.130" address-precision="start-only"/>
	</pointer>
	<pointer id="p-1.53" type="cross-reference" from="s-2.134" to="" range="phone">
		<content xref="u-2.133"/>
		<address xref="u-2.135" address-precision="start-only"/>
	</pointer>
	<pointer id="p-1.54" type="cross-reference" from="s-2.140" to="" range="phone">
		<content xref="u-2.139"/>
		<address xref="u-2.141" address-precision="start-only"/>
	</pointer>
	<pointer id="p-1.55" type="cross-reference" from="s-2.145" to="" range="phone">
		<content xref="u-2.146"/>
		<address xref="u-2.146" address-precision="start-only"/>
	</pointer>
	<pointer id="p-1.56" type="cross-reference" from="s-2.151" to="" range="phone">
		<content xref="u-2.151"/>
		<address xref="u-2.152" address-precision="start-only"/>
	</pointer>
	<pointer id="p-1.57" type="cross-reference" from="s-2.158" to="" range="phone">
		<content xref="u-2.158"/>
		<address xref="u-2.159" address-precision="start-only"/>
	</pointer>
	<pointer id="p-1.58" type="cross-reference" from="s-2.163" to="" range="phone">
		<content xref="u-2.162"/>
		<address xref="u-2.164" address-precision="start-only"/>
	</pointer>
	<pointer id="p-1.59" type="cross-reference" from="s-2.169" to="" range="phone">
		<content xref="u-2.169"/>
		<address xref="u-2.170" address-precision="start-only"/>
	</pointer>
	<pointer id="p-1.60" type="cross-reference" from="s-2.175" to="" range="phone">
		<content xref="u-2.175"/>
		<address xref="u-2.176" address-precision="start-only"/>
	</pointer>
	<pointer id="p-1.61" type="cross-reference" from="s-2.180" to="" range="phone">
		<content xref="u-2.180"/>
		<address xref="u-2.181" address-precision="start-only"/>
	</pointer>
	<pointer id="p-1.62" type="cross-reference" from="s-2.187" to="" range="phone">
		<content xref="u-2.187"/>
		<address xref="u-2.189" address-precision="start-only"/>
	</pointer>
	<pointer id="p-1.63" type="cross-reference" from="s-2.192" to="" range="phone">
		<content xref="u-2.192"/>
		<address xref="u-2.193" address-precision="start-only"/>
	</pointer>
	<pointer id="p-1.64" type="cross-reference" from="s-2.197" to="" range="phone">
		<content xref="u-2.200"/>
		<address xref="s-2.199" address-precision="start-only"/>
	</pointer>
	<pointer id="p-1.65" type="cross-reference" from="s-2.204" to="" range="phone">
		<content xref="u-2.205"/>
		<address xref="u-2.206" address-precision="start-only"/>
	</pointer>
	<pointer id="p-1.66" type="cross-reference" from="s-2.210" to="" range="phone">
		<content xref="u-2.211"/>
		<address xref="u-2.212" address-precision="start-only"/>
	</pointer>
	<pointer id="p-1.67" type="cross-reference" from="s-2.215" to="" range="phone">
		<content xref="u-2.216"/>
		<address xref="u-2.217" address-precision="start-only"/>
	</pointer>
	<pointer id="p-1.68" type="cross-reference" from="s-2.222" to="" range="phone">
		<content xref="u-2.224"/>
		<address xref="u-2.225" address-precision="start-only"/>
	</pointer>
	<pointer id="p-1.69" type="cross-reference" from="s-2.230" to="" range="phone">
		<content xref="u-2.231"/>
		<address xref="u-2.232" address-precision="start-only"/>
	</pointer>
	<pointer id="p-1.70" type="cross-reference" from="s-2.237" to="" range="phone">
		<content xref="u-2.238"/>
		<address xref="u-2.239" address-precision="start-only"/>
	</pointer>
	<pointer id="p-1.71" type="cross-reference" from="s-2.243" to="" range="phone">
		<content xref="u-2.244"/>
		<address xref="u-2.245" address-precision="start-only"/>
	</pointer>
	<pointer id="p-1.72" type="cross-reference" from="s-2.248" to="" range="phone">
		<content xref="u-2.248"/>
		<address xref="u-2.250" address-precision="start-only"/>
	</pointer>
	<pointer id="p-1.73" type="cross-reference" from="s-2.254" to="" range="phone">
		<content xref="u-2.255"/>
		<address xref="u-2.256" address-precision="start-only"/>
	</pointer>
	<pointer id="p-1.74" type="cross-reference" from="s-2.258" to="" range="phone">
		<content xref="u-2.259"/>
		<address xref="u-2.260" address-precision="start-only"/>
	</pointer>
	<pointer id="p-1.75" type="cross-reference" from="s-2.263" to="" range="phone">
		<content xref="u-2.264"/>
		<address xref="u-2.265" address-precision="start-only"/>
	</pointer>
	<pointer id="p-1.76" type="cross-reference" from="s-2.268" to="" range="phone">
		<content xref="u-2.269"/>
		<address xref="u-2.270" address-precision="start-only"/>
	</pointer>
	
	<entry id="e-1.01" xref="s-1.99"/>
</gemNav>
