<?xml version="1.0" encoding="UTF-8"?>

<gemRst>
	<segmentation>
		<segment id="s-1.01" xref="u-1.01">City Tourist Office</segment>
		<mini-segment id="s-1.02" xref="u-1.02" alt="Coat of Arms"/>
		<segment id="s-1.03" xref="u-1.03">Pohj. Esplanaadik. 17 phone 14004 cables: citytourist</segment>
		<segment id="s-1.04" xref="u-1.05">A day at sea - a few suggestions</segment>
		<segment id="s-1.05" xref="u-1.09">Round Trips by Boat.</segment>
		<segment id="s-1.06" xref="u-1.10">In the summer months, i.e. from May to September, there are water-bus and motor-boat trips of various lenghts around Helsinki every day.</segment>
		<segment id="s-1.07" xref="u-1.11">Departures usually from the Market Square or North Shore (Pohjoisranta).</segment>
		<segment id="s-1.08" xref="u-1.12">On several of the tours it is possible to get off the boat at Suomenlinna or Korkeasaari.</segment>
		<segment id="s-1.09" xref="u-1.13">The Helsinki Water Taxi Associaton's taxi boat quay is on the North Shore, at the end of Aleksanterinkatu.</segment>
		<segment id="s-1.10" xref="u-1.14">Hire of Boats.</segment>
		<segment id="s-1.11" xref="u-1.15">It is also possible for tourists to hire motor boats and yachts.</segment>
		<segment id="s-1.12" xref="u-1.16">Helsinki's waters are rather rocky, so visitors are recommended to take a »boat guide» who knows the reefs and channels.</segment>
		<segment id="s-1.13" xref="u-1.17">Boats are hired out by the hour on weekdays, whenever vessels are available.</segment>
		<segment id="s-1.14" xref="u-1.18">On Saturdays and Sundays boats are only available for full-day hire.</segment>
		<segment id="s-1.15" xref="u-1.19">Marina, the boat harbour which handles hiring, is in Jollas, tel. 681 044.</segment>
		<segment id="s-1.16" xref="u-1.20">The City bus to Jollas Marina goes from the Station Square in Helsinki, stand 85.</segment>
		<segment id="s-1.17" xref="u-1.21">Fishing in Helsinki City Waters.</segment>
		<segment id="s-1.18" xref="u-1.22">The Helsinki City Sports and Outdoor Recreations Department, Toinen Linja 4 A, issues permits to both foreign and Finnish visitors for fishing in City waters.</segment>
		<segment id="s-1.19" xref="u-1.23">In addition to a City Fishing Permit, foreigners must also have a State Fishing Card: these are available from the various Helsinki police stations.</segment>
		<segment id="s-1.20" xref="u-1.24">Further information from the City Fishing Supervisor, tel. 716 011/3241, during office hours.</segment>
		<segment id="s-1.23" xref="u-1.27" alt="Graphic"/>
		<segment id="s-1.24" xref="u-1.30">Helsinki's Four Tourist Islands</segment>
		<segment id="s-1.25" xref="u-1.31" alt="Photograph"/>
		<segment id="s-1.26" xref="u-1.32" alt="Map"/>
		<segment id="s-2.01" xref="u-2.01">Seurasaari</segment>
		<segment id="s-2.02" xref="u-2.02" alt="Graphic"/>
		<segment id="s-2.03" xref="u-2.04">The island of Seurasaari is a national park and open-air museum a little to the west of the city centre, reached by a footbridge from Meilahti.</segment>
		<segment id="s-2.04" xref="u-2.05">Eight fully furnished farmhouses from different parts of Finland have been brought here and re-erected.</segment>
		<segment id="s-2.05" xref="u-2.06">Two of them are complete with outbuildings.</segment>
		<segment id="s-2.06" xref="u-2.07">The museum also contains a wooden church dating from the 17th century, where services are held on summer Sundays, and an 18th century manor house with antique furniture, both from South-West Finland.</segment>
		<segment id="s-2.07" xref="u-2.08">There is also a smoke sauna, a workshop, mills, barns of various kinds, church boats, swings and a village store.</segment>
		<segment id="s-2.08" xref="u-2.09">In the summer months there are outdoor performances of various kinds in the museum, including folk-dancing one or two evenings a week, and plays put on by the Student Theatre.</segment>
		<segment id="s-2.09" xref="u-2.10">Seurasaari also has beaches (including segregated nudist beaches) and a restaurant.</segment>
		<segment id="s-2.10" xref="u-2.11">City Bus No. 24 from Erottaja.</segment>
		<segment id="s-2.11" xref="u-2.12" alt="Photo"/>
		<segment id="s-2.12" xref="u-2.13">Pihlajasaari</segment>
		<segment id="s-2.13" xref="u-2.14" alt="Graphic"/>
		<segment id="s-2.14" xref="u-2.16">A couple of kilometers from the mainland at Merisatama, quite near the centre of the city, lie the Pihlajasaaret, Rowan Islands.</segment>
		<segment id="s-2.15" xref="u-2.17">These form a popular summer oasis with clear waters, wonderful sandy beaches and smooth rocks which are excellent for swimming and basking in the sun.</segment>
		<segment id="s-2.16" xref="u-2.18">The Pihlajasaari area covers about 23 hectares.</segment>
		<segment id="s-2.17" xref="u-2.19">It is owned and maintained by the City.</segment>
		<segment id="s-2.18" xref="u-2.20">The main western and the smaller eastern island are linked by a footbridge.</segment>
		<segment id="s-2.19" xref="u-2.21">The scenery on the island is rather varied.</segment>
		<segment id="s-2.20" xref="u-2.22">In addition to beaches, there are deciduous and coniferous woods and rocky outcrops, while the rocks in the south of the main island offer a vast seascape.</segment>
		<segment id="s-2.21" xref="u-2.23">The beach on the main island has a kiosk, a cafe, and bathing huts.</segment>
		<segment id="s-2.22" xref="u-2.24">The eastern Pihlajasaari is reserved as a camping area for Helsinki people, and cooking shelters have been built there.</segment>
		<segment id="s-2.23" xref="u-2.25">In summer-time motor boats ply between the mainland and Pihlajasaari at hourly intervals and oftener if necessary: they depart from a quay at Merisatama, at the end of Laivurinkatu.</segment>
		<segment id="s-2.24" xref="u-2.26">The boat trip takes 10-15 minutes.</segment>
		<segment id="s-2.25" xref="u-2.27">The telephone number of the warden of Pihlajasaari is 630 065.</segment>
		<segment id="s-2.26" xref="u-2.28" alt="Photo"/>
		<segment id="s-2.27" xref="u-2.29">Suomenlinna</segment>
		<segment id="s-2.28" xref="u-2.30" alt="Graphic"/>
		<segment id="s-2.29" xref="u-2.32">In 1748 work was started on the construction of the fortress of Sveaborg on six islands off Helsinki, with the intention that it should be the main Finnish defence base.</segment>
		<segment id="s-2.30" xref="u-2.33">The work was planned and directed by Marshal Augustin Ehrensvärd.</segment>
		<segment id="s-2.31" xref="u-2.34">In the war of 1808 the fortress capitulated to the Russians.</segment>
		<segment id="s-2.32" xref="u-2.35">An Anglo-French fleet bombarded the fortress during the Crimean war in 1855, since when it has often been called the Gibraltar of the North.</segment>
		<segment id="s-2.33" xref="u-2.36">In 1918, after Finland became independent, the island fortress was given its present Finnish name - Suomenlinna, Finland's Fortress.</segment>
		<segment id="s-2.34" xref="u-2.37">The main sections of the fortification, Susisaari (Wolf Island) and Kustaanmiekka (Gustav's Sword) are nowadays national monuments: with their forts and casemates, parks and walls, they form a historical entity which is unique in Finland.</segment>
		<segment id="s-2.35" xref="u-2.38">There is a beach on Suomenlinna.</segment>
		<segment id="s-2.36" xref="u-2.39">The Walhalla Restaurant is in the Delwig bastion near the King's Gate.</segment>
		<segment id="s-2.37" xref="u-2.40">Walhalla nad the Piper Café are only open during the summer.</segment>
		<segment id="s-2.38" xref="u-2.41">There is a ferry connection from the Market Square quay every hour.</segment>
		<segment id="s-2.39" xref="u-2.42">The sea trip to Suomenlinna takes about 15 minutes.</segment>
		<segment id="s-2.40" xref="u-2.43">Enquiries and guide reservations, tel. 668 293.</segment>
		<segment id="s-2.41" xref="u-2.44" alt="Photo"/>
		<segment id="s-2.42" xref="u-2.45">Korkeasaari</segment>
		<segment id="s-2.43" xref="u-2.46" alt="Graphic"/>
		<segment id="s-2.44" xref="u-2.48">Korkeasaari is a rocky island covering about 22 hectares, just over a kilometre from the North Harbour.</segment>
		<segment id="s-2.45" xref="u-2.49">Korkeasaari houses Helsinki City Zoo, one of the most northernly in the world.</segment>
		<segment id="s-2.46" xref="u-2.50">The old Helsinki Alcohol Company, whose profits were used to benefit the public, rented the island from the City in 1883.</segment>
		<segment id="s-2.47" xref="u-2.51">The company established a zoo on the island in 1889.</segment>
		<segment id="s-2.48" xref="u-2.52">The zoo passed into the possession of the City in 1919.</segment>
		<segment id="s-2.49" xref="u-2.53">There are now about a thousand animals in the zoo, notably seven different types of bear and seventeen members of the cat family.</segment>
		<segment id="s-2.50" xref="u-2.54">The zoo has a wide variety of ruminants, with pride of place given to the European bison and the Alpine goats.</segment>
		<segment id="s-2.51" xref="u-2.55">Korkeasaari has both a restaurant and a self-service café.</segment>
		<segment id="s-2.52" xref="u-2.56">There is a regular ferry connection to Korkeasaari from the North Harbour (end of Aleksanterinkatu) every hour, and if necessary more often, between May 1st and October 1st.</segment>
		<segment id="s-2.53" xref="u-2.57">The boat trip takes 7-8 minutes.</segment>
		<segment id="s-2.54" xref="u-2.58" alt="Photo"/>
	</segmentation>
	<rst-structure>
		<span id="span-1.01" nucleus="s-1.24" satellites="span-1.04" relation="elaboration"/>
		<multi-span id="span-1.02" nuclei="span-1.02-m s-1.03" relation="joint"/>
		<mini-span id="span-1.02-m" attribute="s-1.01" attribuend="s-1.02" relation="identification"/>
		<span id="span-1.04" nucleus="s-1.04" satellites="span-1.02" relation="enablement"/>
		<span id="span-1.05" nucleus="s-1.04" satellites="span-1.06" relation="motivation"/>
		<span id="span-1.06" nucleus="s-1.06" satellites="s-1.07" relation="enablement">
			<title xref="s-1.05"/>
		</span>
		<span id="span-1.07" nucleus="s-1.06" satellites="s-1.08" relation="elaboration"/>
		<span id="span-1.08" nucleus="s-1.06" satellites="s-1.09" relation="enablement"/>
		<span id="span-1.09" nucleus="s-1.04" satellites="span-1.11" relation="motivation"/>
		<span id="span-1.10" nucleus="s-1.11" satellites="s-1.12" relation="elaboration">
			<title xref="s-1.10"/>
		</span>
		<span id="span-1.11" nucleus="s-1.11" satellites="span-1.12" relation="enablement"/>
		<span id="span-1.12" nucleus="s-1.13" satellites="span-1.13" relation="elaboration"/>
		<span id="span-1.13" nucleus="s-1.14" satellites="span-1.14" relation="enablement"/>
		<span id="span-1.14" nucleus="s-1.15" satellites="s-1.16" relation="enablement"/>
		<span id="span-1.15" nucleus="s-1.04" satellites="span-1.16" relation="motivation"/>
		<span id="span-1.16" nucleus="s-1.18" satellites="s-1.19" relation="condition">
			<title xref="s-1.17"/>
		</span>
		<span id="span-1.17" nucleus="s-1.18" satellites="s-1.20" relation="elaboration"/>
		<multi-span id="span-1.18" nuclei="s-1.23 s-1.24" relation="joint"/>
		<multi-span id="span-1.19" nuclei="s-1.24 s-1.25" relation="restatement"/>
		<multi-span id="span-1.20" nuclei="s-1.24 s-1.26" relation="joint"/>
	</rst-structure>
	<rst-structure>
		<mini-span id="span-2.02" attribuend="s-2.01" attribute="s-2.02" relation="identification"/>
		<multi-span id="span-2.03" nuclei="s-2.01 s-2.11" relation="restatement"/>
		<span id="span-2.04" nucleus="s-2.03" satellites="span-2.05" relation="elaboration">
			<title xref="s-2.01"/>
		</span>
		<span id="span-2.05" nucleus="s-2.04" satellites="s-2.05" relation="elaboration"/>
		<span id="span-2.06" nucleus="s-2.03" satellites="span-2.07" relation="elaboration"/>
		<multi-span id="span-2.07" nuclei="s-2.06 s-2.07" relation="joint"/>
		<span id="span-2.08" nucleus="s-2.03" satellites="s-2.08" relation="elaboration"/>
		<span id="span-2.09" nucleus="s-2.03" satellites="s-2.09" relation="elaboration"/>
		<span id="span-2.10" nucleus="s-2.03" satellites="s-2.10" relation="enablement"/>

		<mini-span id="span-2.11" attribuend="s-2.12" attribute="s-2.13" relation="identification"/>
		<multi-span id="span-2.12" nuclei="s-2.12 s-2.26" relation="restatement"/>
		<span id="span-2.13" nucleus="s-2.14" satellites="span-2.14" relation="elaboration">
			<title xref="s-2.13"/>
		</span>
		<span id="span-2.14" nucleus="s-2.15" satellites="s-2.16" relation="elaboration"/>
		<span id="span-2.15" nucleus="s-2.15" satellites="s-2.17" relation="elaboration"/>
		<span id="span-2.16" nucleus="s-2.15" satellites="s-2.18" relation="elaboration"/>
		<span id="span-2.17" nucleus="s-2.14" satellites="span-2.18" relation="elaboration"/>
		<span id="span-2.18" nucleus="s-2.19" satellites="s-2.20" relation="evidence"/>
		<span id="span-2.19" nucleus="s-2.14" satellites="span-2.20" relation="elaboration"/>
		<multi-span id="span-2.20" nuclei="s-2.21 s-2.22" relation="joint"/>
		<span id="span-2.21" nucleus="s-2.14" satellites="span-2.22" relation="enablement"/>
		<span id="span-2.22" nucleus="s-2.23" satellites="s-2.24" relation="elaboration"/>
		<span id="span-2.23" nucleus="s-2.23" satellites="s-2.25" relation="enablement"/>

		<span id="span-2.24" nucleus="s-2.34" satellites="span-2.27" relation="background">
			<title xref="s-2.27"/>
		</span>
		<mini-span id="span-2.25" attribuend="s-2.27" attribute="s-2.28" relation="identification"/>
		<multi-span id="span-2.26" nuclei="s-2.27 s-2.41" relation="restatement"/>
		<multi-span id="span-2.27" nuclei="span-2.28 s-2.31 s-2.32 s-2.33" relation="sequence"/>
		<span id="span-2.28" nucleus="s-2.29" satellites="s-2.30" relation="elaboration"/>
		<span id="span-2.29" nucleus="s-2.34" satellites="s-2.35" relation="elaboration"/>
		<span id="span-2.30" nucleus="s-2.34" satellites="span-2.31" relation="elaboration"/>
		<span id="span-2.31" nucleus="s-2.36" satellites="s-2.37" relation="elaboration"/>
		<span id="span-2.32" nucleus="s-2.34" satellites="span-2.33" relation="enablement"/>
		<span id="span-2.33" nucleus="s-2.38" satellites="s-2.39" relation="elaboration"/>
		<span id="span-2.34" nucleus="s-2.34" satellites="s-2.40" relation="enablement"/>

		<mini-span id="span-2.35" attribuend="s-2.42" attribute="s-2.43" relation="identification"/>
		<multi-span id="span-2.36" nuclei="s-2.42 s-2.54" relation="restatement"/>
		<span id="span-2.37" nucleus="s-2.44" satellites="span-2.38" relation="elaboration">
			<title xref="s-2.42"/>
		</span>
		<span id="span-2.38" nucleus="s-2.45" satellites="span-2.40" relation="elaboration"/>
		<span id="span-2.39" nucleus="s-2.47" satellites="s-2.46" relation="background"/>
		<multi-span id="span-2.40" nuclei="s-2.47 s-2.48" relation="sequence"/>
		<span id="span-2.41" nucleus="s-2.44" satellites="span-2.42" relation="elaboration"/>
		<multi-span id="span-2.42" nuclei="s-2.49 s-2.50" relation="joint"/>
		<span id="span-2.43" nucleus="s-2.44" satellites="s-2.51" relation="elaboration"/>
		<span id="span-2.44" nucleus="s-2.44" satellites="span-2.45" relation="enablement"/>
		<span id="span-2.45" nucleus="s-2.52" satellites="s-2.53" relation="elaboration"/>
	</rst-structure>
</gemRst>
