<?xml version="1.0" encoding="UTF-8"?>

<gemRst>
	<segmentation>
		<segment id="s-1.01" xref="u-1.01">CITY BOTANICAL GARDEN</segment>
		<segment id="s-1.02" xref="u-1.02">Eläintarha Park</segment>
		<segment id="s-1.03" xref="u-1.03">tel. 44 80 05</segment>
		<segment id="s-1.04" xref="u-1.04"/>
		<segment id="s-1.05" xref="u-1.05"/>
		<segment id="s-1.06" xref="u-1.06">admission free</segment>
		<segment id="s-1.07" xref="u-1.07">MARKET SQUARE</segment>
		<segment id="s-1.08" xref="u-1.08">Market open on weekdays 8 a.m.-1 p.m.</segment>
		<segment id="s-1.09" xref="u-1.09">KORKEASAARI ZOOLOGICAL GARDEN</segment>
		<segment id="s-1.10" xref="u-1.10">Korkeasaari Island</segment>
		<segment id="s-1.11" xref="u-1.11">tel. 66 99 72 (ferry)</segment>
		<segment id="s-1.12" xref="u-1.12">In summer ferry connection from North Harbour (at the end of Aleksanterinkatu (Alexander Street)</segment>
		<segment id="s-1.13" xref="u-1.13">1. 5.-31. 5</segment>
		<segment id="s-1.14" xref="u-1.14"/>
		<segment id="s-1.15" xref="u-1.15"/>
		<segment id="s-1.16" xref="u-1.16">1. 6.-31.8</segment>
		<segment id="s-1.17" xref="u-1.17"/>
		<segment id="s-1.18" xref="u-1.18"/>
		<segment id="s-1.19" xref="u-1.19">1. 8.-31. 8</segment>
		<segment id="s-1.20" xref="u-1.20"/>
		<segment id="s-1.21" xref="u-1.21"/>
		<segment id="s-1.22" xref="u-1.22">1. 9.-15. 9</segment>
		<segment id="s-1.23" xref="u-1.23"/>
		<segment id="s-1.24" xref="u-1.24"/>
		<segment id="s-1.25" xref="u-1.25">16. 9.-30. 9</segment>
		<segment id="s-1.26" xref="u-1.26"/>
		<segment id="s-1.27" xref="u-1.27"/>
		<segment id="s-1.28" xref="u-1.28"/>
		<segment id="s-1.29" xref="u-1.29"/>
		<segment id="s-1.30" xref="u-1.30">The ticket covers the return ferry trip.</segment>
		<segment id="s-1.31" xref="u-1.31">No admission fee to the Zoo area.</segment>
		<segment id="s-1.32" xref="u-1.32">LINNANMÄKI FUN FAIR and Peacock Variety</segment>
		<segment id="s-1.33" xref="u-1.33">Helsinginkatu</segment>
		<segment id="s-1.34" xref="u-1.34">tel. 70 391</segment>
		<segment id="s-1.35" xref="u-1.35">29. 4.-13. 5.</segment>
		<segment id="s-1.36" xref="u-1.36"/>
		<segment id="s-1.37" xref="u-1.37"/>
		<segment id="s-1.38" xref="u-1.38"/>
		<segment id="s-1.39" xref="u-1.39">Mondays closed</segment>
		<segment id="s-1.40" xref="u-1.40">Admission to fair grounds:</segment>
		<segment id="s-1.41" xref="u-1.41"/>
		<segment id="s-1.42" xref="u-1.42"/>
		<segment id="s-1.43" xref="u-1.43"/>
		<segment id="s-1.44" xref="u-1.44">PIHLAJASAARI PARK</segment>
		<segment id="s-1.45" xref="u-1.45">Motor boat connection from the end of Laivurinkatu</segment>
		<segment id="s-1.46" xref="u-1.46"/>
		<segment id="s-1.47" xref="u-1.47"/>
		<segment id="s-1.48" xref="u-1.48">PRESIDENT'S PALACE</segment>
		<segment id="s-1.49" xref="u-1.49">Market Square</segment>
		<segment id="s-1.50" xref="u-1.50">tel. 63 23 84 (porter)</segment>
		<segment id="s-1.51" xref="u-1.51">by appointment, contact the porter</segment>
		<segment id="s-1.52" xref="u-1.52"/>
		<segment id="s-1.53" xref="u-1.53"/>
		<segment id="s-1.54" xref="u-1.54">MAIN FIRE STATION TOWER</segment>
		<segment id="s-1.55" xref="u-1.55">Korkeavuorenkatu 26</segment>
		<segment id="s-1.56" xref="u-1.56">tel. 64 151</segment>
		<segment id="s-1.57" xref="u-1.57">For groups by arrangement</segment>
		<segment id="s-1.58" xref="u-1.58">STADIUM TOWER</segment>
		<segment id="s-1.59" xref="u-1.59">Stadium, Eläintarha</segment>
		<segment id="s-1.60" xref="u-1.60">tel. 44 03 63</segment>
		<segment id="s-1.61" xref="u-1.61"/>
		<segment id="s-1.62" xref="u-1.62"/>
		<segment id="s-1.63" xref="u-1.63"/>
		<segment id="s-1.64" xref="u-1.64">CATHEDRAL</segment>
		<segment id="s-1.65" xref="u-1.65">Senate Square</segment>
		<segment id="s-1.66" xref="u-1.66"/>
		<segment id="s-1.67" xref="u-1.67">"URSA" ASTRONOMICAL SOCIETY OBSERVATORY</segment>
		<segment id="s-1.68" xref="u-1.68">Kaivopuisto</segment>
		<segment id="s-1.69" xref="u-1.69">Enquiries tel. 43 36 80 or 10 761/244</segment>
		<segment id="s-1.70" xref="u-1.70">15. 9.-30. 4</segment>
		<segment id="s-1.71" xref="u-1.71">every bright night from 7 p.m. until 10 p.m.</segment>
		<segment id="s-1.72" xref="u-1.72"/>
		<segment id="s-1.73" xref="u-1.73"/>
		<segment id="s-1.74" xref="u-1.74">USPENSKI CATHEDRAL</segment>
		<segment id="s-1.75" xref="u-1.75">Katajanokka</segment>
		<segment id="s-1.76" xref="u-1.76"/>
		<segment id="s-1.77" xref="u-1.77">15. 5 -15. 9.</segment>
		<segment id="s-1.78" xref="u-1.78">UNIVERSITY BOTANICAL GARDEN</segment>
		<segment id="s-1.79" xref="u-1.79">Unioninkatu 44</segment>
		<segment id="s-1.80" xref="u-1.80">tel. 63 11 50</segment>
		<segment id="s-1.81" xref="u-1.81">The main garden:</segment>
		<segment id="s-1.82" xref="u-1.82"/>
		<segment id="s-1.83" xref="u-1.83">The greenhouses:</segment>
		<segment id="s-1.84" xref="u-1.84">1. 10.-30. 4</segment>
		<segment id="s-1.85" xref="u-1.85"/>
		<segment id="s-1.86" xref="u-1.86">1. 5.-30. 9</segment>
		<segment id="s-1.87" xref="u-1.87"/>
		<segment id="s-1.88" xref="u-1.88">For groups:</segment>
		<segment id="s-1.89" xref="u-1.89"/>
		<segment id="s-1.90" xref="u-1.90"/>
		<segment id="s-1.91" xref="u-1.91"/>
		<segment id="s-1.92" xref="u-1.92">admission free</segment>
		<segment id="s-1.93" xref="u-1.93"/>
		<segment id="s-1.94" xref="u-1.94"/>
		<segment id="s-1.95" xref="u-1.95"/>
		<segment id="s-1.96" xref="u-1.96">UNIVERSITY ASTRONOMICAL OBSERVATORY</segment>
		<segment id="s-1.97" xref="u-1.97">Observatory Hill</segment>
		<segment id="s-1.98" xref="u-1.98">tel. 63 84 95</segment>
		<segment id="s-1.99" xref="u-1.99">1. 9.-30. 4</segment>
		<segment id="s-1.100" xref="u-1.100">admission free</segment>
		<segment id="s-1.101" xref="u-1.101">OLD TOWN (Vanha kaupunki)</segment>
		<segment id="s-1.102" xref="u-1.102">Connection with tram Nr 6</segment>
		<segment id="s-1.103" xref="u-1.103">Museums, art galleries etc. are normally closed on all religious holidays (Christmas, Easter, Whitsuntide etc.) i.e. on the first day of the holiday and on the eve of a holiday, also on Maundy Thursday evening and Good Friday, besides 1st May and 6th December (Independence Day).</segment>
		<segment id="s-1.104" xref="u-1.105">CITY TOURIST OFFICE</segment>
		<segment id="s-1.105" xref="u-1.106">Pohj. Esplanadikatu 17</segment>
		<segment id="s-1.106" xref="u-1.107">Helsinki (tel. 14 004)</segment>
		<segment id="s-1.107" xref="u-1.108">Nr 7 Summer 1967</segment>
		<segment id="s-1.108" xref="u-1.109">Museums and exhibitions in Helsinki</segment>
		<segment id="s-1.109" xref="u-1.110">The numbers within brackets refer to the maps in the brochure "Museums and Exhibitions in Helsinki".</segment>
		<segment id="s-1.110" xref="u-1.111">MUSEUMS</segment>
		<segment id="s-1.111" xref="u-1.112">AMOS ANDERSON ART COLLECTION</segment>
		<segment id="s-1.112" xref="u-1.113">Yrjönkatu 27</segment>
		<segment id="s-1.113" xref="u-1.114">tel. 63 59 05</segment>
		<segment id="s-1.114" xref="u-1.115">(1)</segment>
		<segment id="s-1.115" xref="u-1.116"/>
		<segment id="s-1.116" xref="u-1.117">Mondays closed</segment>
		<segment id="s-1.117" xref="u-1.118"/>
		<segment id="s-1.118" xref="u-1.119"/>
		<segment id="s-1.119" xref="u-1.120"/>
		<segment id="s-1.120" xref="u-1.121">ATENEUM ART GALLERY</segment>
		<segment id="s-1.121" xref="u-1.122">Railway Square</segment>
		<segment id="s-1.122" xref="u-1.123">tel. 62 54 42</segment>
		<segment id="s-1.123" xref="u-1.124">(2)</segment>
		<segment id="s-1.124" xref="u-1.125"/>
		<segment id="s-1.125" xref="u-1.126"/>
		<segment id="s-1.126" xref="u-1.127"/>
		<segment id="s-1.127" xref="u-1.128">Mondays closed</segment>
		<segment id="s-1.128" xref="u-1.129"/>
		<segment id="s-1.129" xref="u-1.130"/>
		<segment id="s-1.130" xref="u-1.131"/>
		<segment id="s-1.131" xref="u-1.132"/>
		<segment id="s-1.132" xref="u-1.133">Free admission on Saturdays</segment>
		<segment id="s-1.133" xref="u-1.134">CYGNAEUS ART COLLECTION</segment>
		<segment id="s-1.134" xref="u-1.135">Kalliolinnantie 17</segment>
		<segment id="s-1.135" xref="u-1.136">tel. 65 69 28</segment>
		<segment id="s-1.136" xref="u-1.137">(3)</segment>
		<segment id="s-1.137" xref="u-1.138"/>
		<segment id="s-1.138" xref="u-1.139">except Mondays and Tuesdays</segment>
		<segment id="s-1.139" xref="u-1.140"/>
		<segment id="s-1.140" xref="u-1.141"/>
		<segment id="s-1.141" xref="u-1.142"/>
		<segment id="s-1.142" xref="u-1.143"/>
		<segment id="s-1.143" xref="u-1.144"/>
		<segment id="s-1.144" xref="u-1.145">DIDRICHSEN ART GALLERY</segment>
		<segment id="s-1.145" xref="u-1.146">Kuusisaari</segment>
		<segment id="s-1.146" xref="u-1.147">Kuusisaarentie 19</segment>
		<segment id="s-1.147" xref="u-1.148">Kuusilahdenkuja 3</segment>
		<segment id="s-1.148" xref="u-1.149">tel. 48 01 11</segment>
		<segment id="s-1.149" xref="u-1.150">(35)</segment>
		<segment id="s-1.150" xref="u-1.151"/>
		<segment id="s-1.151" xref="u-1.152"/>
		<segment id="s-1.152" xref="u-1.153"/>
		<segment id="s-1.153" xref="u-1.154">GALLEN-KALLELA MUSEUM</segment>
		<segment id="s-1.154" xref="u-1.155">Leppävaara, Tarvaspää</segment>
		<segment id="s-1.155" xref="u-1.156">tel. 40 54 76</segment>
		<segment id="s-1.156" xref="u-1.157">Bus to Leppävaara via Tarvaspää (platform 31 B at bus station) or tram number 4 to Munkkiniemi.</segment>
		<segment id="s-1.157" xref="u-1.158">A walk of 500 or  1500 m respectively to musem.</segment>
		<segment id="s-1.158" xref="u-1.159">(4)</segment>
		<segment id="s-1.159" xref="u-1.160"/>
		<segment id="s-1.160" xref="u-1.161"/>
		<segment id="s-1.161" xref="u-1.162"/>
		<segment id="s-1.162" xref="u-1.163">also Mondays closed</segment>
		<segment id="s-1.163" xref="u-1.164"/>
		<segment id="s-1.164" xref="u-1.165"/>
		<segment id="s-1.165" xref="u-1.166">Free admission on Saturdays</segment>
		<segment id="s-1.166" xref="u-1.167"/>
		<segment id="s-1.167" xref="u-1.168">MINERALOGICAL MUSEUM OF GEOLOGICAL SURVEY OF FINLAND</segment>
		<segment id="s-1.168" xref="u-1.169">Otaniemi</segment>
		<segment id="s-1.169" xref="u-1.170">tel. 40 10 13</segment>
		<segment id="s-1.170" xref="u-1.171">(5)</segment>
		<segment id="s-1.171" xref="u-1.172"/>
		<segment id="s-1.172" xref="u-1.173">weekdays by appointment</segment>
		<segment id="s-1.173" xref="u-1.174">admission free</segment>
		<segment id="s-1.174" xref="u-1.175">HELSINKI CITY MUSEUM VILLA HAKASALMI</segment>
		<segment id="s-1.175" xref="u-1.176">Mannerheimintie</segment>
		<segment id="s-1.176" xref="u-1.177">(Mannerheim Road)</segment>
		<segment id="s-1.177" xref="u-1.178">opposite National Museum</segment>
		<segment id="s-1.178" xref="u-1.179">tel. 44 43 53</segment>
		<segment id="s-1.179" xref="u-1.180">(6)</segment>
		<segment id="s-1.180" xref="u-1.181"/>
		<segment id="s-1.181" xref="u-1.182"/>
		<segment id="s-1.182" xref="u-1.183">Saturdays closed</segment>
		<segment id="s-1.183" xref="u-1.184"/>
		<segment id="s-1.184" xref="u-1.185"/>
		<segment id="s-1.185" xref="u-1.186"/>
		<segment id="s-1.186" xref="u-1.187">Thursday nights free</segment>
		<segment id="s-2.01" xref="u-2.01">TUOMARINKYLÄ MANOR</segment>
		<segment id="s-2.02" xref="u-2.02">Tuomarinkylä</segment>
		<segment id="s-2.03" xref="u-2.03">tel. 72 74 58</segment>
		<segment id="s-2.04" xref="u-2.04">Bus 64 from Railway Square.</segment>
		<segment id="s-2.05" xref="u-2.05">From terminus a walk of 700 m to museum</segment>
		<segment id="s-2.06" xref="u-2.06">(7) </segment>
		<segment id="s-2.07" xref="u-2.07">as above</segment>
		<segment id="s-2.08" xref="u-2.08">as above</segment>
		<segment id="s-2.09" xref="u-2.09">NATIONAL MUSEUM</segment>
		<segment id="s-2.10" xref="u-2.10">Mannerheimintie 34</segment>
		<segment id="s-2.11" xref="u-2.11">(Mannerheim Road)</segment>
		<segment id="s-2.12" xref="u-2.12">tel. 44 48 01</segment>
		<segment id="s-2.13" xref="u-2.13">(8)</segment>
		<segment id="s-2.14" xref="u-2.14"/>
		<segment id="s-2.15" xref="u-2.15"/>
		<segment id="s-2.16" xref="u-2.16"/>
		<segment id="s-2.17" xref="u-2.17">Mondays closed</segment>
		<segment id="s-2.18" xref="u-2.18"/>
		<segment id="s-2.19" xref="u-2.19"/>
		<segment id="s-2.20" xref="u-2.20">Free admission on Saturdays</segment>
		<segment id="s-2.21" xref="u-2.21">WATCHMAKERS' MUSEUM</segment>
		<segment id="s-2.22" xref="u-2.22">Tapiola, Opintie 2</segment>
		<segment id="s-2.23" xref="u-2.23">tel. 46 27 74</segment>
		<segment id="s-2.24" xref="u-2.24">(9)</segment>
		<segment id="s-2.25" xref="u-2.25">by appointment</segment>
		<segment id="s-2.26" xref="u-2.26">admission free</segment>
		<segment id="s-2.27" xref="u-2.27">MISSION MUSEUM</segment>
		<segment id="s-2.28" xref="u-2.28">Tähtitorninkatu 16</segment>
		<segment id="s-2.29" xref="u-2.29">tel. 13 305</segment>
		<segment id="s-2.30" xref="u-2.30">(10)</segment>
		<segment id="s-2.31" xref="u-2.31"/>
		<segment id="s-2.32" xref="u-2.32">other times by appointment</segment>
		<segment id="s-2.33" xref="u-2.33"/>
		<segment id="s-2.34" xref="u-2.34"/>
		<segment id="s-2.35" xref="u-2.35"/>
		<segment id="s-2.36" xref="u-2.36">AGRICULTURAL MUSEUM</segment>
		<segment id="s-2.37" xref="u-2.37">Viik Estate</segment>
		<segment id="s-2.38" xref="u-2.38">tel. 44 03 71/Mr. Krooks</segment>
		<segment id="s-2.39" xref="u-2.39">Buses from Railway Square</segment>
		<segment id="s-2.40" xref="u-2.40">(11)</segment>
		<segment id="s-2.41" xref="u-2.41"/>
		<segment id="s-2.42" xref="u-2.42">Other times by appointment</segment>
		<segment id="s-2.43" xref="u-2.43">admission free</segment>
		<segment id="s-2.44" xref="u-2.44"/>
		<segment id="s-2.45" xref="u-2.45">MANNERHEIM MUSEUM</segment>
		<segment id="s-2.46" xref="u-2.46">Kalliolinnantie 22</segment>
		<segment id="s-2.47" xref="u-2.47">tel. 63 54 43</segment>
		<segment id="s-2.48" xref="u-2.48">(12)</segment>
		<segment id="s-2.49" xref="u-2.49"/>
		<segment id="s-2.50" xref="u-2.50"/>
		<segment id="s-2.51" xref="u-2.51">Mondays closed</segment>
		<segment id="s-2.52" xref="u-2.52"/>
		<segment id="s-2.53" xref="u-2.53"/>
		<segment id="s-2.54" xref="u-2.54"/>
		<segment id="s-2.55" xref="u-2.55"/>
		<segment id="s-2.56" xref="u-2.56">BANK MUSEUMS</segment>
		<segment id="s-2.57" xref="u-2.57">Main office of Kansallis-Osake-Pankki</segment>
		<segment id="s-2.58" xref="u-2.58">Aleksanterinkatu 42</segment>
		<segment id="s-2.59" xref="u-2.59">(Alexander street)</segment>
		<segment id="s-2.60" xref="u-2.60">tel. 10 031</segment>
		<segment id="s-2.61" xref="u-2.61">Ask for the porter</segment>
		<segment id="s-2.62" xref="u-2.62">Main office of Pohjoismaiden Yhdyspankki</segment>
		<segment id="s-2.63" xref="u-2.63">Aleksanterinkatu 30</segment>
		<segment id="s-2.64" xref="u-2.64">(Alexander street)</segment>
		<segment id="s-2.65" xref="u-2.65">tel. 12 221</segment>
		<segment id="s-2.66" xref="u-2.66">13a</segment>
		<segment id="s-2.67" xref="u-2.67">13b</segment>
		<segment id="s-2.68" xref="u-2.68">Main office of Osuuskassa</segment>
		<segment id="s-2.69" xref="u-2.69">Arkadiankatu 23</segment>
		<segment id="s-2.70" xref="u-2.70">tel. 44 00 41</segment>
		<segment id="s-2.71" xref="u-2.71"/>
		<segment id="s-2.72" xref="u-2.72">also by appointment</segment>
		<segment id="s-2.73" xref="u-2.73"/>
		<segment id="s-2.74" xref="u-2.74">other times by appointment</segment>
		<segment id="s-2.75" xref="u-2.75">During bank-hours</segment>
		<segment id="s-2.76" xref="u-2.76">admission free</segment>
		<segment id="s-2.77" xref="u-2.77">admission free</segment>
		<segment id="s-2.78" xref="u-2.78">admission free</segment>
		<segment id="s-2.79" xref="u-2.79">POST AND TELEGRAPH MUSEUM</segment>
		<segment id="s-2.80" xref="u-2.80">Tehtaankatu 21 B</segment>
		<segment id="s-2.81" xref="u-2.81">tel. 659 311/70</segment>
		<segment id="s-2.82" xref="u-2.82">(14)</segment>
		<segment id="s-2.83" xref="u-2.83"/>
		<segment id="s-2.84" xref="u-2.84"/>
		<segment id="s-2.85" xref="u-2.85">other times by appointment</segment>
		<segment id="s-2.86" xref="u-2.86"/>
		<segment id="s-2.87" xref="u-2.87"/>
		<segment id="s-2.88" xref="u-2.88">groups of more than 20 persons half price</segment>
		<segment id="s-2.89" xref="u-2.89">RAILWAY MUSEUM</segment>
		<segment id="s-2.90" xref="u-2.90">Railway Station</segment>
		<segment id="s-2.91" xref="u-2.91">tel. 717 711/2816</segment>
		<segment id="s-2.92" xref="u-2.92">(15)</segment>
		<segment id="s-2.93" xref="u-2.93"/>
		<segment id="s-2.94" xref="u-2.94">Saturdays closed</segment>
		<segment id="s-2.95" xref="u-2.95"/>
		<segment id="s-2.96" xref="u-2.96"/>
		<segment id="s-2.97" xref="u-2.97">admission free for groups of more than 10 persons with leader</segment>
		<segment id="s-2.98" xref="u-2.98">SEURASAARI OPEN-AIR MUSEUM</segment>
		<segment id="s-2.99" xref="u-2.99">Seurasaari</segment>
		<segment id="s-2.100" xref="u-2.100">tel. 48 11 50</segment>
		<segment id="s-2.101" xref="u-2.101">Buss no 24 from the Erottaja Square</segment>
		<segment id="s-2.102" xref="u-2.102">(16)</segment>
		<segment id="s-2.103" xref="u-2.103">From 20.5.</segment>
		<segment id="s-2.104" xref="u-2.104"/>
		<segment id="s-2.105" xref="u-2.105"/>
		<segment id="s-2.106" xref="u-2.106">Admission to all farmer houses:</segment>
		<segment id="s-2.107" xref="u-2.107"/>
		<segment id="s-2.108" xref="u-2.108"/>
		<segment id="s-2.109" xref="u-2.109"/>
		<segment id="s-2.110" xref="u-2.110"/>
		<segment id="s-2.111" xref="u-2.111">MILITARY MUSEUM</segment>
		<segment id="s-2.112" xref="u-2.112">Maurinkatu 1</segment>
		<segment id="s-2.113" xref="u-2.113">tel. 12 681</segment>
		<segment id="s-2.114" xref="u-2.114">(17)</segment>
		<segment id="s-2.115" xref="u-2.115"/>
		<segment id="s-2.116" xref="u-2.116"/>
		<segment id="s-2.117" xref="u-2.117">Groups by appointment</segment>
		<segment id="s-2.118" xref="u-2.118"/>
		<segment id="s-2.119" xref="u-2.119"/>
		<segment id="s-2.120" xref="u-2.120">HISTORIC FORTRESS OF SUOMENLINNA</segment>
		<segment id="s-2.121" xref="u-2.121">Suomenlinna</segment>
		<segment id="s-2.122" xref="u-2.122">Ferry from South Harbour every hour from 7.30 to 21.30.</segment>
		<segment id="s-2.123" xref="u-2.123">Enquiries by tel. 12 581/372</segment>
		<segment id="s-2.124" xref="u-2.124">(18, 19)</segment>
		<segment id="s-2.125" xref="u-2.125">Round trip ferry ticket:</segment>
		<segment id="s-2.126" xref="u-2.126"/>
		<segment id="s-2.127" xref="u-2.127"/>
		<segment id="s-2.128" xref="u-2.128">COAST DEFENCE SECTION OF THE MILITARY MUSEUM</segment>
		<segment id="s-2.129" xref="u-2.129">Suomenlinna</segment>
		<segment id="s-2.130" xref="u-2.130">tel. 12 581/316</segment>
		<segment id="s-2.131" xref="u-2.131">(18)</segment>
		<segment id="s-2.132" xref="u-2.132">1. 5.-30. 9</segment>
		<segment id="s-2.133" xref="u-2.133"/>
		<segment id="s-2.134" xref="u-2.134">except Mondays</segment>
		<segment id="s-2.135" xref="u-2.135">Groups by appointment</segment>
		<segment id="s-2.136" xref="u-2.136"/>
		<segment id="s-2.137" xref="u-2.137"/>
		<segment id="s-2.138" xref="u-2.138">EHRENSVÄRD-MUSEUM</segment>
		<segment id="s-2.139" xref="u-2.139">ARMFELT-MUSEUM</segment>
		<segment id="s-2.140" xref="u-2.140">Suomenlinna</segment>
		<segment id="s-2.141" xref="u-2.141">tel. 66 82 94</segment>
		<segment id="s-2.142" xref="u-2.142">(19)</segment>
		<segment id="s-2.143" xref="u-2.143"/>
		<segment id="s-2.144" xref="u-2.144">Mondays closed</segment>
		<segment id="s-2.145" xref="u-2.145">Groups by appointment</segment>
		<segment id="s-2.146" xref="u-2.146"/>
		<segment id="s-2.147" xref="u-2.147"/>
		<segment id="s-2.148" xref="u-2.148">SINEBRYCHOFF ART COLLECTION</segment>
		<segment id="s-2.149" xref="u-2.149">Bulevardi 40</segment>
		<segment id="s-2.150" xref="u-2.150">tel. 64 05 90, 66 66 93</segment>
		<segment id="s-2.151" xref="u-2.151">(20)</segment>
		<segment id="s-2.152" xref="u-2.152">Wednesdays)</segment>
		<segment id="s-2.153" xref="u-2.153"/>
		<segment id="s-2.154" xref="u-2.154">Sundays)</segment>
		<segment id="s-2.155" xref="u-2.155"/>
		<segment id="s-2.156" xref="u-2.156"/>
		<segment id="s-2.157" xref="u-2.157"/>
		<segment id="s-2.158" xref="u-2.158"/>
		<segment id="s-2.159" xref="u-2.159"/>
		<segment id="s-2.160" xref="u-2.160">SPORTS MUSEUM OF FINLAND</segment>
		<segment id="s-2.161" xref="u-2.161">Olympic Stadium</segment>
		<segment id="s-2.162" xref="u-2.162">tel. 49 11 49</segment>
		<segment id="s-2.163" xref="u-2.163">(21)</segment>
		<segment id="s-2.164" xref="u-2.164"/>
		<segment id="s-2.165" xref="u-2.165">Saturdays closed</segment>
		<segment id="s-2.166" xref="u-2.166"/>
		<segment id="s-2.167" xref="u-2.167"/>
		<segment id="s-2.168" xref="u-2.168">MUSEUM OF FINNISH ARCHITECTURE</segment>
		<segment id="s-2.169" xref="u-2.169">Puistokatu 4</segment>
		<segment id="s-2.170" xref="u-2.170">tel. 65 50 17</segment>
		<segment id="s-2.171" xref="u-2.171">(22)</segment>
		<segment id="s-2.172" xref="u-2.172"/>
		<segment id="s-2.173" xref="u-2.173"/>
		<segment id="s-2.174" xref="u-2.174">Sundays closed</segment>
		<segment id="s-2.175" xref="u-2.175">admission free</segment>
		<segment id="s-2.176" xref="u-2.176">THEATRICAL MUSEUM</segment>
		<segment id="s-2.177" xref="u-2.177">Aleksanterinkatu 12</segment>
		<segment id="s-2.178" xref="u-2.178">(Alexander Street)</segment>
		<segment id="s-2.179" xref="u-2.179">tel. 63 67 50</segment>
		<segment id="s-2.180" xref="u-2.180">(23)</segment>
		<segment id="s-2.181" xref="u-2.181"/>
		<segment id="s-2.182" xref="u-2.182"/>
		<segment id="s-2.183" xref="u-2.183">other times by appointment</segment>
		<segment id="s-2.184" xref="u-2.184"/>
		<segment id="s-2.185" xref="u-2.185">admission free for groups</segment>
		<segment id="s-2.186" xref="u-2.186">CUSTOMS MUSEUM</segment>
		<segment id="s-2.187" xref="u-2.187">Unioninkatu 5, 1st Floor</segment>
		<segment id="s-2.188" xref="u-2.188">tel. 61 411/354</segment>
		<segment id="s-2.189" xref="u-2.189">(24)</segment>
		<segment id="s-2.190" xref="u-2.190">by appointment</segment>
		<segment id="s-2.191" xref="u-2.191">admission free</segment>
		<segment id="s-2.192" xref="u-2.192">UNIVERSITY ZOOLOGICAL MUSEUM</segment>
		<segment id="s-2.193" xref="u-2.193">Pohj.Rautatienkatu 13</segment>
		<segment id="s-2.194" xref="u-2.194">tel. 44 24 51</segment>
		<segment id="s-2.195" xref="u-2.195">(25)</segment>
		<segment id="s-2.196" xref="u-2.196">Groups by appointment</segment>
		<segment id="s-2.197" xref="u-2.197"/>
		<segment id="s-2.198" xref="u-2.198"/>
		<segment id="s-2.199" xref="u-2.199"/>
		<segment id="s-2.200" xref="u-2.200">EXHIBITIONS</segment>
		<segment id="s-2.201" xref="u-2.201">EXHIBITION OF SAFETY AND SOCIAL WELFARE</segment>
		<segment id="s-2.202" xref="u-2.202">Et.Esplanadikatu 4</segment>
		<segment id="s-2.203" xref="u-2.203">tel. 62 83 58</segment>
		<segment id="s-2.204" xref="u-2.204">(26)</segment>
		<segment id="s-2.205" xref="u-2.205"/>
		<segment id="s-2.206" xref="u-2.206"/>
		<segment id="s-2.207" xref="u-2.207"/>
		<segment id="s-2.208" xref="u-2.208">admission free</segment>
		<segment id="s-2.209" xref="u-2.209">PERMANENT BUILDING MATERIAL EXHIBITION</segment>
		<segment id="s-2.210" xref="u-2.210">Eerikinkatu 11</segment>
		<segment id="s-2.211" xref="u-2.211">tel. 64 66 06</segment>
		<segment id="s-2.212" xref="u-2.212">(27)</segment>
		<segment id="s-2.213" xref="u-2.213"/>
		<segment id="s-2.214" xref="u-2.214"/>
		<segment id="s-2.215" xref="u-2.215">Sundays closed</segment>
		<segment id="s-2.216" xref="u-2.216">admission free</segment>
		<segment id="s-2.217" xref="u-2.217">FINNISH DESIGN CENTER</segment>
		<segment id="s-2.218" xref="u-2.218">Permanent exhibition of Finnish design</segment>
		<segment id="s-2.219" xref="u-2.219">Kasarmikatu 19</segment>
		<segment id="s-2.220" xref="u-2.220">tel. 62 63 88</segment>
		<segment id="s-2.221" xref="u-2.221">(28)</segment>
		<segment id="s-2.222" xref="u-2.222"/>
		<segment id="s-2.223" xref="u-2.223"/>
		<segment id="s-2.224" xref="u-2.224"/>
		<segment id="s-2.225" xref="u-2.225">admission free</segment>
		<segment id="s-2.226" xref="u-2.226">EXHIBITION OF ARABIA ART CERAMICS AND HOUSEHOLD WARE AND NUUTAJÄRVI GLASS</segment>
		<segment id="s-2.227" xref="u-2.227">Pohj.Esplanadikatu 25</segment>
		<segment id="s-2.228" xref="u-2.228">tel. 62 32 53</segment>
		<segment id="s-2.229" xref="u-2.229">(29)</segment>
		<segment id="s-2.230" xref="u-2.230"/>
		<segment id="s-2.231" xref="u-2.231"/>
		<segment id="s-2.232" xref="u-2.232">admission free</segment>
		<segment id="s-2.233" xref="u-2.233">ART GALLERIES</segment>
		<segment id="s-2.234" xref="u-2.234">GALERIE ARTEK</segment>
		<segment id="s-2.235" xref="u-2.235">P.Esplanadikatu 27</segment>
		<segment id="s-2.236" xref="u-2.236">tel. 66 99 89</segment>
		<segment id="s-2.237" xref="u-2.237">(30)</segment>
		<segment id="s-2.238" xref="u-2.238">closed in summer</segment>
		<segment id="s-2.239" xref="u-2.239">admission free</segment>
		<segment id="s-2.240" xref="u-2.240">GALERIE HÖRHAMMER</segment>
		<segment id="s-2.241" xref="u-2.241">Art exhibition</segment>
		<segment id="s-2.242" xref="u-2.242">Yrjönkatu 11</segment>
		<segment id="s-2.243" xref="u-2.243">tel. 62 80 71</segment>
		<segment id="s-2.244" xref="u-2.244">(31)</segment>
		<segment id="s-2.245" xref="u-2.245"/>
		<segment id="s-2.246" xref="u-2.246">Sundays closed</segment>
		<segment id="s-2.247" xref="u-2.247">admission free</segment>
		<segment id="s-2.248" xref="u-2.248">PINX</segment>
		<segment id="s-2.249" xref="u-2.249">Bulevardi 6 A</segment>
		<segment id="s-2.250" xref="u-2.250">tel. 63 27 15</segment>
		<segment id="s-2.251" xref="u-2.251">(32)</segment>
		<segment id="s-2.252" xref="u-2.252"/>
		<segment id="s-2.253" xref="u-2.253">admission free</segment>
		<segment id="s-2.254" xref="u-2.254">STRINDBERG ART GALLERY</segment>
		<segment id="s-2.255" xref="u-2.255">Pohj.Esplanadikatu 33</segment>
		<segment id="s-2.256" xref="u-2.256">4th floor tel. 62 55 81</segment>
		<segment id="s-2.257" xref="u-2.257">(33)</segment>
		<segment id="s-2.258" xref="u-2.258"/>
		<segment id="s-2.259" xref="u-2.259">Sundays closed</segment>
		<segment id="s-2.260" xref="u-2.260">admission free</segment>
		<segment id="s-2.261" xref="u-2.261">STRINDBERG ART GALLERY</segment>
		<segment id="s-2.262" xref="u-2.262">Pohj.Esplanadikatu 33</segment>
		<segment id="s-2.263" xref="u-2.263">ground floor tel. 62 84 04</segment>
		<segment id="s-2.264" xref="u-2.264">(33)</segment>
		<segment id="s-2.265" xref="u-2.265">as above</segment>
		<segment id="s-2.266" xref="u-2.266">admission free</segment>
		<segment id="s-2.267" xref="u-2.267">TAIDEHALLI</segment>
		<segment id="s-2.268" xref="u-2.268">Fine arts exhibition hall</segment>
		<segment id="s-2.269" xref="u-2.269">Nervanderinkatu 3</segment>
		<segment id="s-2.270" xref="u-2.270">tel. 44 48 55</segment>
		<segment id="s-2.271" xref="u-2.271">(34)</segment>
		<segment id="s-2.272" xref="u-2.272"/>
		<segment id="s-2.273" xref="u-2.273"/>
		<segment id="s-2.274" xref="u-2.274">(during exhibitions)</segment>
		<segment id="s-2.275" xref="u-2.275"/>
		<segment id="s-2.276" xref="u-2.276"/>
		<segment id="s-2.277" xref="u-2.277"/>
		<segment id="s-2.278" xref="u-2.278"/>
		<segment id="s-2.279" xref="u-2.279">(during large special exhibitions higher admission fees possible)</segment>
		<segment id="s-2.280" xref="u-2.280">OTHER MUSEUMS</segment>
		<segment id="s-2.281" xref="u-2.281">STÅHLBERG MUSEUM</segment>
		<segment id="s-2.282" xref="u-2.282">Helsinki University</segment>
		<segment id="s-2.283" xref="u-2.283">Fabianinkatu 33 ground floor</segment>
		<segment id="s-2.284" xref="u-2.284">tel. ?? ?11/252</segment>
		<segment id="s-2.285" xref="u-2.285">by appointment</segment>
		<segment id="s-2.286" xref="u-2.286">admission free</segment>
		<segment id="s-2.287" xref="u-2.287">In addition to the above there are several specialist museums in Helsinki.</segment>
		<segment id="s-2.288" xref="u-2.288">The City Tourist Office will be glad to give further details.</segment>
		<segment id="s-2.289" xref="u-2.289">SOME OTHER SIGHTS</segment>
		<segment id="s-2.290" xref="u-2.290">PARLIAMENT BUILDING</segment>
		<segment id="s-2.291" xref="u-2.291">Mannerheimintie</segment>
		<segment id="s-2.292" xref="u-2.292">(Mannerheim road)</segment>
		<segment id="s-2.293" xref="u-2.293">tel. 44 52 47</segment>
		<segment id="s-2.294" xref="u-2.294">Visitors are conducted round the building on weekdays at 2 p.m. and on Sundays at noon and 1 p.m., except on days when Parliament is in full session and holidays.</segment>
		<segment id="s-2.295" xref="u-2.295">Foreigners and groups by special appointment.</segment>
		<segment id="s-2.296" xref="u-2.296">Public admitted to public galleries when Parliament is in full session</segment>
		<segment id="s-2.297" xref="u-2.297">admission free</segment>
	</segmentation>
	<rst-structure>
		<multi-span id="span-1.01-m" nuclei="span-1.05-m span-2.92-m span-2.105-m span-2.123-m span-2.127-m" relation="list"><title xref="s-1.108"/></multi-span>
		
		<span id="span-1.01" nucleus="s-1.104" satellites="s-1.105 s-1.106" relation="enablement"/>
		<span id="span-1.02" nucleus="s-1.108" satellites="s-1.107" relation="elaboration"/>
		<multi-span id="span-1.03" nuclei="s-1.108 span-1.01" relation="joint"/>
		<span id="span-1.04" nucleus="s-1.108" satellites="s-1.109 s-1.103" relation="elaboration"/>
		
		<multi-span id="span-1.05-m" nuclei="span-1.05 span-1.09 span-1.15 span-1.21 span-1.24 span-1.32 span-1.35 span-2.01 span-2.03 span-2.09 span-2.11 span-2.15 span-2.19 span-2.24 span-2.33 span-2.39 span-2.44 span-2.50 span-2.55 span-2.59 span-2.64 span-2.69 span-2.74 span-2.78 span-2.82 span-2.87 span-2.89" relation="list"><title xref="s-1.110"/></multi-span>
		<multi-span id="span-1.05" nuclei="span-1.06 s-1.114 span-1.07 span-1.08" relation="joint"/>	
		<span id="span-1.06" nucleus="s-1.111" satellites="s-1.112 s-1.113" relation="enablement"/>
		<span id="span-1.07" nucleus="s-1.115" satellites="s-1.116" relation="elaboration"/>
		<multi-span id="span-1.08" nuclei="s-1.117 s-1.118 s-1.119" relation="joint"/>
		
		<multi-span id="span-1.09" nuclei="span-1.10 s-1.123 span-1.11 span-1.13" relation="joint"/>
		<span id="span-1.10" nucleus="s-1.120" satellites="s-1.121 s-1.122" relation="enablement"/>
		<span id="span-1.11" nucleus="span-1.12" satellites="s-1.127" relation="elaboration"/>
		<multi-span id="span-1.12" nuclei="s-1.124 s-1.125 s-1.126" relation="joint"/>
		<span id="span-1.13" nucleus="span-1.14" satellites="s-1.132" relation="elaboration"/>
		<multi-span id="span-1.14" nuclei="s-1.128 s-1.129 s-1.130 s-1.131" relation="joint"/>
		
		<multi-span id="span-1.15" nuclei="span-1.16 s-1.136 span-1.17 span-1.20" relation="joint"/>
		<span id="span-1.16" nucleus="s-1.133" satellites="s-1.134 s-1.135" relation="enablement"/>
		<multi-span id="span-1.17" nuclei="span-1.18 span-1.19" relation="joint"/>
		<span id="span-1.18" nucleus="s-1.137" satellites="s-1.138" relation="elaboration"/>
		<multi-span id="span-1.19" nuclei="s-1.139 s-1.140" relation="joint"/>
		<multi-span id="span-1.20" nuclei="s-1.141 s-1.142 s-1.143" relation="joint"/>
		
		<multi-span id="span-1.21" nuclei="span-1.22 s-1.149 s-1.150 span-1.23" relation="joint"/>
		<span id="span-1.22" nucleus="s-1.144" satellites="s-1.145 s-1.146 s-1.147 s-1.148" relation="enablement"/>
		<multi-span id="span-1.23" nuclei="s-1.151 s-1.152" relation="joint"/>
		
		<multi-span id="span-1.24" nuclei="span-1.25 s-1.158 span-1.27 span-1.29" relation="joint"/>
		<span id="span-1.25" nucleus="s-1.153" satellites="s-1.154 s-1.155 span-1.26" relation="enablement"/>
		<span id="span-1.26" nucleus="s-1.156" satellites="s-1.157" relation="elaboration"/>
		<span id="span-1.27" nucleus="span-1.28" satellites="s-1.162" relation="elaboration"/>
		<multi-span id="span-1.28" nuclei="s-1.159 s-1.160 s-1.161" relation="joint"/>
		<multi-span id="span-1.29" nuclei="span-1.30 s-1.65 s-1.166" relation="joint"/>
		<span id="span-1.30" nucleus="span-1.31" satellites="s-1.165" relation="elaboration"/>
		<multi-span id="span-1.31" nuclei="s-1.163 s-1.164" relation="joint"/>
		
		<multi-span id="span-1.32" nuclei="span-1.33 s-1.170 span-1.34 s-1.173" relation="joint"/>
		<span id="span-1.33" nucleus="s-1.167" satellites="s-1.168 s-1.169" relation="enablement"/>
		<span id="span-1.34" nucleus="s-1.171" satellites="s-1.172" relation="elaboration"/>
		
		<multi-span id="span-1.35" nuclei="span-1.36 s-1.179 span-1.37 span-1.39" relation="joint"/>
		<span id="span-1.36" nucleus="s-1.174" satellites="s-1.175 s-1.176 s-1.177 s-1.178" relation="enablement"/>
		<multi-span id="span-1.37" nuclei="s-1.180 span-1.38" relation="joint"/>
		<span id="span-1.38" nucleus="s-1.181" satellites="s-1.182" relation="elaboration"/>
		<span id="span-1.39" nucleus="span-1.40" satellites="s-1.186" relation="elaboration"/>
		<multi-span id="span-1.40" nuclei="s-1.183 s-1.184 s-1.185" relation="joint"/>
		
		<multi-span id="span-2.01" nuclei="span-2.02 s-2.06 s-2.07 s-2.08" relation="joint"/>
		<span id="span-2.02" nucleus="s-2.01" satellites="s-2.02 s-2.03 s-2.04 s-2.05" relation="enablement"/>
		
		<multi-span id="span-2.03" nuclei="span-2.04 s-2.13 span-2.05 span-2.07" relation="joint"/>
		<span id="span-2.04" nucleus="s-2.09" satellites="s-2.10 s-2.11 s-2.12" relation="enablement"/>
		<span id="span-2.05" nucleus="span-2.06" satellites="s-2.17" relation="elaboration"/>
		<multi-span id="span-2.06" nuclei="s-2.14 s-2.15 s-2.16" relation="joint"/>
		<span id="span-2.07" nucleus="span-2.08" satellites="s-2.20" relation="elaboration"/>
		<multi-span id="span-2.08" nuclei="s-2.18 s-2.19" relation="joint"/>
		
		<multi-span id="span-2.09" nuclei="span-2.10 s-2.24 s-2.25 s-2.26" relation="joint"/>
		<span id="span-2.10" nucleus="s-2.21" satellites="s-2.22 s-2.23" relation="elaboration"/>
		
		<multi-span id="span-2.11" nuclei="span-2.12 s-2.30 span-2.13 span-2.14" relation="joint"/>
		<span id="span-2.12" nucleus="s-2.27" satellites="s-2.28 s-2.29" relation="enablement"/>
		<span id="span-2.13" nucleus="s-2.31" satellites="s-2.32" relation="elaboration"/>
		<multi-span id="span-2.14" nuclei="s-2.33 s-2.34 s-2.35" relation="joint"/>
		
		<multi-span id="span-2.15" nuclei="span-2.16 s-2.40 span-2.17 span-2.18" relation="joint"/>
		<span id="span-2.16" nucleus="s-2.36" satellites="s-2.37 s-2.38 s-2.39" relation="enablement"/>
		<span id="span-2.17" nucleus="s-2.41" satellites="s-2.42" relation="elaboration"/>
		<multi-span id="span-2.18" nuclei="s-2.43 s-2.44" relation="joint"/>
		
		<multi-span id="span-2.19" nuclei="span-2.20 s-2.48 span-2.21 span-2.23" relation="joint"/>
		<span id="span-2.20" nucleus="s-2.45" satellites="s-2.46 s-2.47" relation="enablement"/>
		<span id="span-2.21" nucleus="span-2.22" satellites="s-2.51" relation="elaboration"/>
		<multi-span id="span-2.22" nuclei="s-2.49 s-2.50" relation="joint"/>
		<multi-span id="span-2.23" nuclei="s-2.52 s-2.53 s-2.54 s-2.55" relation="joint"/>
		
		<multi-span id="span-2.24" nuclei="s-2.56 span-2.25 span-2.28 span-2.31" relation="joint"/>
		<multi-span id="span-2.25" nuclei="span-2.26 s-2.66 span-2.27 s-2.76" relation="joint"/>
		<span id="span-2.26" nucleus="s-2.57" satellites="s-2.58 s-2.59 s-2.60 s-2.61" relation="enablement"/>
		<multi-span id="span-2.27" nuclei="s-2.71 s-2.72" relation="joint"/>
		<multi-span id="span-2.28" nuclei="span-2.29 s-2.67 span-2.30 s-2.77" relation="joint"/>
		<span id="span-2.29" nucleus="s-2.62" satellites="s-2.63 s-2.64 s-2.65" relation="enablement"/>
		<multi-span id="span-2.30" nuclei="s-2.73 s-2.74" relation="joint"/>
		<multi-span id="span-2.31" nuclei="span-2.32 s-2.75 s-2.78" relation="joint"/>
		<span id="span-2.32" nucleus="s-2.68" satellites="s-2.69 s-2.70" relation="enablement"/>
		
		<multi-span id="span-2.33" nuclei="span-2.34 s-2.82 span-2.35 span-2.37" relation="joint"/>
		<span id="span-2.34" nucleus="s-2.79" satellites="s-2.80 s-2.81" relation="enablement"/>
		<span id="span-2.35" nucleus="span-2.36" satellites="s-2.85" relation="elaboration"/>
		<multi-span id="span-2.36" nuclei="s-2.83 s-2.84" relation="joint"/>
		<span id="span-2.37" nucleus="span-2.38" satellites="s-2.88" relation="elaboration"/>
		<multi-span id="span-2.38" nuclei="s-2.86 s-2.87" relation="joint"/>
		
		<multi-span id="span-2.39" nuclei="span-2.40 s-2.92 span-2.41 span-2.42" relation="joint"/>
		<span id="span-2.40" nucleus="s-2.89" satellites="s-2.90 s-2.91" relation="elaboration"/>
		<span id="span-2.41" nucleus="s-2.93" satellites="s-2.94" relation="elaboration"/>
		<span id="span-2.42" nucleus="span-2.43" satellites="s-2.97" relation="elaboration"/>
		<multi-span id="span-2.43" nuclei="s-2.95 s-2.96" relation="joint"/>
		
		<multi-span id="span-2.44" nuclei="span-2.45 s-2.102 span-2.46 span-2.48" relation="joint"/>
		<span id="span-2.45" nucleus="s-2.98" satellites="s-2.99 s-2.100 s-2.101" relation="enablement"/>
		<span id="span-2.46" nucleus="span-2.47" satellites="s-2.103" relation="elaboration"/>
		<multi-span id="span-2.47" nuclei="s-2.104 s-2.105" relation="joint"/>
		<span id="span-2.48" nucleus="span-2.49" satellites="s-2.106" relation="elaboration"/>
		<multi-span id="span-2.49" nuclei="s-2.107 s-2.108 s-2.109 s-2.110" relation="joint"/>
		
		<multi-span id="span-2.50" nuclei="span-2.51 s-2.114 span-2.52 span-2.54" relation="joint"/>
		<span id="span-2.51" nucleus="s-2.111" satellites="s-2.112 s-2.113" relation="enablement"/>
		<span id="span-2.52" nucleus="span-2.53" satellites="s-2.117" relation="elaboration"/>
		<multi-span id="span-2.53" nuclei="s-2.115 s-2.116" relation="joint"/>
		<multi-span id="span-2.54" nuclei="s-2.118 s-2.119" relation="joint"/>
		
		<multi-span id="span-2.55" nuclei="span-2.56 s-2.124 span-2.57" relation="joint"/>
		<span id="span-2.56" nucleus="s-2.120" satellites="s-2.121 s-2.122 s-2.123" relation="enablement"/>
		<span id="span-2.57" nucleus="span-2.58" satellites="s-2.125" relation="elaboration"/>
		<multi-span id="span-2.58" nuclei="s-2.126 s-2.127" relation="joint"/>
		
		<multi-span id="span-2.59" nuclei="span-2.60 s-2.131 span-2.61 span-2.63" relation="joint"/>
		<span id="span-2.60" nucleus="s-2.128" satellites="s-2.129 s-2.130" relation="enablement"/>
		<span id="span-2.61" nucleus="span-2.62" satellites="s-2.134 s-2.135" relation="elaboration"/>
		<multi-span id="span-2.62" nuclei="s-2.132 s-2.133" relation="joint"/>
		<multi-span id="span-2.63" nuclei="s-2.136 s-2.137" relation="joint"/>
		
		<multi-span id="span-2.64" nuclei="span-2.65 s-2.142 span-2.67 span-2.68" relation="joint"/>
		<span id="span-2.65" nucleus="span-2.66" satellites="s-2.140 s-2.141" relation="enablement"/>
		<multi-span id="span-2.66" nuclei="s-2.138 s-2.139" relation="joint"/>
		<span id="span-2.67" nucleus="s-2.143" satellites="s-2.144 s-2.145" relation="elaboration"/>
		<multi-span id="span-2.68" nuclei="s-2.146 s-2.147" relation="joint"/>
		
		<multi-span id="span-2.69" nuclei="span-2.70 s-2.151 span-2.71 span-2.73" relation="joint"/>
		<span id="span-2.70" nucleus="s-2.148" satellites="s-2.149 s-2.150" relation="enablement"/>
		<multi-span id="span-2.71" nuclei="span-2.72 s-2.155" relation="joint"/>
		<multi-span id="span-2.72" nuclei="s-2.152 s-2.153 s-2.154" relation="joint"/>
		<multi-span id="span-2.73" nuclei="s-2.156 s-2.157 s-2.158 s-2.159" relation="joint"/>
		
		<multi-span id="span-2.74" nuclei="span-2.75 s-2.163 span-2.76 span-2.77" relation="joint"/>
		<span id="span-2.75" nucleus="s-2.160" satellites="s-2.161 s-2.162" relation="enablement"/>
		<span id="span-2.76" nucleus="s-2.164" satellites="s-2.165" relation="elaboration"/>
		<multi-span id="span-2.77" nuclei="s-2.166 s-2.167" relation="joint"/>
		
		<multi-span id="span-2.78" nuclei="span-2.79 s-2.171 span-2.80 s-2.175" relation="joint"/>
		<span id="span-2.79" nucleus="s-2.168" satellites="s-2.169 s-2.170" relation="enablement"/>
		<span id="span-2.80" nucleus="span-2.81" satellites="s-2.174" relation="elaboration"/>
		<multi-span id="span-2.81" nuclei="s-2.172 s-2.173" relation="joint"/>
		
		<multi-span id="span-2.82" nuclei="span-2.83 s-2.180 span-2.84 span-2.86" relation="joint"/>
		<span id="span-2.83" nucleus="s-2.176" satellites="s-2.177 s-2.178 s-2.179" relation="enablement"/>
		<span id="span-2.84" nucleus="span-2.85" satellites="s-2.183" relation="elaboration"/>
		<multi-span id="span-2.85" nuclei="s-2.181 s-2.182" relation="joint"/>
		<span id="span-2.86" nucleus="s-2.184" satellites="s-2.185" relation="elaboration"/>
		
		<multi-span id="span-2.87" nuclei="span-2.88 s-2.189 s-2.190 s-2.191" relation="joint"/>
		<span id="span-2.88" nucleus="s-2.186" satellites="s-2.187 s-2.188" relation="enablement"/>
		
		<multi-span id="span-2.89" nuclei="span-2.90 s-2.195 s-2.196 span-2.91" relation="joint"/>
		<span id="span-2.90" nucleus="s-2.192" satellites="s-2.193 s-2.194" relation="elaboration"/>
		<multi-span id="span-2.91" nuclei="s-2.197 s-2.198 s-2.199" relation="joint"/>
		
		<multi-span id="span-2.92-m" nuclei="span-2.92 span-2.95 span-2.99 span-2.102" relation="list"><title xref="s-2.200"/></multi-span>
		
		<multi-span id="span-2.92" nuclei="span-2.93 s-2.204 span-2.94 s-2.208" relation="joint"/>
		<span id="span-2.93" nucleus="s-2.201" satellites="s-2.202 s-2.203" relation="enablement"/>
		<multi-span id="span-2.94" nuclei="s-2.205 s-2.206 s-2.207" relation="joint"/>
		
		<multi-span id="span-2.95" nuclei="span-2.96 s-2.212 span-2.97 s-2.216" relation="joint"/>
		<span id="span-2.96" nucleus="s-2.209" satellites="s-2.210 s-2.211" relation="enablement"/>
		<span id="span-2.97" nucleus="span-2.98" satellites="s-2.215" relation="elaboration"/>
		<multi-span id="span-2.98" nuclei="s-2.213 s-2.214" relation="joint"/>
		
		<multi-span id="span-2.99" nuclei="span-2.100 s-2.221 span-2.101 s-2.225" relation="joint"/>
		<span id="span-2.100" nucleus="s-2.217" satellites="s-2.218 s-2.219 s-2.220" relation="enablement"/>
		<multi-span id="span-2.101" nuclei="s-2.222 s-2.223 s-2.224" relation="joint"/>
		
		<multi-span id="span-2.102" nuclei="span-2.103 s-2.229 span-2.104 s-2.232" relation="joint"/>
		<span id="span-2.103" nucleus="s-2.226" satellites="s-2.227 s-2.228" relation="enablement"/>
		<multi-span id="span-2.104" nuclei="s-2.230 s-2.231" relation="joint"/>
		
		<multi-span id="span-2.105-m" nuclei="span-2.105 span-2.107 span-2.110 span-2.112 span-2.115 span-2.117" relation="list"><title xref="s-2.233"/></multi-span>
		
		<multi-span id="span-2.105" nuclei="span-2.106 s-2.237 s-2.238 s-2.239" relation="joint"/>
		<span id="span-2.106" nucleus="s-2.234" satellites="s-2.235 s-2.236" relation="enablement"/>
		
		<multi-span id="span-2.107" nuclei="span-2.108 s-2.244 span-2.109 s-2.247" relation="joint"/>
		<span id="span-2.108" nucleus="s-2.240" satellites="s-2.241 s-2.242 s-2.243" relation="enablement"/>
		<span id="span-2.109" nucleus="s-2.245" satellites="s-2.246" relation="elaboration"/>
		
		<multi-span id="span-2.110" nuclei="span-2.111 s-2.251 s-2.252 s-2.253" relation="joint"/>
		<span id="span-2.111" nucleus="s-2.248" satellites="s-2.249 s-2.250" relation="enablement"/>
		
		<multi-span id="span-2.112" nuclei="span-2.113 s-2.257 span-2.114 s-2.260" relation="joint"/>
		<span id="span-2.113" nucleus="s-2.254" satellites="s-2.255 s-2.256" relation="enablement"/>
		<span id="span-2.114" nucleus="s-2.258" satellites="s-2.259" relation="elaboration"/>
		
		<multi-span id="span-2.115" nuclei="span-2.116 s-2.264 s-2.265 s-2.266" relation="joint"/>
		<span id="span-2.116" nucleus="s-2.261" satellites="s-2.262 s-2.263" relation="enablement"/>
		
		<multi-span id="span-2.117" nuclei="span-2.118 s-2.271 span-2.119 span-2.121" relation="joint"/>
		<span id="span-2.118" nucleus="s-2.267" satellites="s-2.268 s-2.269 s-2.270" relation="enablement"/>
		<span id="span-2.119" nucleus="span-2.120" satellites="s-2.274" relation="elaboration"/>
		<multi-span id="span-2.120" nuclei="s-2.272 s-2.273" relation="joint"/>
		<span id="span-2.121" nucleus="span-2.122" satellites="s-2.279" relation="elaboration"/>
		<multi-span id="span-2.122" nuclei="s-2.275 s-2.276 s-2.277 s-2.278" relation="joint"/>
		
		<multi-span id="span-2.123-m" nuclei="span-2.124 s-2.285 s-2.286" relation="joint"><title xref="s-2.280"/></multi-span>
		<span id="span-2.124" nucleus="s-2.281" satellites="s-2.282 s-2.283 s-2.284" relation="enablement"/>
		<span id="span-2.125" nucleus="s-2.280" satellites="span-2.126" relation="elaboration"/>
		<span id="span-2.126" nucleus="s-2.287" satellites="s-2.288" relation="enablement"/>
		
		<multi-span id="span-2.127-m" nuclei="span-1.41 span-1.44 span-1.45 span-1.60 span-1.68 span-1.71 span-1.74 span-1.76 span-1.79 span-1.81 span-1.85 span-1.88 span-1.99 span-1.101" relation="list"><title xref="s-2.289"/></multi-span>
		
		<multi-span id="span-2.127" nuclei="span-2.128 span-2.129 s-2.297" relation="joint"/>
		<span id="span-2.128" nucleus="s-2.290" satellites="s-2.291 s-2.292 s-2.293" relation="enablement"/>
		<span id="span-2.129" nucleus="s-2.294" satellites="s-2.295 s-2.296" relation="elaboration"/>
		
		<multi-span id="span-1.41" nuclei="span-1.42 span-1.43 s-1.06" relation="joint"/>
		<span id="span-1.42" nucleus="s-1.01" satellites="s-1.02 s-1.03" relation="enablement"/>
		<multi-span id="span-1.43" nuclei="s-1.04 s-1.05" relation="joint"/>
		
		<span id="span-1.44" nucleus="s-1.07" satellites="s-1.08" relation="enablement"/>
		
		<multi-span id="span-1.45" nuclei="span-1.46 span-1.47 span-1.58" relation="joint"/>
		<span id="span-1.46" nucleus="s-1.09" satellites="s-1.10 s-1.11 s-1.12" relation="enablement"/>
		<multi-span id="span-1.47" nuclei="span-1.48 span-1.50 span-1.52 span-1.54 span-1.56" relation="joint"/>
		<span id="span-1.48" nucleus="span-1.49" satellites="s-1.13" relation="elaboration"/>
		<multi-span id="span-1.49" nuclei="s-1.14 s-1.15" relation="joint"/>
		<span id="span-1.50" nucleus="span-1.51" satellites="s-1.16" relation="elaboration"/>
		<multi-span id="span-1.51" nuclei="s-1.17 s-1.18" relation="joint"/>
		<span id="span-1.52" nucleus="span-1.53" satellites="s-1.19" relation="elaboration"/>
		<multi-span id="span-1.53" nuclei="s-1.20 s-1.21" relation="joint"/>
		<span id="span-1.54" nucleus="span-1.55" satellites="s-1.22" relation="elaboration"/>
		<multi-span id="span-1.55" nuclei="s-1.23 s-1.24" relation="joint"/>
		<span id="span-1.56" nucleus="span-1.57" satellites="s-1.25" relation="elaboration"/>
		<multi-span id="span-1.57" nuclei="s-1.26 s-1.27" relation="joint"/>
		<span id="span-1.58" nucleus="span-1.59" satellites="s-1.30 s-1.31" relation="elaboration"/>
		<multi-span id="span-1.59" nuclei="s-1.28 s-1.29" relation="joint"/>
		
		<multi-span id="span-1.60" nuclei="span-1.61 span-1.62 span-1.66" relation="joint"/>
		<span id="span-1.61" nucleus="s-1.32" satellites="s-1.33 s-1.34" relation="enablement"/>
		<multi-span id="span-1.62" nuclei="span-1.63 span-1.65" relation="joint"/>
		<span id="span-1.63" nucleus="span-1.64" satellites="s-1.35" relation="elaboration"/>
		<multi-span id="span-1.64" nuclei="s-1.36 s-1.37" relation="joint"/>
		<span id="span-1.65" nucleus="s-1.38" satellites="s-1.39" relation="elaboration"/>
		<span id="span-1.66" nucleus="span-1.67" satellites="s-1.40" relation="elaboration"/>
		<multi-span id="span-1.67" nuclei="s-1.41 s-1.42 s-1.43" relation="joint"/>
		
		<multi-span id="span-1.68" nuclei="span-1.69 span-1.70" relation="joint"/>
		<span id="span-1.69" nucleus="s-1.44" satellites="s-1.45" relation="enablement"/>
		<multi-span id="span-1.70" nuclei="s-1.46 s-1.47" relation="joint"/>
		
		<multi-span id="span-1.71" nuclei="span-1.72 s-1.51 span-1.73" relation="joint"/>
		<span id="span-1.72" nucleus="s-1.48" satellites="s-1.49 s-1.50" relation="enablement"/>
		<multi-span id="span-1.73" nuclei="s-1.52 s-1.53" relation="joint"/>
		
		<multi-span id="span-1.74" nuclei="span-1.75 s-1.57" relation="joint"/>
		<span id="span-1.75" nucleus="s-1.54" satellites="s-1.55 s-1.56" relation="enablement"/>
		
		<multi-span id="span-1.76" nuclei="span-1.77 s-1.61 span-1.78" relation="joint"/>
		<span id="span-1.77" nucleus="s-1.58" satellites="s-1.59 s-1.60" relation="enablement"/>
		<multi-span id="span-1.78" nuclei="s-1.62 s-1.63" relation="joint"/>
		
		<multi-span id="span-1.79" nuclei="span-1.80 s-1.66" relation="joint"/>
		<span id="span-1.80" nucleus="s-1.64" satellites="s-1.65" relation="enablement"/>
		
		<multi-span id="span-1.81" nuclei="span-1.82 span-1.83 span-1.84" relation="joint"/>
		<span id="span-1.82" nucleus="s-1.67" satellites="s-1.68 s-1.69" relation="enablement"/>
		<span id="span-1.83" nucleus="s-1.71" satellites="s-1.70" relation="elaboration"/>
		<multi-span id="span-1.84" nuclei="s-1.72 s-1.73" relation="joint"/>
		
		<multi-span id="span-1.85" nuclei="span-1.86 span-1.87" relation="joint"/>
		<span id="span-1.86" nucleus="s-1.74" satellites="s-1.75" relation="enablement"/>
		<span id="span-1.87" nucleus="s-1.76" satellites="s-1.77" relation="elaboration"/>
		
		<multi-span id="span-1.88" nuclei="span-1.89 span-1.90 span-1.97" relation="joint"/>
		<span id="span-1.89" nucleus="s-1.78" satellites="s-1.79 s-1.80" relation="enablement"/>
		<multi-span id="span-1.90" nuclei="span-1.91 span-1.92 span-1.95" relation="joint"/>
		<span id="span-1.91" nucleus="s-1.82" satellites="s-1.81" relation="elaboration"/>
		<multi-span id="span-1.92" nuclei="s-1.83 span-1.93 span-1.94" relation="joint"/>
		<multi-span id="span-1.93" nuclei="s-1.84 s-1.85" relation="joint"/>
		<multi-span id="span-1.94" nuclei="s-1.86 s-1.87" relation="joint"/>
		<span id="span-1.95" nucleus="span-1.96" satellites="s-1.88" relation="elaboration"/>
		<multi-span id="span-1.96" nuclei="s-1.89 s-1.90 s-1.91" relation="joint"/>
		<span id="span-1.97" nucleus="span-1.98" satellites="s-1.92" relation="elaboration"/>
		<multi-span id="span-1.98" nuclei="s-1.93 s-1.94 s-1.95" relation="joint"/>
		
		<multi-span id="span-1.99" nuclei="span-1.100 s-1.99 s-1.100" relation="joint"/>
		<span id="span-1.100" nucleus="s-1.96" satellites="s-1.97 s-1.98" relation="enablement"/>
		
		<span id="span-1.101" nucleus="s-1.101" satellites="s-1.102" relation="enablement"/>
</rst-structure>
</gemRst>
