<?xml version="1.0" encoding="UTF-8"?>
<gemRst>
	<segmentation>
		<segment id="s-1.01" xref="u-1.01">July</segment>
		<segment id="s-1.02" xref="u-1.02">1--4</segment>
		<segment id="s-1.03" xref="u-1.03">WOMEN'S WORLD CONGRESS</segment>
		<segment id="s-1.04" xref="u-1.04">Dipoli</segment>
		<segment id="s-1.05" xref="u-1.05">Finnish Democratic Women's Association</segment>
		<segment id="s-1.06" xref="u-1.06">tel: 14 933</segment>
		<segment id="s-1.07" xref="u-1.07">CONFEDERATION EUROPÉENE DE L'AGRICULTURE</segment>
		<segment id="s-1.08" xref="u-1.08">Otaniemi</segment>
		<segment id="s-1.09" xref="u-1.09">Pellervo-Seura</segment>
		<segment id="s-1.10" xref="u-1.10">Mr. Eskelinen</segment>
		<segment id="s-1.11" xref="u-1.11">tel: 61 064</segment>
		<segment id="s-1.12" xref="u-1.12">August</segment>
		<segment id="s-1.13" xref="u-1.13">1--16</segment>
		<segment id="s-1.14" xref="u-1.14">INTERNATIONAL ESPERANTO CONFERENCE</segment>
		<segment id="s-1.15" xref="u-1.15">Dipoli</segment>
		<segment id="s-1.16" xref="u-1.16">Finnish Esperanto Association</segment>
		<segment id="s-1.17" xref="u-1.17">Mr. Lehtivaara</segment>
		<segment id="s-1.18" xref="u-1.18">tel: 77 80 38</segment>
		<segment id="s-1.19" xref="u-1.19">24--31</segment>
		<segment id="s-1.20" xref="u-1.20">BOY SCOUT WORLD CONGRESS</segment>
		<segment id="s-1.20-m" xref="u-1.20-m">Dipoli</segment>
		<segment id="s-1.21" xref="u-1.21">Suomen Partiopoikajärjestö</segment>
		<segment id="s-1.22" xref="u-1.22">Hämeent. 10</segment>
		<segment id="s-1.23" xref="u-1.23">tel: 71 18 22</segment>
		<segment id="s-1.23-m" xref="u-1.23-m">29--31</segment>
		<segment id="s-1.24" xref="u-1.24">LADIES' ROUND TABLE CIRCLE</segment>
		<segment id="s-1.25" xref="u-1.25">Dipoli</segment>
		<segment id="s-1.26" xref="u-1.26">Mrs. Lassila</segment>
		<segment id="s-1.27" xref="u-1.27">tel: 42 77 45</segment>
		<segment id="s-1.28" xref="u-1.28">September</segment>
		<segment id="s-1.29" xref="u-1.29">19--28</segment>
		<segment id="s-1.30" xref="u-1.30">IX FINNISH TRADE FAIR</segment>
		<segment id="s-1.31" xref="u-1.31">Exhibition Hall</segment>
		<segment id="s-1.32" xref="u-1.32">The Finnish Fair Corporation</segment>
		<segment id="s-1.33" xref="u-1.33">tel: 44 00 11</segment>
		<segment id="s-1.34" xref="u-1.34">1970</segment>
		<segment id="s-1.35" xref="u-1.35">February</segment>
		<segment id="s-1.36" xref="u-1.36">13--22</segment>
		<segment id="s-1.37" xref="u-1.37">BOAT AND CAMPING SHOW</segment>
		<segment id="s-1.38" xref="u-1.38">Exhibition Hall</segment>
		<segment id="s-1.39" xref="u-1.39">The Finnish Fair Corporation</segment>
		<segment id="s-1.40" xref="u-1.40">tel: 44 00 11</segment>
		<segment id="s-1.41" xref="u-1.41">May</segment>
		<segment id="s-1.41-m" xref="u-1.41-m">16--30</segment>
		<segment id="s-1.42" xref="u-1.42">HELSINKI FESTIVAL</segment>
		<segment id="s-1.43" xref="u-1.43">Helsinki-viikon Säätiö</segment>
		<segment id="s-1.44" xref="u-1.44">Unionink. 28</segment>
		<segment id="s-1.45" xref="u-1.45">tel: 65 36 90</segment>
		<segment id="s-1.46" xref="u-1.46">June</segment>
		<segment id="s-1.47" xref="u-1.47">12</segment>
		<segment id="s-1.48" xref="u-1.48">HELSINKI DAY</segment>
		<segment id="s-1.49" xref="u-1.49">Helsingin kaupunki</segment>
		<segment id="s-1.50" xref="u-1.50">tel: 71 60 11/3795</segment>
		<segment id="s-1.51" xref="u-1.51">August</segment>
		<segment id="s-1.52" xref="u-1.52">4 - 14</segment>
		<segment id="s-1.53" xref="u-1.53">INTERNATIONAL YOUTH HOSTEL ORGANIZATIONS CONFERENCE</segment>
		<segment id="s-1.53-m" xref="u-1.53-m">Otaniemi</segment>
		<segment id="s-1.54" xref="u-1.54">Suomen Retkeilymajajärjestö</segment>
		<segment id="s-1.55" xref="u-1.55">tel: 64 17 99</segment>
		<segment id="s-1.56" xref="u-1.56">Mr. Sorakuru</segment>
		<segment id="s-1.57" xref="u-1.57">September</segment>
		<segment id="s-1.58" xref="u-1.58">17--27</segment>
		<segment id="s-1.59" xref="u-1.59">HELSINKI INTERNATIONAL TRADE FAIR</segment>
		<segment id="s-1.60" xref="u-1.60">Exhibition Hall</segment>
		<segment id="s-1.61" xref="u-1.61">The Finnish Fair Corporation</segment>
		<segment id="s-1.62" xref="u-1.62">tel: 44 00 11</segment>
		<segment id="s-1.63" xref="u-1.63">October/November</segment>
		<segment id="s-1.64" xref="u-1.64">EXHIBITION OF BUSINESS MACHINES AND EQUIPMENT '70</segment>
		<segment id="s-1.65" xref="u-1.65">Exhibition Hall</segment>
		<segment id="s-1.66" xref="u-1.66">The Finnish Fair Corporation</segment>
		<segment id="s-1.67" xref="u-1.67">tel: 44 00 11</segment>
		<segment id="s-1.68" xref="u-1.69">1971</segment>
		<segment id="s-1.69" xref="u-1.70">May</segment>
		<segment id="s-1.70" xref="u-1.71">16--30</segment>
		<segment id="s-1.71" xref="u-1.72">HELSINKI FESTIVAL</segment>
		<segment id="s-1.72" xref="u-1.73">Helsinki-viikon Säätiö</segment>
		<segment id="s-1.73" xref="u-1.74">Unionink. 28</segment>
		<segment id="s-1.74" xref="u-1.75">tel: 65 36 90</segment>
		<segment id="s-1.75" xref="u-1.76">June</segment>
		<segment id="s-1.76" xref="u-1.77">SCANDINAVIAN BUILDING CONFERENCE</segment>
		<segment id="s-1.77" xref="u-1.78">Otaniemi</segment>
		<segment id="s-1.78" xref="u-1.79">Teknillinen Korkeakoulu</segment>
		<segment id="s-1.79" xref="u-1.80">Mr. Kelopuu</segment>
		<segment id="s-1.80" xref="u-1.81">tel: 46 01 45</segment>
		<segment id="s-1.81" xref="u-1.82">12</segment>
		<segment id="s-1.82" xref="u-1.83">HELSINKI DAY</segment>
		<segment id="s-1.83" xref="u-1.84">Helsingin kaupunki</segment>
		<segment id="s-1.84" xref="u-1.85">tel: 71 60 11/3795</segment>
		<segment id="s-1.85" xref="u-1.86">August</segment>
		<segment id="s-1.86" xref="u-1.87">EUROPEAN ATHLETICS CHAMPIONSHIPS</segment>
		<segment id="s-1.87" xref="u-1.88">Suomen Urheiluliitto</segment>
		<segment id="s-1.88" xref="u-1.89">Mr. Valste</segment>
		<segment id="s-1.89" xref="u-1.90">tel: 41 86 11</segment>
		<segment id="s-1.90" xref="u-1.91">1974</segment>
		<segment id="s-1.91" xref="u-1.92">June</segment>
		<segment id="s-1.92" xref="u-1.93">INTERNATIONAL BANKING SUMMER SCHOOL</segment>
		<segment id="s-1.93" xref="u-1.94">Dipoli</segment>
		<segment id="s-1.94" xref="u-1.95">Suomen Pankkiyhdistys</segment>
		<segment id="s-1.95" xref="u-1.96">Dr. Ilaskivi</segment>
		<segment id="s-1.96" xref="u-1.97">tel: 13 521</segment>
		<segment id="s-1.97" xref="u-1.98">This list is based on information gathered by the City Tourist Office.</segment>
		<segment id="s-1.98" xref="u-1.99">The City Tourist Office is not responsible for any deficiencies or mistakes, nor for any changes made by the organizers after the list has been printed.</segment>
		<segment id="s-1.99" xref="u-1.100">IMPORTANT NOTE</segment>
		<segment id="s-1.100" xref="u-1.101">We regret to say that this list of Helsinki congresses, meetings and important events is by no means complete.</segment>
		<segment id="s-1.101" xref="u-1.102">As full and varied a list as possible is, however, useful to organisers for e.g. the following reasons:</segment>
		<segment id="s-1.102" xref="u-1.103">1. It can be used to avoid clashing and overlapping of important events.</segment>
		<segment id="s-1.103" xref="u-1.104">June would seem to be over-crowded usually.</segment>
		<segment id="s-1.104" xref="u-1.105">We therefore suggest that where possible meetings and congresses be timed for July and August.</segment>
		<segment id="s-1.105" xref="u-1.106">Organisers can use this list to work out the functions, etc. which can be fitted into their congress and conference visitors' free-time programmes.</segment>
		<segment id="s-1.106" xref="u-1.107">A new list is printed 2 or 3 times a year.</segment>
		<segment id="s-1.107" xref="u-1.108">WE CONTINUE TO HOPE THAT YOU WILL INFORM THIS OFFICE OF ALL YOUR FUTURE PLANS</segment>
		<segment id="s-1.108" xref="u-1.110">HELSINKI CITY TOURIST OFFICE</segment>
		<segment id="s-1.109" xref="u-1.111">Helsinki City Tourist Office</segment>
		<segment id="s-1.110" xref="u-1.112">P. Esplanaadikatu 17</segment>
		<segment id="s-1.111" xref="u-1.113">tel: 14 004</segment>
		<segment id="s-1.112" xref="u-1.114">No 21</segment>
		<segment id="s-1.113" xref="u-1.115">Important notes at the end of list</segment>
		<segment id="s-1.114" xref="u-1.116">COMING EVENTS IN HELSINKI 1967-1971</segment>
		<segment id="s-1.115" xref="u-1.117">October</segment>
		<segment id="s-1.116" xref="u-1.118">23--19.11</segment>
		<segment id="s-1.117" xref="u-1.119">ALVAR AALTO EXHIBITION</segment>
		<segment id="s-1.118" xref="u-1.120">Ateneum</segment>
		<segment id="s-1.119" xref="u-1.121">Suomen Taideakatemia</segment>
		<segment id="s-1.120" xref="u-1.122">Nykytaide</segment>
		<segment id="s-1.121" xref="u-1.123">Dr. Korte</segment>
		<segment id="s-1.122" xref="u-1.124">tel: 65 43 64</segment>
		<segment id="s-1.123" xref="u-1.125">November</segment>
		<segment id="s-1.124" xref="u-1.126">8--12</segment>
		<segment id="s-1.125" xref="u-1.127">FOOD FAIR</segment>
		<segment id="s-1.126" xref="u-1.128">Exhibition Hall</segment>
		<segment id="s-1.127" xref="u-1.129">The Finnish Fair Corporation</segment>
		<segment id="s-1.128" xref="u-1.130">tel: 44 00 11</segment>
		<segment id="s-1.129" xref="u-1.131">12 - 18</segment>
		<segment id="s-1.130" xref="u-1.132">MEDICAL CONFERENCE</segment>
		<segment id="s-1.131" xref="u-1.133">(School of Economics)</segment>
		<segment id="s-1.132" xref="u-1.134">Kauppakorkeakoulu</segment>
		<segment id="s-1.133" xref="u-1.135">Suomen Lääkäriliitto</segment>
		<segment id="s-1.134" xref="u-1.136">Ruoholahdenk. 4</segment>
		<segment id="s-1.135" xref="u-1.137">tel: 64 29 01</segment>
		<segment id="s-1.136" xref="u-1.138">20--24</segment>
		<segment id="s-1.137" xref="u-1.139">UNION FORAINE EUROPÉENNE BOARD OF DIRECTORS MEETING</segment>
		<segment id="s-1.138" xref="u-1.140">Lasten Päivän Säätiö</segment>
		<segment id="s-1.139" xref="u-1.141">Linnanmäki</segment>
		<segment id="s-1.140" xref="u-1.142">tel: 70 391/Miss Karasuo</segment>
		<segment id="s-1.141" xref="u-1.143">22--23</segment>
		<segment id="s-1.142" xref="u-1.144">MEETING OF REPRESENTATIVES OF THE GENERAL UNION OF AGRICULTURAL SOCIETIES</segment>
		<segment id="s-1.143" xref="u-1.145">(Master Builders' House)</segment>
		<segment id="s-1.144" xref="u-1.146">Rakennusmestarien talo</segment>
		<segment id="s-1.145" xref="u-1.147">Maatalousseurojen Keskusliitto</segment>
		<segment id="s-1.146" xref="u-1.148">Lönnrotink. 13</segment>
		<segment id="s-1.147" xref="u-1.149">tel: 64 30 21/Mr. Repo</segment>
		<segment id="s-1.148" xref="u-1.150">23--24</segment>
		<segment id="s-1.149" xref="u-1.151">AGRONOMISTS' AGRICULTURAL ECONOMY CONFERENCE</segment>
		<segment id="s-1.150" xref="u-1.152">Agronomien Yhdistys</segment>
		<segment id="s-1.151" xref="u-1.153">P. Makasiinik. 6</segment>
		<segment id="s-1.152" xref="u-1.154">tel: 62 86 50</segment>
		<segment id="s-1.153" xref="u-1.155">23--25</segment>
		<segment id="s-1.154" xref="u-1.156">FINNISH RED CROSS GENERAL MEETING</segment>
		<segment id="s-1.155" xref="u-1.157">Suomen Punainen Risti</segment>
		<segment id="s-1.156" xref="u-1.158">Tehtaank. 1 A</segment>
		<segment id="s-1.157" xref="u-1.159">tel: 12 811/Mr. Toivonen</segment>
		<segment id="s-1.158" xref="u-1.160">25</segment>
		<segment id="s-1.159" xref="u-1.161">AGRONOMISTS' ASSOCIATION AUTUMN MEETING</segment>
		<segment id="s-1.160" xref="u-1.162">(Scientific Societies Centre)</segment>
		<segment id="s-1.161" xref="u-1.163">Tieteellisten seurain talo</segment>
		<segment id="s-1.162" xref="u-1.164">Agronomien Yhdistys</segment>
		<segment id="s-1.163" xref="u-1.165">P. Makasiinik. 6 A</segment>
		<segment id="s-1.163-m" xref="u-1.165-m">tel: 63 25 42/Liuttula</segment>
		<segment id="s-1.164" xref="u-1.166">25--1.11</segment>
		<segment id="s-1.165" xref="u-1.167">FINNISH WORK WEEK</segment>
		<segment id="s-1.166" xref="u-1.168">Suomen Työn Liitto</segment>
		<segment id="s-1.167" xref="u-1.169">Runebergink. 60 B</segment>
		<segment id="s-1.168" xref="u-1.170">tel: 44 00 27</segment>
		<segment id="s-1.169" xref="u-1.171">30</segment>
		<segment id="s-1.170" xref="u-1.172">FINLAND - EAST GERMANY</segment>
		<segment id="s-1.171" xref="u-1.173">INTERNATIONAL ICE HOCKEY</segment>
		<segment id="s-1.172" xref="u-1.174">Ice Stadium</segment>
		<segment id="s-1.173" xref="u-1.175">Suomen Jääkiekkoliitto</segment>
		<segment id="s-1.174" xref="u-1.176">Topeliuksenk. 41 a</segment>
		<segment id="s-1.175" xref="u-1.177">tel: 41 86 11</segment>
		<segment id="s-1.176" xref="u-1.178">December</segment>
		<segment id="s-1.177" xref="u-1.179">5</segment>
		<segment id="s-1.178" xref="u-1.180">THE 50th ANNIVERSARY OF FINNISH INDEPENDENCE - MAIN CEREMONY</segment>
		<segment id="s-1.179" xref="u-1.181">Ice Stadium</segment>
		<segment id="s-1.180" xref="u-1.182">Itsenäisyyden juhlavuoden neuvottelukunta</segment>
		<segment id="s-1.181" xref="u-1.183">tel. 44 81 94</segment>
		<segment id="s-1.182" xref="u-1.184">14</segment>
		<segment id="s-1.183" xref="u-1.185">FINLAND - NORWAY</segment>
		<segment id="s-1.184" xref="u-1.186">INTERNATIONAL ICE HOCKEY</segment>
		<segment id="s-1.185" xref="u-1.187">Ice Stadium</segment>
		<segment id="s-1.186" xref="u-1.188">Suomen Jääkiekkoliitto</segment>
		<segment id="s-1.187" xref="u-1.189">Topeliuksenk 41 a</segment>
		<segment id="s-1.188" xref="u-1.190">tel: 41 86 11</segment>
		<segment id="s-2.01" xref="u-2.01">1968</segment>
		<segment id="s-2.02" xref="u-2.02">January</segment>
		<segment id="s-2.03" xref="u-2.03">10</segment>
		<segment id="s-2.04" xref="u-2.04">FINLAND - CANADA</segment>
		<segment id="s-2.05" xref="u-2.05">INTERNATIONAL ICE HOCKEY</segment>
		<segment id="s-2.06" xref="u-2.06">Ice Stadium</segment>
		<segment id="s-2.07" xref="u-2.07">Suomen Jääkiekkoliitto</segment>
		<segment id="s-2.08" xref="u-2.08">Topeliuksenk. 41 a</segment>
		<segment id="s-2.09" xref="u-2.09">tel: 41 86 11</segment>
		<segment id="s-2.10" xref="u-2.10">21</segment>
		<segment id="s-2.11" xref="u-2.11">INVALIDS' ASSOCIATION 30th ANNIVERSARY</segment>
		<segment id="s-2.12" xref="u-2.12">City Theatre</segment>
		<segment id="s-2.13" xref="u-2.13">Suomen Siviili- ja asevelvollisuusinvalidien Liitto ry</segment>
		<segment id="s-2.14" xref="u-2.14">Mannerheimint. 44</segment>
		<segment id="s-2.15" xref="u-2.15">tel: 44 05 66</segment>
		<segment id="s-2.16" xref="u-2.16">19</segment>
		<segment id="s-2.17" xref="u-2.17">FINLAND - ESTHONIA</segment>
		<segment id="s-2.18" xref="u-2.18">BOXING</segment>
		<segment id="s-2.19" xref="u-2.19">Suomen Nyrkkeilyliitto</segment>
		<segment id="s-2.20" xref="u-2.20">Topeliuksenk. 41 a</segment>
		<segment id="s-2.21" xref="u-2.21">tel: 41 86 11</segment>
		<segment id="s-2.22" xref="u-2.22">February</segment>
		<segment id="s-2.23" xref="u-2.23">12--13</segment>
		<segment id="s-2.24" xref="u-2.24">PRODUCTIVITY DAYS</segment>
		<segment id="s-2.25" xref="u-2.25">(School of Economics)</segment>
		<segment id="s-2.26" xref="u-2.26">Kauppakorkeakoulu</segment>
		<segment id="s-2.27" xref="u-2.27">Rationalisointiliitto</segment>
		<segment id="s-2.28" xref="u-2.28">Mr. Haapala</segment>
		<segment id="s-2.29" xref="u-2.29">tel: 44 02 61</segment>
		<segment id="s-2.30" xref="u-2.30">March</segment>
		<segment id="s-2.31" xref="u-2.31">15--24</segment>
		<segment id="s-2.32" xref="u-2.32">BOAT AND CAMPING SHOW</segment>
		<segment id="s-2.33" xref="u-2.33">Exhibition Hall</segment>
		<segment id="s-2.34" xref="u-2.34">The Finnish Fair Corporation</segment>
		<segment id="s-2.35" xref="u-2.35">Messuhallit</segment>
		<segment id="s-2.36" xref="u-2.36">tel: 44 00 11</segment>
		<segment id="s-2.37" xref="u-2.37">29--7.4</segment>
		<segment id="s-2.38" xref="u-2.38">BOAT SHOW '68</segment>
		<segment id="s-2.39" xref="u-2.39">Ice Stadium</segment>
		<segment id="s-2.40" xref="u-2.40">Nyländska Jaktklubben</segment>
		<segment id="s-2.41" xref="u-2.41">Muukalaiskatu 11 A</segment>
		<segment id="s-2.42" xref="u-2.42">tel: 63 49 55</segment>
		<segment id="s-2.43" xref="u-2.43">April</segment>
		<segment id="s-2.44" xref="u-2.44">21--5.5</segment>
		<segment id="s-2.45" xref="u-2.45">HOLIDAY ON ICE</segment>
		<segment id="s-2.46" xref="u-2.46">ICE SHOW</segment>
		<segment id="s-2.47" xref="u-2.47">Ice Stadium</segment>
		<segment id="s-2.48" xref="u-2.48">Musiikki Fazer</segment>
		<segment id="s-2.49" xref="u-2.49">Mr. Groundstroem</segment>
		<segment id="s-2.50" xref="u-2.50">tel: 10 751</segment>
		<segment id="s-2.51" xref="u-2.51">May</segment>
		<segment id="s-2.52" xref="u-2.52">4--12</segment>
		<segment id="s-2.53" xref="u-2.53">6th HELSINKI EXHIBITION OF PHOTOGRAPHIC ART</segment>
		<segment id="s-2.54" xref="u-2.54">(Master Builder's House)</segment>
		<segment id="s-2.55" xref="u-2.55">Rakennusmestarien talo</segment>
		<segment id="s-2.56" xref="u-2.56">Suomen Kameraseurojen Liitto</segment>
		<segment id="s-2.57" xref="u-2.57">Kalevank. 21 A 5</segment>
		<segment id="s-2.58" xref="u-2.58">tel: 64 42 56</segment>
		<segment id="s-2.59" xref="u-2.59">15--19</segment>
		<segment id="s-2.60" xref="u-2.60">HEATING, PLUMBING AND AIR CONDITIONING FAIR</segment>
		<segment id="s-2.61" xref="u-2.61">Exhibition Hall</segment>
		<segment id="s-2.62" xref="u-2.62">The Finnish Fair Corporation</segment>
		<segment id="s-2.63" xref="u-2.63">Messuhallit</segment>
		<segment id="s-2.64" xref="u-2.64">tel: 44 00 11</segment>
		<segment id="s-2.65" xref="u-2.65">16--17</segment>
		<segment id="s-2.66" xref="u-2.66">SCANDINAVIAN OIL HEATING CONGRESS '68</segment>
		<segment id="s-2.67" xref="u-2.67">Öljylämmitysteknillinen yhdistys</segment>
		<segment id="s-2.68" xref="u-2.68">Arkadiank. 12</segment>
		<segment id="s-2.69" xref="u-2.69">tel: 49 45 76</segment>
		<segment id="s-2.70" xref="u-2.70">16--30</segment>
		<segment id="s-2.71" xref="u-2.71">HELSINKI FESTIVAL</segment>
		<segment id="s-2.72" xref="u-2.72">Helsinki-viikon säätiö</segment>
		<segment id="s-2.73" xref="u-2.73">Unionink. 28</segment>
		<segment id="s-2.74" xref="u-2.74">tel: 65 36 90</segment>
		<segment id="s-2.75" xref="u-2.75">17--19</segment>
		<segment id="s-2.76" xref="u-2.76">HELSINKI ASSOCIATION OF HANDICRAFTS AND INDUSTRY CENTENARY</segment>
		<segment id="s-2.77" xref="u-2.77">(Swedish School of Economics)</segment>
		<segment id="s-2.78" xref="u-2.78">Ruotsal. Kauppakorkeakoulu</segment>
		<segment id="s-2.79" xref="u-2.79">Helsingin käsityö- ja teollisuusyhdistys</segment>
		<segment id="s-2.80" xref="u-2.80">Tehtaank. 29</segment>
		<segment id="s-2.81" xref="u-2.81">tel: 63 78 07</segment>
		<segment id="s-2.82" xref="u-2.82">19--23</segment>
		<segment id="s-2.83" xref="u-2.83">IFOSA</segment>
		<segment id="s-2.84" xref="u-2.84">EUROPEAN CONGRESS</segment>
		<segment id="s-2.85" xref="u-2.85">Oy Wulff Ab</segment>
		<segment id="s-2.86" xref="u-2.86">Store Manager Rope</segment>
		<segment id="s-2.87" xref="u-2.87">tel: 64 63 11</segment>
		<segment id="s-2.88" xref="u-2.89">June</segment>
		<segment id="s-2.89" xref="u-2.90">3</segment>
		<segment id="s-2.90" xref="u-2.91">FINLAND - DENMARK</segment>
		<segment id="s-2.91" xref="u-2.92">FOOTBALL</segment>
		<segment id="s-2.92" xref="u-2.93">Suomen Palloliitto</segment>
		<segment id="s-2.93" xref="u-2.94">Bulevardi 28</segment>
		<segment id="s-2.94" xref="u-2.95">tel: 63 49 32</segment>
		<segment id="s-2.95" xref="u-2.96">5--9</segment>
		<segment id="s-2.96" xref="u-2.97">SCANDINAVIAN COMPUTER CONGRES</segment>
		<segment id="s-2.97" xref="u-2.98">Otaniemi</segment>
		<segment id="s-2.98" xref="u-2.99">Valtion Tietokonekeskus</segment>
		<segment id="s-2.99" xref="u-2.100">Mr. Andersin</segment>
		<segment id="s-2.100" xref="u-2.101">tel: 13 665</segment>
		<segment id="s-2.101" xref="u-2.102">8--9</segment>
		<segment id="s-2.102" xref="u-2.103">MEETING OF TECHNICAL PRINT FOREMEN</segment>
		<segment id="s-2.103" xref="u-2.104">Suomen Faktoriliitto</segment>
		<segment id="s-2.104" xref="u-2.105">Kasarmik. 34</segment>
		<segment id="s-2.105" xref="u-2.106">tel: 66 20 72</segment>
		<segment id="s-2.106" xref="u-2.107">9--14</segment>
		<segment id="s-2.107" xref="u-2.108">17th INTERNATIONAL LYCEUM CLUB CONGRESS</segment>
		<segment id="s-2.108" xref="u-2.109">Helsingin Lyceumklubi</segment>
		<segment id="s-2.109" xref="u-2.110">Lönnrotink. 11</segment>
		<segment id="s-2.110" xref="u-2.111">tel. 33 17 87/Mrs. Kärki</segment>
		<segment id="s-2.111" xref="u-2.112">10--??</segment>
		<segment id="s-2.112" xref="u-2.113">SCANDINAVIAN RHEUMATOLOGY CONGRESS</segment>
		<segment id="s-2.113" xref="u-2.114">Otaniemi</segment>
		<segment id="s-2.114" xref="u-2.115">Reumaliitto</segment>
		<segment id="s-2.115" xref="u-2.116">Dr. Kirpilä</segment>
		<segment id="s-2.116" xref="u-2.117">tel: 65 28 03</segment>
		<segment id="s-2.117" xref="u-2.118">12</segment>
		<segment id="s-2.118" xref="u-2.119">HELSINKI DAY</segment>
		<segment id="s-2.119" xref="u-2.120">Helsingin kaupunki</segment>
		<segment id="s-2.120" xref="u-2.121">tel: 71 60 11/3795</segment>
		<segment id="s-2.121" xref="u-2.122">12--13</segment>
		<segment id="s-2.122" xref="u-2.123">40th ANNIVERSARY OF THE BUS FEDERATION</segment>
		<segment id="s-2.123" xref="u-2.124">Linja-autoliitto ry</segment>
		<segment id="s-2.124" xref="u-2.125">P. Rautatienk. 19 c</segment>
		<segment id="s-2.125" xref="u-2.126">tel: 44 01 55</segment>
		<segment id="s-2.126" xref="u-2.127">15--20</segment>
		<segment id="s-2.127" xref="u-2.128">INTERNATIONAL WALLPAPER INDUSTRY CONGRESS</segment>
		<segment id="s-2.128" xref="u-2.129">Suomen Tapettitehtaiden yhdistys</segment>
		<segment id="s-2.129" xref="u-2.130">tel: 62 84 13</segment>
		<segment id="s-2.130" xref="u-2.131">Mr. Winckelmann</segment>
		<segment id="s-2.131" xref="u-2.132">FINNISH ASSOCIATION OF DRUGSTORES EUROPEAN CONGRESS</segment>
		<segment id="s-2.132" xref="u-2.133">Suomen Kemikalikauppiasliitto</segment>
		<segment id="s-2.133" xref="u-2.134">Runebergink. 49 A</segment>
		<segment id="s-2.134" xref="u-2.135">tel: 44 06 36</segment>
		<segment id="s-2.135" xref="u-2.136">16--19</segment>
		<segment id="s-2.136" xref="u-2.137">CONGRESS OF SCANDINAVIAN MOTHERS</segment>
		<segment id="s-2.137" xref="u-2.138">Otaniemi</segment>
		<segment id="s-2.138" xref="u-2.139">Suomalainen ja Ruotsalainen Marttaliitto</segment>
		<segment id="s-2.139" xref="u-2.140">Uudenmaankatu 24</segment>
		<segment id="s-2.140" xref="u-2.141">tel: 63 05 53/Törngren</segment>
		<segment id="s-2.141" xref="u-2.142">24--29</segment>
		<segment id="s-2.142" xref="u-2.143">CONGRESS OF THE INTERNATIONAL ASSOCIATION OF MEDICAL LABORATORY TECHNICIANS</segment>
		<segment id="s-2.143" xref="u-2.144">Miss Seija Helenius</segment>
		<segment id="s-2.144" xref="u-2.145">Meilahden sairaala</segment>
		<segment id="s-2.145" xref="u-2.146">tel: 41 84 11/laboratory</segment>
		<segment id="s-2.146" xref="u-2.147">30--2.7</segment>
		<segment id="s-2.147" xref="u-2.148">INTERNATIONAL UNION OF AGRICULTURAL JOURNALISTS</segment>
		<segment id="s-2.148" xref="u-2.149">Otaniemi</segment>
		<segment id="s-2.149" xref="u-2.150">Maataloustoimittajien Liitto</segment>
		<segment id="s-2.150" xref="u-2.151">Miss Kittilä</segment>
		<segment id="s-2.151" xref="u-2.152">tel: 61 741</segment>
		<segment id="s-2.152" xref="u-2.153">July</segment>
		<segment id="s-2.153" xref="u-2.154">2--6</segment>
		<segment id="s-2.154" xref="u-2.155">XIV CIOSTA CONGRESS</segment>
		<segment id="s-2.155" xref="u-2.156">Dipoli</segment>
		<segment id="s-2.156" xref="u-2.157">Työtehoseura</segment>
		<segment id="s-2.157" xref="u-2.158">Dr. Martti Sipilä</segment>
		<segment id="s-2.158" xref="u-2.159">tel: 64 34 16</segment>
		<segment id="s-2.159" xref="u-2.160">15--22</segment>
		<segment id="s-2.160" xref="u-2.161">INTERNATIONAL CONGRESS OF VIROLOGY</segment>
		<segment id="s-2.161" xref="u-2.162">Prof. Oker-Blom</segment>
		<segment id="s-2.162" xref="u-2.163">Yliopiston Virusopin laitos</segment>
		<segment id="s-2.163" xref="u-2.164">tel: 41 85 11/280</segment>
		<segment id="s-2.164" xref="u-2.165">August</segment>
		<segment id="s-2.165" xref="u-2.166">1--14</segment>
		<segment id="s-2.166" xref="u-2.167">WORLD STUDENTS CHRISTIAN MOVEMENT CONGRESS</segment>
		<segment id="s-2.167" xref="u-2.168">Otaniemi</segment>
		<segment id="s-2.168" xref="u-2.169">Rev. Juhani Simojoki</segment>
		<segment id="s-2.169" xref="u-2.170">tel: 11 466</segment>
		<segment id="s-2.170" xref="u-2.171">1--14</segment>
		<segment id="s-2.171" xref="u-2.172">MEDICAL STUDENTS' CONFERENCE</segment>
		<segment id="s-2.172" xref="u-2.173">Otaniemi</segment>
		<segment id="s-2.173" xref="u-2.174">Lääketieteenkandidaattiseura</segment>
		<segment id="s-2.174" xref="u-2.175">Mr. Kesämeri</segment>
		<segment id="s-2.175" xref="u-2.176">tel: 64 06 40</segment>
		<segment id="s-2.176" xref="u-2.177">4--11</segment>
		<segment id="s-2.177" xref="u-2.178">INTERNATIONAL SOCIETY OF BUSINESS EDUCATION</segment>
		<segment id="s-2.178" xref="u-2.179">Dipoli</segment>
		<segment id="s-2.179" xref="u-2.180">Dr. Herrgård</segment>
		<segment id="s-2.180" xref="u-2.181">tel: 41 33 32</segment>
		<segment id="s-2.181" xref="u-2.183">12--17</segment>
		<segment id="s-2.182" xref="u-2.184">INTERNATIONAL SETTLEMENT CONFERENCE</segment>
		<segment id="s-2.183" xref="u-2.185">Kalliola</segment>
		<segment id="s-2.184" xref="u-2.186">I.F.S.</segment>
		<segment id="s-2.185" xref="u-2.187">Kristillis-yhteiskunnallinen Työskeskusliitto</segment>
		<segment id="s-2.186" xref="u-2.188">Sturenk. 11</segment>
		<segment id="s-2.187" xref="u-2.189">tel: 71 22 42</segment>
		<segment id="s-2.188" xref="u-2.190">18--24</segment>
		<segment id="s-2.189" xref="u-2.191">14th INTERNATIONAL CONFERENCE OF SOCIAL WORK</segment>
		<segment id="s-2.190" xref="u-2.192">Sosiaalihuollon Keskusliitto</segment>
		<segment id="s-2.191" xref="u-2.193">tel: 64 47 85</segment>
		<segment id="s-2.192" xref="u-2.194">Mr. Lappalainen</segment>
		<segment id="s-2.193" xref="u-2.195">26--29</segment>
		<segment id="s-2.194" xref="u-2.196">INTERNATIONAL SOCIAL SECURITY ASSOCIATION</segment>
		<segment id="s-2.195" xref="u-2.197">Merimieseläkekassa</segment>
		<segment id="s-2.196" xref="u-2.198">Rauhank. 15</segment>
		<segment id="s-2.197" xref="u-2.199">tel. 65 84 33</segment>
		<segment id="s-2.198" xref="u-2.200">Mr. Oravisto</segment>
		<segment id="s-2.199" xref="u-2.201">30--1.9</segment>
		<segment id="s-2.200" xref="u-2.202">RATIONALIZATION STUDY CONFERENCE</segment>
		<segment id="s-2.201" xref="u-2.203">Otaniemi</segment>
		<segment id="s-2.202" xref="u-2.204">Suomen Rationalisointiliitto</segment>
		<segment id="s-2.203" xref="u-2.205">Mr. Elomaa</segment>
		<segment id="s-2.204" xref="u-2.206">tel: 12 531</segment>
		<segment id="s-2.205" xref="u-2.207">September</segment>
		<segment id="s-2.206" xref="u-2.208">16--17</segment>
		<segment id="s-2.207" xref="u-2.209">SCANDINAVIAN PERIODICALS CONGRESS</segment>
		<segment id="s-2.208" xref="u-2.210">Aikakauslehtien Liitto</segment>
		<segment id="s-2.209" xref="u-2.211">Mr. Mäkeläinen</segment>
		<segment id="s-2.210" xref="u-2.212">tel: 64 50 11</segment>
		<segment id="s-2.211" xref="u-2.213">19--29</segment>
		<segment id="s-2.212" xref="u-2.214">HELSINKI INTERNATIONAL TRADE FAIR</segment>
		<segment id="s-2.213" xref="u-2.215">Exhibition Hall</segment>
		<segment id="s-2.214" xref="u-2.216">The Finnish Fair Corporation</segment>
		<segment id="s-2.215" xref="u-2.217">tel: 44 00 11</segment>
		<segment id="s-2.216" xref="u-2.218">October</segment>
		<segment id="s-2.217" xref="u-2.219">2--4</segment>
		<segment id="s-2.218" xref="u-2.220">CONFERENCE OF SCANDINAVIAN TRAFFIC EXPERTS</segment>
		<segment id="s-2.219" xref="u-2.221">(Master Builders' House)</segment>
		<segment id="s-2.220" xref="u-2.222">Rakennusmestarien talo</segment>
		<segment id="s-2.221" xref="u-2.223">Helsingin kaupungin liikennelaitos</segment>
		<segment id="s-2.222" xref="u-2.224">tel: 44 34 20</segment>
		<segment id="s-2.223" xref="u-2.225">Mrs. Lilja</segment>
		<segment id="s-2.224" xref="u-2.226">1969</segment>
		<segment id="s-2.225" xref="u-2.227">February</segment>
		<segment id="s-2.226" xref="u-2.228">14--23</segment>
		<segment id="s-2.227" xref="u-2.229">BOAT AND CAMPING SHOW</segment>
		<segment id="s-2.228" xref="u-2.230">Exhibition Hall</segment>
		<segment id="s-2.229" xref="u-2.231">The Finnish Fair Corporation</segment>
		<segment id="s-2.230" xref="u-2.232">tel: 44 00 11</segment>
		<segment id="s-2.231" xref="u-2.233">April</segment>
		<segment id="s-2.232" xref="u-2.234">18--27</segment>
		<segment id="s-2.233" xref="u-2.235">EXHIBITION OF WORK EFFICIENCY</segment>
		<segment id="s-2.234" xref="u-2.236">Exhibition Hall</segment>
		<segment id="s-2.235" xref="u-2.237">Työtehoseura</segment>
		<segment id="s-2.236" xref="u-2.238">Dr. Martti Sipilä</segment>
		<segment id="s-2.237" xref="u-2.239">tel: 65 34 16</segment>
		<segment id="s-2.238" xref="u-2.240">May</segment>
		<segment id="s-2.239" xref="u-2.241">9--18</segment>
		<segment id="s-2.240" xref="u-2.242">INTERNATIONAL MOTOR SHOW</segment>
		<segment id="s-2.241" xref="u-2.243">Exhibition Hall</segment>
		<segment id="s-2.242" xref="u-2.244">The Finnish Fair Corporation</segment>
		<segment id="s-2.243" xref="u-2.245">tel: 44 00 11</segment>
		<segment id="s-2.244" xref="u-2.246">16--30</segment>
		<segment id="s-2.245" xref="u-2.247">HELSINKI FESTIVAL</segment>
		<segment id="s-2.246" xref="u-2.248">Helsinki-viikon säätiö</segment>
		<segment id="s-2.247" xref="u-2.249">Unionink. 28</segment>
		<segment id="s-2.248" xref="u-2.250">tel: 65 36 90</segment>
		<segment id="s-2.249" xref="u-2.251">June</segment>
		<segment id="s-2.250" xref="u-2.252">3--7</segment>
		<segment id="s-2.251" xref="u-2.253">SCANDINAVIAN SURGEONS' CONGRESS</segment>
		<segment id="s-2.252" xref="u-2.254">Dipoli</segment>
		<segment id="s-2.253" xref="u-2.255">Dr. Pär Slätis</segment>
		<segment id="s-2.254" xref="u-2.256">tel: 44 04 91</segment>
		<segment id="s-2.255" xref="u-2.257">12</segment>
		<segment id="s-2.256" xref="u-2.258">HELSINKI DAY</segment>
		<segment id="s-2.257" xref="u-2.259">Helsingin kaupunki</segment>
		<segment id="s-2.258" xref="u-2.260">tel: 71 60 11/3795</segment>
		<segment id="s-2.259" xref="u-2.261">23--26</segment>
		<segment id="s-2.260" xref="u-2.262">EUROPEAN ASSOCIATION OF ANIMAL PRODUCTION</segment>
		<segment id="s-2.261" xref="u-2.263">Dipoli</segment>
		<segment id="s-2.262" xref="u-2.264">Dr. Holma (Councellor of Agriculture)</segment>
		<segment id="s-2.263" xref="u-2.265">tel. 61 971</segment>
		<segment id="s-2.264" xref="u-2.266">GIRL GUIDES WORLD CONGRESS</segment>
		<segment id="s-2.265" xref="u-2.267">Otaniemi</segment>
		<segment id="s-2.266" xref="u-2.268">Suomen Partiotyttöjärjestö</segment>
		<segment id="s-2.267" xref="u-2.269">Miss Elina Veistäjä</segment>
		<segment id="s-2.268" xref="u-2.270">tel: 65 01 00</segment>
	</segmentation>
	<rst-structure><!-- SIDE 1 -->
		<multi-span id="span-1.01" nuclei="s-1.108 s-1.109 s-1.110 s-1.111" relation="joint"/>
		<multi-span id="span-1.02" nuclei="s-1.112 s-1.113" relation="joint"/>
		<multi-span id="span-1.03" nuclei="s-1.114 span-1.01 span-1.02" relation="joint"/>
		<multi-span id="span-1.04" nuclei="s-1.114 s-1.115" relation="joint"/>
		<multi-span id="span-1.05" nuclei="s-1.115 span-1.06" relation="joint"/>
		<multi-span id="span-1.06" nuclei="s-1.116 span-1.07 span-1.08" relation="joint"/>
		<multi-span id="span-1.07" nuclei="s-1.117 s-1.118" relation="joint"/>
		<multi-span id="span-1.08" nuclei="s-1.119 s-1.120 s-1.121 s-1.122" relation="joint"/>
		<multi-span id="span-1.09" nuclei="s-1.114 s-1.123" relation="joint"/><!-- TITLE -->
		<multi-span id="span-1.10" nuclei="s-1.123 s-1.124" relation="joint"/><!-- MONTH -->
		<multi-span id="span-1.11" nuclei="s-1.124 span-1.12 span-1.13" relation="joint"/><!-- DATE links to NAME and CONTACt-->
		<multi-span id="span-1.12" nuclei="s-1.125 s-1.126" relation="joint"/><!-- NAME + [LOCATION] -->
		<multi-span id="span-1.13" nuclei="s-1.127 s-1.128" relation="joint"/><!-- CONTACT -->
		<multi-span id="span-1.14" nuclei="s-1.123 s-1.129" relation="joint"/>
		<multi-span id="span-1.15" nuclei="s-1.129 span-1.16 span-1.17" relation="joint"/>
		<multi-span id="span-1.16" nuclei="s-1.130 s-1.131 s-1.132" relation="joint"/>
		<multi-span id="span-1.17" nuclei="s-1.133 s-1.134 s-1.135" relation="joint"/>
		<multi-span id="span-1.18" nuclei="s-1.123 s-1.136" relation="joint"/>
		<multi-span id="span-1.19" nuclei="s-1.136 s-1.137 span-1.20" relation="joint"/>
		<multi-span id="span-1.20" nuclei="s-1.138 s-1.139 s-1.140" relation="joint"/>
		<multi-span id="span-1.21" nuclei="s-1.123 s-1.141" relation="joint"/>
		<multi-span id="span-1.22" nuclei="s-1.141 span-1.23 span-1.24" relation="joint"/>
		<multi-span id="span-1.23" nuclei="s-1.142 s-1.143 s-1.144" relation="joint"/>
		<multi-span id="span-1.24" nuclei="s-1.145 s-1.146 s-1.147 s-1.148" relation="joint"/>
		<multi-span id="span-1.25" nuclei="s-1.123 s-1.149" relation="joint"/>
		<multi-span id="span-1.26" nuclei="s-1.149 s-1.150 span-1.27" relation="joint"/>
		<multi-span id="span-1.27" nuclei="s-1.151 s-1.152" relation="joint"/>
		<multi-span id="span-1.28" nuclei="s-1.123 s-1.153" relation="joint"/>
		<multi-span id="span-1.29" nuclei="s-1.153 s-1.154 span-1.30" relation="joint"/>
		<multi-span id="span-1.30" nuclei="s-1.155 s-1.156 s-1.157" relation="joint"/>
		<multi-span id="span-1.31" nuclei="s-1.123 s-1.158" relation="joint"/>
		<multi-span id="span-1.32" nuclei="s-1.158 span-1.33 span-1.34" relation="joint"/>
		<multi-span id="span-1.33" nuclei="s-1.159 s-1.160 s-1.161" relation="joint"/>
		<multi-span id="span-1.34" nuclei="s-1.162 s-1.163 s-1.163-m" relation="joint"/>
		<multi-span id="span-1.35" nuclei="s-1.123 s-1.164" relation="joint"/>
		<multi-span id="span-1.36" nuclei="s-1.164 s-1.165 span-1.37" relation="joint"/>
		<multi-span id="span-1.37" nuclei="s-1.166 s-1.167 s-1.168" relation="joint"/>
		<multi-span id="span-1.38" nuclei="s-1.123 s-1.169" relation="joint"/>
		<multi-span id="span-1.39" nuclei="s-1.169 span-1.40 span-1.41" relation="joint"/>
		<multi-span id="span-1.40" nuclei="s-1.170 s-1.171 s-1.172" relation="joint"/>
		<multi-span id="span-1.41" nuclei="s-1.173 s-1.174 s-1.175" relation="joint"/>
		<multi-span id="span-1.42" nuclei="s-1.114 s-1.176" relation="joint"/>
		<multi-span id="span-1.43" nuclei="s-1.176 s-1.177" relation="joint"/>
		<multi-span id="span-1.44" nuclei="s-1.177 span-1.45 span-1.46" relation="joint"/>
		<multi-span id="span-1.45" nuclei="s-1.178 s-1.179" relation="joint"/>
		<multi-span id="span-1.46" nuclei="s-1.180 s-1.181" relation="joint"/>
		<multi-span id="span-1.47" nuclei="s-1.177 s-1.182" relation="joint"/>
		<multi-span id="span-1.48" nuclei="s-1.182 span-1.49 span-1.50" relation="joint"/>
		<multi-span id="span-1.49" nuclei="s-1.183 s-1.184 s-1.185" relation="joint"/>
		<multi-span id="span-1.50" nuclei="s-1.186 s-1.187 s-1.188" relation="joint"/><!-- SIDE 2 -->
		<multi-span id="span-1.51" nuclei="s-1.114 s-2.01" relation="joint"/>
		<multi-span id="span-1.52" nuclei="s-2.01 s-2.02" relation="joint"/>
		<multi-span id="span-1.53" nuclei="s-2.02 s-2.03" relation="joint"/>
		<multi-span id="span-1.54" nuclei="s-2.03 span-1.55 span-1.56" relation="joint"/>
		<multi-span id="span-1.55" nuclei="s-2.04 s-2.05 s-2.06" relation="joint"/>
		<multi-span id="span-1.56" nuclei="s-2.07 s-2.08 s-2.09" relation="joint"/>
		<multi-span id="span-1.57" nuclei="s-2.02 s-2.10" relation="joint"/>
		<multi-span id="span-1.58" nuclei="s-2.10 span-1.59 span-1.60" relation="joint"/>
		<multi-span id="span-1.59" nuclei="s-2.11 s-2.12" relation="joint"/>
		<multi-span id="span-1.60" nuclei="s-2.13 s-2.14 s-2.15" relation="joint"/>
		<multi-span id="span-1.61" nuclei="s-2.02 s-2.16" relation="joint"/>
		<multi-span id="span-1.62" nuclei="s-2.16 span-1.63 span-1.64" relation="joint"/>
		<multi-span id="span-1.63" nuclei="s-2.17 s-2.18" relation="joint"/>
		<multi-span id="span-1.64" nuclei="s-2.19 s-2.20 s-2.21" relation="joint"/>
		<multi-span id="span-1.65" nuclei="s-2.01 s-2.22" relation="joint"/>
		<multi-span id="span-1.65-m" nuclei="s-2.22 s-2.23" relation="joint"/>
		<multi-span id="span-1.66" nuclei="s-2.23 span-1.67 span-1.68" relation="joint"/>
		<multi-span id="span-1.67" nuclei="s-2.24 s-2.25 s-2.26" relation="joint"/>
		<multi-span id="span-1.68" nuclei="s-2.27 s-2.28 s-2.29" relation="joint"/>
		<multi-span id="span-1.69" nuclei="s-2.01 s-2.30" relation="joint"/>
		<multi-span id="span-1.70" nuclei="s-2.30 s-2.31" relation="joint"/>
		<multi-span id="span-1.71" nuclei="s-2.31 span-1.72 span-1.73" relation="joint"/>
		<multi-span id="span-1.72" nuclei="s-2.32 s-2.33" relation="joint"/>
		<multi-span id="span-1.73" nuclei="s-2.34 s-2.35 s-2.36" relation="joint"/>
		<multi-span id="span-1.74" nuclei="s-2.30 s-2.37" relation="joint"/>
		<multi-span id="span-1.75" nuclei="s-2.37 span-1.76 span-1.77" relation="joint"/>
		<multi-span id="span-1.76" nuclei="s-2.38 s-2.39" relation="joint"/>
		<multi-span id="span-1.77" nuclei="s-2.40 s-2.41 s-2.42" relation="joint"/>
		<multi-span id="span-1.78" nuclei="s-2.02 s-2.43" relation="joint"/>
		<multi-span id="span-1.79" nuclei="s-2.43 s-2.44" relation="joint"/>
		<multi-span id="span-1.80" nuclei="s-2.44 span-1.81 span-1.82" relation="joint"/>
		<multi-span id="span-1.81" nuclei="s-2.45 s-2.46 s-2.47" relation="joint"/>
		<multi-span id="span-1.82" nuclei="s-2.48 s-2.49 s-2.50" relation="joint"/>
		<multi-span id="span-1.83" nuclei="s-2.02 s-2.51" relation="joint"/>
		<multi-span id="span-1.84" nuclei="s-2.51 s-2.52" relation="joint"/>
		<multi-span id="span-1.85" nuclei="s-2.52 span-1.86 span-1.87" relation="joint"/>
		<multi-span id="span-1.86" nuclei="s-2.53 s-2.54 s-2.55" relation="joint"/>
		<multi-span id="span-1.87" nuclei="s-2.56 s-2.57 s-2.58" relation="joint"/>
		<multi-span id="span-1.88" nuclei="s-2.51 s-2.59" relation="joint"/>
		<multi-span id="span-1.89" nuclei="s-2.59 span-1.90 span-1.91" relation="joint"/>
		<multi-span id="span-1.90" nuclei="s-2.60 s-2.61" relation="joint"/>
		<multi-span id="span-1.91" nuclei="s-2.62 s-2.63 s-2.64" relation="joint"/>
		<multi-span id="span-1.92" nuclei="s-2.51 s-2.65" relation="joint"/>
		<multi-span id="span-1.93" nuclei="s-2.65 s-2.66 span-1.94" relation="joint"/>
		<multi-span id="span-1.94" nuclei="s-2.67 s-2.68 s-2.69" relation="joint"/>
		<multi-span id="span-1.95" nuclei="s-2.51 s-2.70" relation="joint"/>
		<multi-span id="span-1.96" nuclei="s-2.70 s-2.71 span-1.97" relation="joint"/>
		<multi-span id="span-1.97" nuclei="s-2.72 s-2.73 s-2.74" relation="joint"/>
		<multi-span id="span-1.98" nuclei="s-2.51 s-2.75" relation="joint"/>
		<multi-span id="span-1.99" nuclei="s-2.75 span-1.100 span-1.101" relation="joint"/>
		<multi-span id="span-1.100" nuclei="s-2.76 s-2.77 s-2.78" relation="joint"/>
		<multi-span id="span-1.101" nuclei="s-2.79 s-2.80 s-2.81" relation="joint"/>
		<multi-span id="span-1.102" nuclei="s-2.51 s-2.82" relation="joint"/>
		<multi-span id="span-1.103" nuclei="s-2.82 span-1.104 span-1.105" relation="joint"/>
		<multi-span id="span-1.104" nuclei="s-2.83 s-2.84" relation="joint"/>
		<multi-span id="span-1.105" nuclei="s-2.85 s-2.86 s-2.87" relation="joint"/>
		<multi-span id="span-1.106" nuclei="s-2.01 s-2.88" relation="joint"/>
		<multi-span id="span-1.107" nuclei="s-2.88 s-2.89" relation="joint"/>
		<multi-span id="span-1.108" nuclei="s-2.89 span-1.109 span-1.110" relation="joint"/>
		<multi-span id="span-1.109" nuclei="s-2.90 s-2.91" relation="joint"/>
		<multi-span id="span-1.110" nuclei="s-2.92 s-2.93 s-2.94" relation="joint"/>
		<multi-span id="span-1.111" nuclei="s-2.88 s-2.95" relation="joint"/>
		<multi-span id="span-1.112" nuclei="s-2.95 span-1.113 span-1.114" relation="joint"/>
		<multi-span id="span-1.113" nuclei="s-2.96 s-2.97" relation="joint"/>
		<multi-span id="span-1.114" nuclei="s-2.98 s-2.99 s-2.100" relation="joint"/>
		<multi-span id="span-1.115" nuclei="s-2.88 s-2.101" relation="joint"/>
		<multi-span id="span-1.116" nuclei="s-2.101 s-2.102 span-1.117" relation="joint"/>
		<multi-span id="span-1.117" nuclei="s-2.103 s-2.104 s-2.105" relation="joint"/>
		<multi-span id="span-1.118" nuclei="s-2.88 s-2.106" relation="joint"/>
		<multi-span id="span-1.119" nuclei="s-2.106 s-2.107 span-1.120" relation="joint"/>
		<multi-span id="span-1.120" nuclei="s-2.108 s-2.109 s-2.110" relation="joint"/>
		<multi-span id="span-1.121" nuclei="s-2.88 s-2.111" relation="joint"/>
		<multi-span id="span-1.122" nuclei="s-2.111 span-1.123 span-1.124" relation="joint"/>
		<multi-span id="span-1.123" nuclei="s-2.112 s-2.113" relation="joint"/>
		<multi-span id="span-1.124" nuclei="s-2.114 s-2.115 s-2.116" relation="joint"/>
		<multi-span id="span-1.125" nuclei="s-2.88 s-2.117" relation="joint"/>
		<multi-span id="span-1.126" nuclei="s-2.117 s-2.118 span-1.127" relation="joint"/>
		<multi-span id="span-1.127" nuclei="s-2.119 s-2.120" relation="joint"/>
		<multi-span id="span-1.128" nuclei="s-2.88 s-2.121" relation="joint"/>
		<multi-span id="span-1.129" nuclei="s-2.121 s-2.122 span-1.130" relation="joint"/>
		<multi-span id="span-1.130" nuclei="s-2.123 s-2.124 s-2.125" relation="joint"/>
		<multi-span id="span-1.131" nuclei="s-2.88 s-2.126" relation="joint"/>
		<multi-span id="span-1.132" nuclei="s-2.126 s-2.127 span-1.133" relation="joint"/>
		<multi-span id="span-1.133" nuclei="s-2.128 s-2.129 s-2.130" relation="joint"/>
		<multi-span id="span-1.134" nuclei="s-2.126 s-2.131 span-1.135" relation="joint"/>
		<multi-span id="span-1.135" nuclei="s-2.132 s-2.133 s-2.134" relation="joint"/>
		<multi-span id="span-1.136" nuclei="s-2.88 s-2.135" relation="joint"/>
		<multi-span id="span-1.137" nuclei="s-2.135 span-1.138 span-1.139" relation="joint"/>
		<multi-span id="span-1.138" nuclei="s-2.136 s-2.137" relation="joint"/>
		<multi-span id="span-1.139" nuclei="s-2.138 s-2.139 s-2.140" relation="joint"/>
		<multi-span id="span-1.140" nuclei="s-2.88 s-2.141" relation="joint"/>
		<multi-span id="span-1.141" nuclei="s-2.141 s-2.142 span-1.142" relation="joint"/>
		<multi-span id="span-1.142" nuclei="s-2.143 s-2.144 s-2.145" relation="joint"/>
		<multi-span id="span-1.143" nuclei="s-2.88 s-2.146" relation="joint"/>
		<multi-span id="span-1.144" nuclei="s-2.146 span-1.145 span-1.146" relation="joint"/>
		<multi-span id="span-1.145" nuclei="s-2.147 s-2.148" relation="joint"/>
		<multi-span id="span-1.146" nuclei="s-2.149 s-2.150 s-2.151" relation="joint"/>
		<multi-span id="span-1.147" nuclei="s-2.01 s-2.152" relation="joint"/>
		<multi-span id="span-1.148" nuclei="s-2.152 s-2.153" relation="joint"/>
		<multi-span id="span-1.149" nuclei="s-2.153 span-1.150 span-1.151" relation="joint"/>
		<multi-span id="span-1.150" nuclei="s-2.154 s-2.155" relation="joint"/>
		<multi-span id="span-1.151" nuclei="s-2.156 s-2.157 s-2.158" relation="joint"/>
		<multi-span id="span-1.152" nuclei="s-2.152 s-2.159" relation="joint"/>
		<multi-span id="span-1.153" nuclei="s-2.159 s-2.160 span-1.154" relation="joint"/>
		<multi-span id="span-1.154" nuclei="s-2.161 s-2.162 s-2.163" relation="joint"/>
		<multi-span id="span-1.155" nuclei="s-2.152 s-2.164" relation="joint"/>
		<multi-span id="span-1.156" nuclei="s-2.164 s-2.165" relation="joint"/>
		<multi-span id="span-1.157" nuclei="s-2.165 span-1.158 span-1.159" relation="joint"/>
		<multi-span id="span-1.158" nuclei="s-2.166 s-2.167" relation="joint"/>
		<multi-span id="span-1.159" nuclei="s-2.168 s-2.169" relation="joint"/>
		<multi-span id="span-1.160" nuclei="s-2.164 s-2.170" relation="joint"/>
		<multi-span id="span-1.161" nuclei="s-2.170 span-1.162 span-1.163" relation="joint"/>
		<multi-span id="span-1.162" nuclei="s-2.171 s-2.172" relation="joint"/>
		<multi-span id="span-1.163" nuclei="s-2.173 s-2.174 s-2.175" relation="joint"/>
		<multi-span id="span-1.164" nuclei="s-2.164 s-2.176" relation="joint"/>
		<multi-span id="span-1.165" nuclei="s-2.176 span-1.166 span-1.167" relation="joint"/>
		<multi-span id="span-1.166" nuclei="s-2.177 s-2.178" relation="joint"/>
		<multi-span id="span-1.167" nuclei="s-2.179 s-2.180" relation="joint"/>
		<multi-span id="span-1.168" nuclei="s-2.164 s-2.181" relation="joint"/>
		<multi-span id="span-1.169" nuclei="s-2.181 span-1.170 span-1.171" relation="joint"/>
		<multi-span id="span-1.170" nuclei="s-2.182 s-2.183" relation="joint"/>
		<multi-span id="span-1.171" nuclei="s-2.184 s-2.185 s-2.186 s-2.187" relation="joint"/>
		<multi-span id="span-1.172" nuclei="s-2.164 s-2.188" relation="joint"/>
		<multi-span id="span-1.173" nuclei="s-2.188 s-2.189 span-1.174" relation="joint"/>
		<multi-span id="span-1.174" nuclei="s-2.190 s-2.191 s-2.192" relation="joint"/>
		<multi-span id="span-1.175" nuclei="s-2.164 s-2.193" relation="joint"/>
		<multi-span id="span-1.176" nuclei="s-2.193 s-2.194 span-1.177" relation="joint"/>
		<multi-span id="span-1.177" nuclei="s-2.195 s-2.196 s-2.197 s-2.198" relation="joint"/>
		<multi-span id="span-1.178" nuclei="s-2.164 s-2.199" relation="joint"/>
		<multi-span id="span-1.179" nuclei="s-2.199 span-1.180 span-1.181" relation="joint"/>
		<multi-span id="span-1.180" nuclei="s-2.200 s-2.201" relation="joint"/>
		<multi-span id="span-1.181" nuclei="s-2.202 s-2.203 s-2.204" relation="joint"/>
		<multi-span id="span-1.182" nuclei="s-2.01 s-2.205" relation="joint"/>
		<multi-span id="span-1.183" nuclei="s-2.205 s-2.206" relation="joint"/>
		<multi-span id="span-1.184" nuclei="s-2.206 s-2.207 span-1.185" relation="joint"/>
		<multi-span id="span-1.185" nuclei="s-2.208 s-2.209 s-2.210" relation="joint"/>
		<multi-span id="span-1.186" nuclei="s-2.205 s-2.211" relation="joint"/>
		<multi-span id="span-1.187" nuclei="s-2.211 span-1.188 span-1.189" relation="joint"/>
		<multi-span id="span-1.188" nuclei="s-2.212 s-2.213" relation="joint"/>
		<multi-span id="span-1.189" nuclei="s-2.214 s-2.215" relation="joint"/>
		<multi-span id="span-1.190" nuclei="s-2.01 s-2.216" relation="joint"/>
		<multi-span id="span-1.191" nuclei="s-2.216 s-2.217" relation="joint"/>
		<multi-span id="span-1.192" nuclei="s-2.217 span-1.193 span-1.194" relation="joint"/>
		<multi-span id="span-1.193" nuclei="s-2.218 s-2.219 s-2.220" relation="joint"/>
		<multi-span id="span-1.194" nuclei="s-2.221 s-2.222 s-2.223" relation="joint"/>
		<multi-span id="span-1.195" nuclei="s-1.114 s-2.224" relation="joint"/>
		<multi-span id="span-1.196" nuclei="s-2.224 s-2.225" relation="joint"/>
		<multi-span id="span-1.197" nuclei="s-2.225 s-2.226" relation="joint"/>
		<multi-span id="span-1.198" nuclei="s-2.226 span-1.199 span-1.200" relation="joint"/>
		<multi-span id="span-1.199" nuclei="s-2.227 s-2.228" relation="joint"/>
		<multi-span id="span-1.200" nuclei="s-2.229 s-2.230" relation="joint"/>
		<multi-span id="span-1.201" nuclei="s-2.224 s-2.231" relation="joint"/>
		<multi-span id="span-1.202" nuclei="s-2.231 s-2.232" relation="joint"/>
		<multi-span id="span-1.203" nuclei="s-2.232 span-1.204 span-1.205" relation="joint"/>
		<multi-span id="span-1.204" nuclei="s-2.233 s-2.234" relation="joint"/>
		<multi-span id="span-1.205" nuclei="s-2.235 s-2.236 s-2.237" relation="joint"/>
		<multi-span id="span-1.206" nuclei="s-2.224 s-2.238" relation="joint"/>
		<multi-span id="span-1.207" nuclei="s-2.238 s-2.239" relation="joint"/>
		<multi-span id="span-1.208" nuclei="s-2.239 span-1.209 span-1.210" relation="joint"/>
		<multi-span id="span-1.209" nuclei="s-2.240 s-2.241" relation="joint"/>
		<multi-span id="span-1.210" nuclei="s-2.242 s-2.243" relation="joint"/>
		<multi-span id="span-1.211" nuclei="s-2.238 s-2.244" relation="joint"/>
		<multi-span id="span-1.212" nuclei="s-2.244 s-2.245 span-1.213" relation="joint"/>
		<multi-span id="span-1.213" nuclei="s-2.246 s-2.247 s-2.248" relation="joint"/>
		<multi-span id="span-1.214" nuclei="s-2.224 s-2.249" relation="joint"/>
		<multi-span id="span-1.215" nuclei="s-2.249 s-2.250" relation="joint"/>
		<multi-span id="span-1.216" nuclei="s-2.250 span-1.217 span-1.218" relation="joint"/>
		<multi-span id="span-1.217" nuclei="s-2.251 s-2.252" relation="joint"/>
		<multi-span id="span-1.218" nuclei="s-2.253 s-2.254" relation="joint"/>
		<multi-span id="span-1.219" nuclei="s-2.249 s-2.255" relation="joint"/>
		<multi-span id="span-1.220" nuclei="s-2.255 s-2.256 span-1.221" relation="joint"/>
		<multi-span id="span-1.221" nuclei="s-2.257 s-2.258" relation="joint"/>
		<multi-span id="span-1.222" nuclei="s-2.249 s-2.259" relation="joint"/>
		<multi-span id="span-1.223" nuclei="s-2.259 span-1.224 span-1.225" relation="joint"/>
		<multi-span id="span-1.224" nuclei="s-2.260 s-2.261" relation="joint"/>
		<multi-span id="span-1.225" nuclei="s-2.262 s-2.263" relation="joint"/>
		<multi-span id="span-1.226" nuclei="s-2.259 span-1.227 span-1.228" relation="joint"/>
		<multi-span id="span-1.227" nuclei="s-2.264 s-2.265" relation="joint"/>
		<multi-span id="span-1.228" nuclei="s-2.266 s-2.267 s-2.268" relation="joint"/>
		<multi-span id="span-1.229" nuclei="s-2.224 s-1.01" relation="joint"/>
		<multi-span id="span-1.230" nuclei="s-1.01 s-1.02" relation="joint"/>
		<multi-span id="span-1.231" nuclei="s-1.02 span-1.232 span-1.233" relation="joint"/>
		<multi-span id="span-1.232" nuclei="s-1.03 s-1.04" relation="joint"/>
		<multi-span id="span-1.233" nuclei="s-1.05 s-1.06" relation="joint"/>
		<multi-span id="span-1.234" nuclei="s-1.02 span-1.235 span-1.236" relation="joint"/>
		<multi-span id="span-1.235" nuclei="s-1.07 s-1.08" relation="joint"/>
		<multi-span id="span-1.236" nuclei="s-1.09 s-1.10 s-1.11" relation="joint"/>
		<multi-span id="span-1.237" nuclei="s-2.224 s-1.12" relation="joint"/>
		<multi-span id="span-1.238" nuclei="s-1.12 s-1.13" relation="joint"/>
		<multi-span id="span-1.239" nuclei="s-1.13 span-1.240 span-1.241" relation="joint"/>
		<multi-span id="span-1.240" nuclei="s-1.14 s-1.15" relation="joint"/>
		<multi-span id="span-1.241" nuclei="s-1.16 s-1.17 s-1.18" relation="joint"/>
		<multi-span id="span-1.242" nuclei="s-1.12 s-1.19" relation="joint"/>
		<multi-span id="span-1.243" nuclei="s-1.19 span-1.244 span-1.245" relation="joint"/>
		<multi-span id="span-1.244" nuclei="s-1.20 s-1.20-m" relation="joint"/>
		<multi-span id="span-1.245" nuclei="s-1.21 s-1.22 s-1.23" relation="joint"/>
		<multi-span id="span-1.246" nuclei="s-1.13 s-1.23-m" relation="joint"/>
		<multi-span id="span-1.247" nuclei="s-1.23-m span-1.248 span-1.249" relation="joint"/>
		<multi-span id="span-1.248" nuclei="s-1.24 s-1.25" relation="joint"/>
		<multi-span id="span-1.249" nuclei="s-1.26 s-1.27" relation="joint"/>
		<multi-span id="span-1.250" nuclei="s-2.224 s-1.28" relation="joint"/>
		<multi-span id="span-1.251" nuclei="s-1.28 s-1.29" relation="joint"/>
		<multi-span id="span-1.252" nuclei="s-1.29 span-1.253 span-1.254" relation="joint"/>
		<multi-span id="span-1.253" nuclei="s-1.30 s-1.31" relation="joint"/>
		<multi-span id="span-1.254" nuclei="s-1.32 s-1.33" relation="joint"/>
		<multi-span id="span-1.255" nuclei="s-1.114 s-1.34" relation="joint"/>
		<multi-span id="span-1.256" nuclei="s-1.34 s-1.35" relation="joint"/>
		<multi-span id="span-1.257" nuclei="s-1.35 s-1.36" relation="joint"/>
		<multi-span id="span-1.258" nuclei="s-1.36 span-1.259 span-1.260" relation="joint"/>
		<multi-span id="span-1.259" nuclei="s-1.37 s-1.38" relation="joint"/>
		<multi-span id="span-1.260" nuclei="s-1.39 s-1.40" relation="joint"/>
		<multi-span id="span-1.261" nuclei="s-1.34 s-1.41" relation="joint"/>
		<multi-span id="span-1.262" nuclei="s-1.41 s-1.41-m" relation="joint"/>
		<multi-span id="span-1.263" nuclei="s-1.41-m s-1.42 span-1.264" relation="joint"/>
		<multi-span id="span-1.264" nuclei="s-1.43 s-1.44 s-1.45" relation="joint"/>
		<multi-span id="span-1.265" nuclei="s-1.34 s-1.46" relation="joint"/>
		<multi-span id="span-1.266" nuclei="s-1.46 s-1.47" relation="joint"/>
		<multi-span id="span-1.267" nuclei="s-1.47 s-1.48 span-1.268" relation="joint"/>
		<multi-span id="span-1.268" nuclei="s-1.49 s-1.50" relation="joint"/>
		<multi-span id="span-1.269" nuclei="s-1.34 s-1.51" relation="joint"/>
		<multi-span id="span-1.270" nuclei="s-1.51 s-1.52" relation="joint"/>
		<multi-span id="span-1.271" nuclei="s-1.52 span-1.272 span-1.273" relation="joint"/>
		<multi-span id="span-1.272" nuclei="s-1.53 s-1.53-m" relation="joint"/>
		<multi-span id="span-1.273" nuclei="s-1.54 s-1.55 s-1.56" relation="joint"/>
		<multi-span id="span-1.274" nuclei="s-1.34 s-1.57" relation="joint"/>
		<multi-span id="span-1.275" nuclei="s-1.57 s-1.58" relation="joint"/>
		<multi-span id="span-1.276" nuclei="s-1.58 span-1.277 span-1.278" relation="joint"/>
		<multi-span id="span-1.277" nuclei="s-1.59 s-1.60" relation="joint"/>
		<multi-span id="span-1.278" nuclei="s-1.61 s-1.62" relation="joint"/>
		<multi-span id="span-1.279" nuclei="s-1.34 s-1.63" relation="joint"/><!-- NOTE NO DATE BELOW -->
		<multi-span id="span-1.280" nuclei="s-1.63 span-1.281 span-1.282" relation="joint"/>
		<multi-span id="span-1.281" nuclei="s-1.64 s-1.65" relation="joint"/>
		<multi-span id="span-1.282" nuclei="s-1.66 s-1.67" relation="joint"/>
		<multi-span id="span-1.283" nuclei="s-1.114 s-1.68" relation="joint"/>
		<multi-span id="span-1.284" nuclei="s-1.68 s-1.69" relation="joint"/>
		<multi-span id="span-1.285" nuclei="s-1.69 s-1.70" relation="joint"/>
		<multi-span id="span-1.286" nuclei="s-1.70 s-1.71 span-1.287" relation="joint"/>
		<multi-span id="span-1.287" nuclei="s-1.72 s-1.73 s-1.74" relation="joint"/>
		<multi-span id="span-1.288" nuclei="s-1.68 s-1.75" relation="joint"/>
		<multi-span id="span-1.289" nuclei="s-1.75 span-1.290 span-1.291" relation="joint"/>
		<multi-span id="span-1.290" nuclei="s-1.76 s-1.77" relation="joint"/>
		<multi-span id="span-1.291" nuclei="s-1.78 s-1.79 s-1.80" relation="joint"/>
		<multi-span id="span-1.292" nuclei="s-1.75 s-1.81" relation="joint"/>
		<multi-span id="span-1.293" nuclei="s-1.81 s-1.82 span-1.294" relation="joint"/>
		<multi-span id="span-1.294" nuclei="s-1.83 s-1.84" relation="joint"/>
		<multi-span id="span-1.295" nuclei="s-1.68 s-1.85" relation="joint"/>
		<multi-span id="span-1.296" nuclei="s-1.85 s-1.86 span-1.297" relation="joint"/>
		<multi-span id="span-1.297" nuclei="s-1.87 s-1.88 s-1.89" relation="joint"/>
		<multi-span id="span-1.298" nuclei="s-1.114 s-1.90" relation="joint"/>
		<multi-span id="span-1.299" nuclei="s-1.90 s-1.91" relation="joint"/>
		<multi-span id="span-1.300" nuclei="s-1.91 span-1.301 span-1.302" relation="joint"/>
		<multi-span id="span-1.301" nuclei="s-1.92 s-1.93" relation="joint"/>
		<multi-span id="span-1.302" nuclei="s-1.94 s-1.95 s-1.96" relation="joint"/>
		<multi-span id="span-1.303" nuclei="s-1.113 s-1.99" relation="joint"/>
		<span id="span-1.304" nucleus="s-1.100" satellites="span-1.305" relation="background"><title xref="s-1.99"/></span>
		<span id="span-1.305" nucleus="s-1.97" satellites="s-1.98" relation="circumstance"/>
		<span id="span-1.306" nucleus="s-1.100" satellites="span-1.307" relation="enablement"/>
		<span id="span-1.307" nucleus="s-1.101" satellites="span-1.308 span-1.310" relation="purpose"/>
		<span id="span-1.308" nucleus="s-1.102" satellites="span-1.309" relation="purpose"/>
		<span id="span-1.309" nucleus="s-1.104" satellites="s-1.103" relation="solutionhood"/>
		<multi-span id="span-1.310" nuclei="s-1.105 s-1.106" relation="joint"/>
		<span id="span-1.311" nucleus="s-1.100" satellites="s-1.107" relation="elaboration"/>
	</rst-structure>
</gemRst>
