<gemBase>
	<unit id="u-1.01">July</unit>
	<unit id="u-1.02">1--4</unit>
	<unit id="u-1.03">WOMEN'S WORLD CONGRESS</unit>
	<unit id="u-1.04">Dipoli</unit>
	<unit id="u-1.05">Finnish Democratic Women's Association</unit>
	<unit id="u-1.06">tel: 14 933</unit>
	<unit id="u-1.07">CONFEDERATION EUROPÉENE DE L'AGRICULTURE</unit>
	<unit id="u-1.08">Otaniemi</unit>
	<unit id="u-1.09">Pellervo-Seura</unit>
	<unit id="u-1.10">Mr. Eskelinen</unit>
	<unit id="u-1.11">tel: 61 064</unit>
	<unit id="u-1.12">August</unit>
	<unit id="u-1.13">1--16</unit>
	<unit id="u-1.14">INTERNATIONAL ESPERANTO CONFERENCE</unit>
	<unit id="u-1.15">Dipoli</unit>
	<unit id="u-1.16">Finnish Esperanto Association</unit>
	<unit id="u-1.17">Mr. Lehtivaara</unit>
	<unit id="u-1.18">tel: 77 80 38</unit>
	<unit id="u-1.19">24--31</unit>
	<unit id="u-1.20">BOY SCOUT WORLD CONGRESS</unit>
	<unit id="u-1.20-m">Dipoli</unit>
	<unit id="u-1.21">Suomen Partiopoikajärjestö</unit>
	<unit id="u-1.22">Hämeent. 10</unit>
	<unit id="u-1.23">tel: 71 18 22</unit>
	<unit id="u-1.23-m">29--31</unit>
	<unit id="u-1.24">LADIES' ROUND TABLE CIRCLE</unit>
	<unit id="u-1.25">Dipoli</unit>
	<unit id="u-1.26">Mrs. Lassila</unit>
	<unit id="u-1.27">tel: 42 77 45</unit>
	<unit id="u-1.28">September</unit>
	<unit id="u-1.29">19--28</unit>
	<unit id="u-1.30">IX FINNISH TRADE FAIR</unit>
	<unit id="u-1.31">Exhibition Hall</unit>
	<unit id="u-1.32">The Finnish Fair Corporation</unit>
	<unit id="u-1.33">tel: 44 00 11</unit>
	<unit id="u-1.34">1970</unit>
	<unit id="u-1.35">February</unit>
	<unit id="u-1.36">13--22</unit>
	<unit id="u-1.37">BOAT AND CAMPING SHOW</unit>
	<unit id="u-1.38">Exhibition Hall</unit>
	<unit id="u-1.39">The Finnish Fair Corporation</unit>
	<unit id="u-1.40">tel: 44 00 11</unit>
	<unit id="u-1.41">May</unit>
	<unit id="u-1.41-m">16--30</unit>
	<unit id="u-1.42">HELSINKI FESTIVAL</unit>
	<unit id="u-1.43">Helsinki-viikon Säätiö</unit>
	<unit id="u-1.44">Unionink. 28</unit>
	<unit id="u-1.45">tel: 65 36 90</unit>
	<unit id="u-1.46">June</unit>
	<unit id="u-1.47">12</unit>
	<unit id="u-1.48">HELSINKI DAY</unit>
	<unit id="u-1.49">Helsingin kaupunki</unit>
	<unit id="u-1.50">tel: 71 60 11/3795</unit>
	<unit id="u-1.51">August</unit>
	<unit id="u-1.52">4 - 14</unit>
	<unit id="u-1.53">INTERNATIONAL YOUTH HOSTEL ORGANIZATIONS CONFERENCE</unit>
	<unit id="u-1.53-m">Otaniemi</unit>
	<unit id="u-1.54">Suomen Retkeilymajajärjestö</unit>
	<unit id="u-1.55">tel: 64 17 99</unit>
	<unit id="u-1.56">Mr. Sorakuru</unit>
	<unit id="u-1.57">September</unit>
	<unit id="u-1.58">17--27</unit>
	<unit id="u-1.59">HELSINKI INTERNATIONAL TRADE FAIR</unit>
	<unit id="u-1.60">Exhibition Hall</unit>
	<unit id="u-1.61">The Finnish Fair Corporation</unit>
	<unit id="u-1.62">tel: 44 00 11</unit>
	<unit id="u-1.63">October/November</unit>
	<unit id="u-1.64">EXHIBITION OF BUSINESS MACHINES AND EQUIPMENT '70</unit>
	<unit id="u-1.65">Exhibition Hall</unit>
	<unit id="u-1.66">The Finnish Fair Corporation</unit>
	<unit id="u-1.67">tel: 44 00 11</unit>
	<unit id="u-1.68">5</unit>
	<unit id="u-1.69">1971</unit>
	<unit id="u-1.70">May</unit>
	<unit id="u-1.71">16--30</unit>
	<unit id="u-1.72">HELSINKI FESTIVAL</unit>
	<unit id="u-1.73">Helsinki-viikon Säätiö</unit>
	<unit id="u-1.74">Unionink. 28</unit>
	<unit id="u-1.75">tel: 65 36 90</unit>
	<unit id="u-1.76">June</unit>
	<unit id="u-1.77">SCANDINAVIAN BUILDING CONFERENCE</unit>
	<unit id="u-1.78">Otaniemi</unit>
	<unit id="u-1.79">Teknillinen Korkeakoulu</unit>
	<unit id="u-1.80">Mr. Kelopuu</unit>
	<unit id="u-1.81">tel: 46 01 45</unit>
	<unit id="u-1.82">12</unit>
	<unit id="u-1.83">HELSINKI DAY</unit>
	<unit id="u-1.84">Helsingin kaupunki</unit>
	<unit id="u-1.85">tel: 71 60 11/3795</unit>
	<unit id="u-1.86">August</unit>
	<unit id="u-1.87">EUROPEAN ATHLETICS CHAMPIONSHIPS</unit>
	<unit id="u-1.88">Suomen Urheiluliitto</unit>
	<unit id="u-1.89">Mr. Valste</unit>
	<unit id="u-1.90">tel: 41 86 11</unit>
	<unit id="u-1.91">1974</unit>
	<unit id="u-1.92">June</unit>
	<unit id="u-1.93">INTERNATIONAL BANKING SUMMER SCHOOL</unit>
	<unit id="u-1.94">Dipoli</unit>
	<unit id="u-1.95">Suomen Pankkiyhdistys</unit>
	<unit id="u-1.96">Dr. Ilaskivi</unit>
	<unit id="u-1.97">tel: 13 521</unit>
	<unit id="u-1.98">This list is based on information gathered by the City Tourist Office.</unit>
	<unit id="u-1.99">The City Tourist Office is not responsible for any deficiencies or mistakes, nor for any changes made by the organizers after the list has been printed.</unit>
	<unit id="u-1.100">IMPORTANT NOTE</unit>
	<unit id="u-1.101">We regret to say that this list of Helsinki congresses, meetings and important events is by no means complete.</unit>
	<unit id="u-1.102">As full and varied a list as possible is, however, useful to organisers for e.g. the following reasons:</unit>
	<unit id="u-1.103">1. It can be used to avoid clashing and overlapping of important events.</unit>
	<unit id="u-1.104">June would seem to be over-crowded usually.</unit>
	<unit id="u-1.105">We therefore suggest that where possible meetings and congresses be timed for July and August.</unit>
	<unit id="u-1.106">Organisers can use this list to work out the functions, etc. which can be fitted into their congress and conference visitors' free-time programmes.</unit>
	<unit id="u-1.107">A new list is printed 2 or 3 times a year.</unit>
	<unit id="u-1.108">WE CONTINUE TO HOPE THAT YOU WILL INFORM THIS OFFICE OF ALL YOUR FUTURE PLANS</unit>
	<unit id="u-1.109">2000/11/67 SKK Oy</unit>
	<unit id="u-1.110">HELSINKI CITY TOURIST OFFICE</unit>
	<unit id="u-1.111">Helsinki City Tourist Office</unit>
	<unit id="u-1.112">P. Esplanaadikatu 17</unit>
	<unit id="u-1.113">tel: 14 004</unit>
	<unit id="u-1.114">No 21</unit>
	<unit id="u-1.115">Important notes at the end of list</unit>
	<unit id="u-1.116">COMING EVENTS IN HELSINKI 1967-1971</unit>
	<unit id="u-1.117">October</unit>
	<unit id="u-1.118">23--19.11</unit>
	<unit id="u-1.119">ALVAR AALTO EXHIBITION</unit>
	<unit id="u-1.120">Ateneum</unit>
	<unit id="u-1.121">Suomen Taideakatemia</unit>
	<unit id="u-1.122">Nykytaide</unit>
	<unit id="u-1.123">Dr. Korte</unit>
	<unit id="u-1.124">tel: 65 43 64</unit>
	<unit id="u-1.125">November</unit>
	<unit id="u-1.126">8--12</unit>
	<unit id="u-1.127">FOOD FAIR</unit>
	<unit id="u-1.128">Exhibition Hall</unit>
	<unit id="u-1.129">The Finnish Fair Corporation</unit>
	<unit id="u-1.130">tel: 44 00 11</unit>
	<unit id="u-1.131">12 - 18</unit>
	<unit id="u-1.132">MEDICAL CONFERENCE</unit>
	<unit id="u-1.133">(School of Economics)</unit>
	<unit id="u-1.134">Kauppakorkeakoulu</unit>
	<unit id="u-1.135">Suomen Lääkäriliitto</unit>
	<unit id="u-1.136">Ruoholahdenk. 4</unit>
	<unit id="u-1.137">tel: 64 29 01</unit>
	<unit id="u-1.138">20--24</unit>
	<unit id="u-1.139">UNION FORAINE EUROPÉENNE BOARD OF DIRECTORS MEETING</unit>
	<unit id="u-1.140">Lasten Päivän Säätiö</unit>
	<unit id="u-1.141">Linnanmäki</unit>
	<unit id="u-1.142">tel: 70 391/Miss Karasuo</unit>
	<unit id="u-1.143">22--23</unit>
	<unit id="u-1.144">MEETING OF REPRESENTATIVES OF THE GENERAL UNION OF AGRICULTURAL SOCIETIES</unit>
	<unit id="u-1.145">(Master Builders' House)</unit>
	<unit id="u-1.146">Rakennusmestarien talo</unit>
	<unit id="u-1.147">Maatalousseurojen Keskusliitto</unit>
	<unit id="u-1.148">Lönnrotink. 13</unit>
	<unit id="u-1.149">tel: 64 30 21/Mr. Repo</unit>
	<unit id="u-1.150">23--24</unit>
	<unit id="u-1.151">AGRONOMISTS' AGRICULTURAL ECONOMY CONFERENCE</unit>
	<unit id="u-1.152">Agronomien Yhdistys</unit>
	<unit id="u-1.153">P. Makasiinik. 6</unit>
	<unit id="u-1.154">tel: 62 86 50</unit>
	<unit id="u-1.155">23--25</unit>
	<unit id="u-1.156">FINNISH RED CROSS GENERAL MEETING</unit>
	<unit id="u-1.157">Suomen Punainen Risti</unit>
	<unit id="u-1.158">Tehtaank. 1 A</unit>
	<unit id="u-1.159">tel: 12 811/Mr. Toivonen</unit>
	<unit id="u-1.160">25</unit>
	<unit id="u-1.161">AGRONOMISTS' ASSOCIATION AUTUMN MEETING</unit>
	<unit id="u-1.162">(Scientific Societies Centre)</unit>
	<unit id="u-1.163">Tieteellisten seurain talo</unit>
	<unit id="u-1.164">Agronomien Yhdistys</unit>
	<unit id="u-1.165">P. Makasiinik. 6 A</unit>
	<unit id="u-1.165-m">tel: 63 25 42/Liuttula</unit>
	<unit id="u-1.166">25--1.11</unit>
	<unit id="u-1.167">FINNISH WORK WEEK</unit>
	<unit id="u-1.168">Suomen Työn Liitto</unit>
	<unit id="u-1.169">Runebergink. 60 B</unit>
	<unit id="u-1.170">tel: 44 00 27</unit>
	<unit id="u-1.171">30</unit>
	<unit id="u-1.172">FINLAND - EAST GERMANY</unit>
	<unit id="u-1.173">INTERNATIONAL ICE HOCKEY</unit>
	<unit id="u-1.174">Ice Stadium</unit>
	<unit id="u-1.175">Suomen Jääkiekkoliitto</unit>
	<unit id="u-1.176">Topeliuksenk. 41 a</unit>
	<unit id="u-1.177">tel: 41 86 11</unit>
	<unit id="u-1.178">December</unit>
	<unit id="u-1.179">5</unit>
	<unit id="u-1.180">THE 50th ANNIVERSARY OF FINNISH INDEPENDENCE - MAIN CEREMONY</unit>
	<unit id="u-1.181">Ice Stadium</unit>
	<unit id="u-1.182">Itsenäisyyden juhlavuoden neuvottelukunta</unit>
	<unit id="u-1.183">tel. 44 81 94</unit>
	<unit id="u-1.184">14</unit>
	<unit id="u-1.185">FINLAND - NORWAY</unit>
	<unit id="u-1.186">INTERNATIONAL ICE HOCKEY</unit>
	<unit id="u-1.187">Ice Stadium</unit>
	<unit id="u-1.188">Suomen Jääkiekkoliitto</unit>
	<unit id="u-1.189">Topeliuksenk 41 a</unit>
	<unit id="u-1.190">tel: 41 86 11</unit>
	<unit id="u-2.01">1968</unit>
	<unit id="u-2.02">January</unit>
	<unit id="u-2.03">10</unit>
	<unit id="u-2.04">FINLAND - CANADA</unit>
	<unit id="u-2.05">INTERNATIONAL ICE HOCKEY</unit>
	<unit id="u-2.06">Ice Stadium</unit>
	<unit id="u-2.07">Suomen Jääkiekkoliitto</unit>
	<unit id="u-2.08">Topeliuksenk. 41 a</unit>
	<unit id="u-2.09">tel: 41 86 11</unit>
	<unit id="u-2.10">21</unit>
	<unit id="u-2.11">INVALIDS' ASSOCIATION 30th ANNIVERSARY</unit>
	<unit id="u-2.12">City Theatre</unit>
	<unit id="u-2.13">Suomen Siviili- ja asevelvollisuusinvalidien Liitto ry</unit>
	<unit id="u-2.14">Mannerheimint. 44</unit>
	<unit id="u-2.15">tel: 44 05 66</unit>
	<unit id="u-2.16">19</unit>
	<unit id="u-2.17">FINLAND - ESTHONIA</unit>
	<unit id="u-2.18">BOXING</unit>
	<unit id="u-2.19">Suomen Nyrkkeilyliitto</unit>
	<unit id="u-2.20">Topeliuksenk. 41 a</unit>
	<unit id="u-2.21">tel: 41 86 11</unit>
	<unit id="u-2.22">February</unit>
	<unit id="u-2.23">12--13</unit>
	<unit id="u-2.24">PRODUCTIVITY DAYS</unit>
	<unit id="u-2.25">(School of Economics)</unit>
	<unit id="u-2.26">Kauppakorkeakoulu</unit>
	<unit id="u-2.27">Rationalisointiliitto</unit>
	<unit id="u-2.28">Mr. Haapala</unit>
	<unit id="u-2.29">tel: 44 02 61</unit>
	<unit id="u-2.30">March</unit>
	<unit id="u-2.31">15--24</unit>
	<unit id="u-2.32">BOAT AND CAMPING SHOW</unit>
	<unit id="u-2.33">Exhibition Hall</unit>
	<unit id="u-2.34">The Finnish Fair Corporation</unit>
	<unit id="u-2.35">Messuhallit</unit>
	<unit id="u-2.36">tel: 44 00 11</unit>
	<unit id="u-2.37">29--7.4</unit>
	<unit id="u-2.38">BOAT SHOW '68</unit>
	<unit id="u-2.39">Ice Stadium</unit>
	<unit id="u-2.40">Nyländska Jaktklubben</unit>
	<unit id="u-2.41">Muukalaiskatu 11 A</unit>
	<unit id="u-2.42">tel: 63 49 55</unit>
	<unit id="u-2.43">April</unit>
	<unit id="u-2.44">21--5.5</unit>
	<unit id="u-2.45">HOLIDAY ON ICE</unit>
	<unit id="u-2.46">ICE SHOW</unit>
	<unit id="u-2.47">Ice Stadium</unit>
	<unit id="u-2.48">Musiikki Fazer</unit>
	<unit id="u-2.49">Mr. Groundstroem</unit>
	<unit id="u-2.50">tel: 10 751</unit>
	<unit id="u-2.51">May</unit>
	<unit id="u-2.52">4--12</unit>
	<unit id="u-2.53">6th HELSINKI EXHIBITION OF PHOTOGRAPHIC ART</unit>
	<unit id="u-2.54">(Master Builder's House)</unit>
	<unit id="u-2.55">Rakennusmestarien talo</unit>
	<unit id="u-2.56">Suomen Kameraseurojen Liitto</unit>
	<unit id="u-2.57">Kalevank. 21 A 5</unit>
	<unit id="u-2.58">tel: 64 42 56</unit>
	<unit id="u-2.59">15--19</unit>
	<unit id="u-2.60">HEATING, PLUMBING AND AIR CONDITIONING FAIR</unit>
	<unit id="u-2.61">Exhibition Hall</unit>
	<unit id="u-2.62">The Finnish Fair Corporation</unit>
	<unit id="u-2.63">Messuhallit</unit>
	<unit id="u-2.64">tel: 44 00 11</unit>
	<unit id="u-2.65">16--17</unit>
	<unit id="u-2.66">SCANDINAVIAN OIL HEATING CONGRESS '68</unit>
	<unit id="u-2.67">Öljylämmitysteknillinen yhdistys</unit>
	<unit id="u-2.68">Arkadiank. 12</unit>
	<unit id="u-2.69">tel: 49 45 76</unit>
	<unit id="u-2.70">16--30</unit>
	<unit id="u-2.71">HELSINKI FESTIVAL</unit>
	<unit id="u-2.72">Helsinki-viikon säätiö</unit>
	<unit id="u-2.73">Unionink. 28</unit>
	<unit id="u-2.74">tel: 65 36 90</unit>
	<unit id="u-2.75">17--19</unit>
	<unit id="u-2.76">HELSINKI ASSOCIATION OF HANDICRAFTS AND INDUSTRY CENTENARY</unit>
	<unit id="u-2.77">(Swedish School of Economics)</unit>
	<unit id="u-2.78">Ruotsal. Kauppakorkeakoulu</unit>
	<unit id="u-2.79">Helsingin käsityö- ja teollisuusyhdistys</unit>
	<unit id="u-2.80">Tehtaank. 29</unit>
	<unit id="u-2.81">tel: 63 78 07</unit>
	<unit id="u-2.82">19--23</unit>
	<unit id="u-2.83">IFOSA</unit>
	<unit id="u-2.84">EUROPEAN CONGRESS</unit>
	<unit id="u-2.85">Oy Wulff Ab</unit>
	<unit id="u-2.86">Store Manager Rope</unit>
	<unit id="u-2.87">tel: 64 63 11</unit>
	<unit id="u-2.88">2</unit>
	<unit id="u-2.89">June</unit>
	<unit id="u-2.90">3</unit>
	<unit id="u-2.91">FINLAND - DENMARK</unit>
	<unit id="u-2.92">FOOTBALL</unit>
	<unit id="u-2.93">Suomen Palloliitto</unit>
	<unit id="u-2.94">Bulevardi 28</unit>
	<unit id="u-2.95">tel: 63 49 32</unit>
	<unit id="u-2.96">5--9</unit>
	<unit id="u-2.97">SCANDINAVIAN COMPUTER CONGRES</unit>
	<unit id="u-2.98">Otaniemi</unit>
	<unit id="u-2.99">Valtion Tietokonekeskus</unit>
	<unit id="u-2.100">Mr. Andersin</unit>
	<unit id="u-2.101">tel: 13 665</unit>
	<unit id="u-2.102">8--9</unit>
	<unit id="u-2.103">MEETING OF TECHNICAL PRINT FOREMEN</unit>
	<unit id="u-2.104">Suomen Faktoriliitto</unit>
	<unit id="u-2.105">Kasarmik. 34</unit>
	<unit id="u-2.106">tel: 66 20 72</unit>
	<unit id="u-2.107">9--14</unit>
	<unit id="u-2.108">17th INTERNATIONAL LYCEUM CLUB CONGRESS</unit>
	<unit id="u-2.109">Helsingin Lyceumklubi</unit>
	<unit id="u-2.110">Lönnrotink. 11</unit>
	<unit id="u-2.111">tel. 33 17 87/Mrs. Kärki</unit>
	<unit id="u-2.112">10--??</unit>
	<unit id="u-2.113">SCANDINAVIAN RHEUMATOLOGY CONGRESS</unit>
	<unit id="u-2.114">Otaniemi</unit>
	<unit id="u-2.115">Reumaliitto</unit>
	<unit id="u-2.116">Dr. Kirpilä</unit>
	<unit id="u-2.117">tel: 65 28 03</unit>
	<unit id="u-2.118">12</unit>
	<unit id="u-2.119">HELSINKI DAY</unit>
	<unit id="u-2.120">Helsingin kaupunki</unit>
	<unit id="u-2.121">tel: 71 60 11/3795</unit>
	<unit id="u-2.122">12--13</unit>
	<unit id="u-2.123">40th ANNIVERSARY OF THE BUS FEDERATION</unit>
	<unit id="u-2.124">Linja-autoliitto ry</unit>
	<unit id="u-2.125">P. Rautatienk. 19 c</unit>
	<unit id="u-2.126">tel: 44 01 55</unit>
	<unit id="u-2.127">15--20</unit>
	<unit id="u-2.128">INTERNATIONAL WALLPAPER INDUSTRY CONGRESS</unit>
	<unit id="u-2.129">Suomen Tapettitehtaiden yhdistys</unit>
	<unit id="u-2.130">tel: 62 84 13</unit>
	<unit id="u-2.131">Mr. Winckelmann</unit>
	<unit id="u-2.132">FINNISH ASSOCIATION OF DRUGSTORES EUROPEAN CONGRESS</unit>
	<unit id="u-2.133">Suomen Kemikalikauppiasliitto</unit>
	<unit id="u-2.134">Runebergink. 49 A</unit>
	<unit id="u-2.135">tel: 44 06 36</unit>
	<unit id="u-2.136">16--19</unit>
	<unit id="u-2.137">CONGRESS OF SCANDINAVIAN MOTHERS</unit>
	<unit id="u-2.138">Otaniemi</unit>
	<unit id="u-2.139">Suomalainen ja Ruotsalainen Marttaliitto</unit>
	<unit id="u-2.140">Uudenmaankatu 24</unit>
	<unit id="u-2.141">tel: 63 05 53/Törngren</unit>
	<unit id="u-2.142">24--29</unit>
	<unit id="u-2.143">CONGRESS OF THE INTERNATIONAL ASSOCIATION OF MEDICAL LABORATORY TECHNICIANS</unit>
	<unit id="u-2.144">Miss Seija Helenius</unit>
	<unit id="u-2.145">Meilahden sairaala</unit>
	<unit id="u-2.146">tel: 41 84 11/laboratory</unit>
	<unit id="u-2.147">30--2.7</unit>
	<unit id="u-2.148">INTERNATIONAL UNION OF AGRICULTURAL JOURNALISTS</unit>
	<unit id="u-2.149">Otaniemi</unit>
	<unit id="u-2.150">Maataloustoimittajien Liitto</unit>
	<unit id="u-2.151">Miss Kittilä</unit>
	<unit id="u-2.152">tel: 61 741</unit>
	<unit id="u-2.153">July</unit>
	<unit id="u-2.154">2--6</unit>
	<unit id="u-2.155">XIV CIOSTA CONGRESS</unit>
	<unit id="u-2.156">Dipoli</unit>
	<unit id="u-2.157">Työtehoseura</unit>
	<unit id="u-2.158">Dr. Martti Sipilä</unit>
	<unit id="u-2.159">tel: 64 34 16</unit>
	<unit id="u-2.160">15--22</unit>
	<unit id="u-2.161">INTERNATIONAL CONGRESS OF VIROLOGY</unit>
	<unit id="u-2.162">Prof. Oker-Blom</unit>
	<unit id="u-2.163">Yliopiston Virusopin laitos</unit>
	<unit id="u-2.164">tel: 41 85 11/280</unit>
	<unit id="u-2.165">August</unit>
	<unit id="u-2.166">1--14</unit>
	<unit id="u-2.167">WORLD STUDENTS CHRISTIAN MOVEMENT CONGRESS</unit>
	<unit id="u-2.168">Otaniemi</unit>
	<unit id="u-2.169">Rev. Juhani Simojoki</unit>
	<unit id="u-2.170">tel: 11 466</unit>
	<unit id="u-2.171">1--14</unit>
	<unit id="u-2.172">MEDICAL STUDENTS' CONFERENCE</unit>
	<unit id="u-2.173">Otaniemi</unit>
	<unit id="u-2.174">Lääketieteenkandidaattiseura</unit>
	<unit id="u-2.175">Mr. Kesämeri</unit>
	<unit id="u-2.176">tel: 64 06 40</unit>
	<unit id="u-2.177">4--11</unit>
	<unit id="u-2.178">INTERNATIONAL SOCIETY OF BUSINESS EDUCATION</unit>
	<unit id="u-2.179">Dipoli</unit>
	<unit id="u-2.180">Dr. Herrgård</unit>
	<unit id="u-2.181">tel: 41 33 32</unit>
	<unit id="u-2.182">3</unit>
	<unit id="u-2.183">12--17</unit>
	<unit id="u-2.184">INTERNATIONAL SETTLEMENT CONFERENCE</unit>
	<unit id="u-2.185">Kalliola</unit>
	<unit id="u-2.186">I.F.S.</unit>
	<unit id="u-2.187">Kristillis-yhteiskunnallinen Työskeskusliitto</unit>
	<unit id="u-2.188">Sturenk. 11</unit>
	<unit id="u-2.189">tel: 71 22 42</unit>
	<unit id="u-2.190">18--24</unit>
	<unit id="u-2.191">14th INTERNATIONAL CONFERENCE OF SOCIAL WORK</unit>
	<unit id="u-2.192">Sosiaalihuollon Keskusliitto</unit>
	<unit id="u-2.193">tel: 64 47 85</unit>
	<unit id="u-2.194">Mr. Lappalainen</unit>
	<unit id="u-2.195">26--29</unit>
	<unit id="u-2.196">INTERNATIONAL SOCIAL SECURITY ASSOCIATION</unit>
	<unit id="u-2.197">Merimieseläkekassa</unit>
	<unit id="u-2.198">Rauhank. 15</unit>
	<unit id="u-2.199">tel. 65 84 33</unit>
	<unit id="u-2.200">Mr. Oravisto</unit>
	<unit id="u-2.201">30--1.9</unit>
	<unit id="u-2.202">RATIONALIZATION STUDY CONFERENCE</unit>
	<unit id="u-2.203">Otaniemi</unit>
	<unit id="u-2.204">Suomen Rationalisointiliitto</unit>
	<unit id="u-2.205">Mr. Elomaa</unit>
	<unit id="u-2.206">tel: 12 531</unit>
	<unit id="u-2.207">September</unit>
	<unit id="u-2.208">16--17</unit>
	<unit id="u-2.209">SCANDINAVIAN PERIODICALS CONGRESS</unit>
	<unit id="u-2.210">Aikakauslehtien Liitto</unit>
	<unit id="u-2.211">Mr. Mäkeläinen</unit>
	<unit id="u-2.212">tel: 64 50 11</unit>
	<unit id="u-2.213">19--29</unit>
	<unit id="u-2.214">HELSINKI INTERNATIONAL TRADE FAIR</unit>
	<unit id="u-2.215">Exhibition Hall</unit>
	<unit id="u-2.216">The Finnish Fair Corporation</unit>
	<unit id="u-2.217">tel: 44 00 11</unit>
	<unit id="u-2.218">October</unit>
	<unit id="u-2.219">2--4</unit>
	<unit id="u-2.220">CONFERENCE OF SCANDINAVIAN TRAFFIC EXPERTS</unit>
	<unit id="u-2.221">(Master Builders' House)</unit>
	<unit id="u-2.222">Rakennusmestarien talo</unit>
	<unit id="u-2.223">Helsingin kaupungin liikennelaitos</unit>
	<unit id="u-2.224">tel: 44 34 20</unit>
	<unit id="u-2.225">Mrs. Lilja</unit>
	<unit id="u-2.226">1969</unit>
	<unit id="u-2.227">February</unit>
	<unit id="u-2.228">14--23</unit>
	<unit id="u-2.229">BOAT AND CAMPING SHOW</unit>
	<unit id="u-2.230">Exhibition Hall</unit>
	<unit id="u-2.231">The Finnish Fair Corporation</unit>
	<unit id="u-2.232">tel: 44 00 11</unit>
	<unit id="u-2.233">April</unit>
	<unit id="u-2.234">18--27</unit>
	<unit id="u-2.235">EXHIBITION OF WORK EFFICIENCY</unit>
	<unit id="u-2.236">Exhibition Hall</unit>
	<unit id="u-2.237">Työtehoseura</unit>
	<unit id="u-2.238">Dr. Martti Sipilä</unit>
	<unit id="u-2.239">tel: 65 34 16</unit>
	<unit id="u-2.240">May</unit>
	<unit id="u-2.241">9--18</unit>
	<unit id="u-2.242">INTERNATIONAL MOTOR SHOW</unit>
	<unit id="u-2.243">Exhibition Hall</unit>
	<unit id="u-2.244">The Finnish Fair Corporation</unit>
	<unit id="u-2.245">tel: 44 00 11</unit>
	<unit id="u-2.246">16--30</unit>
	<unit id="u-2.247">HELSINKI FESTIVAL</unit>
	<unit id="u-2.248">Helsinki-viikon säätiö</unit>
	<unit id="u-2.249">Unionink. 28</unit>
	<unit id="u-2.250">tel: 65 36 90</unit>
	<unit id="u-2.251">June</unit>
	<unit id="u-2.252">3--7</unit>
	<unit id="u-2.253">SCANDINAVIAN SURGEONS' CONGRESS</unit>
	<unit id="u-2.254">Dipoli</unit>
	<unit id="u-2.255">Dr. Pär Slätis</unit>
	<unit id="u-2.256">tel: 44 04 91</unit>
	<unit id="u-2.257">12</unit>
	<unit id="u-2.258">HELSINKI DAY</unit>
	<unit id="u-2.259">Helsingin kaupunki</unit>
	<unit id="u-2.260">tel: 71 60 11/3795</unit>
	<unit id="u-2.261">23--26</unit>
	<unit id="u-2.262">EUROPEAN ASSOCIATION OF ANIMAL PRODUCTION</unit>
	<unit id="u-2.263">Dipoli</unit>
	<unit id="u-2.264">Dr. Holma (Councellor of Agriculture)</unit>
	<unit id="u-2.265">tel. 61 971</unit>
	<unit id="u-2.266">GIRL GUIDES WORLD CONGRESS</unit>
	<unit id="u-2.267">Otaniemi</unit>
	<unit id="u-2.268">Suomen Partiotyttöjärjestö</unit>
	<unit id="u-2.269">Miss Elina Veistäjä</unit>
	<unit id="u-2.270">tel: 65 01 00</unit>
	<unit id="u-2.271">4</unit>
</gemBase>
