<?xml version="1.0" encoding="UTF-8"?>

<gemNav>
	<entry id="e-1.01" xref="u-1.19" layout-chunk="page-2"/>
	<entry id="e-1.02" xref="u-1.21.1" layout-chunk="page-3-photo-1">1</entry>
	<entry id="e-1.03" xref="u-1.22.1" layout-chunk="page-3-photo-2">2</entry>
	<pointer id="p-1.01" type="cross-reference" from="s-1.34" to="e-1.01" range="in-view">
		<content xref="u-1.36"/>
		<address xref="u-1.36.1" address-precision="start-end" address-type="in-view" address="e-1.01"/>
	</pointer>
	<pointer id="p-1.02" type="cross-reference" from="s-1.35" to="e-1.02" range="in-view">
		<content xref="u-1.37"/>
		<address xref="u-1.37.1" address-precision="start-end" address-type="in-view" address="e-1.02"/>	
	</pointer>
	<pointer id="p-1.03" type="cross-reference" from="s-1.36" to="e-1.03" range="in-view">
		<content xref="u-1.38"/>
		<address xref="u-1.38.1" address-precision="start-end" address-type="in-view" address="e-1.03"/>
	</pointer>
	<entry id="e-2.01" xref="u-2.03.1" layout-chunk="page-1-photo-1"/>
	<entry id="e-2.02" xref="u-2.34.1" layout-chunk="page-3-photo-1"/>
	<pointer id="p-2.01" type="cross-reference" from="s-2.28" to="e-2.01" range="in-view">
		<content xref="u-2.28"/>
		<address xref="u-2.28.1" address-precision="start-end" address-type="in-view" address="e-2.01"/>
	</pointer>
	<pointer id="p-2.02" type="cross-reference" from="s-2.55" to="e-2.02" range="in-view">
		<content xref="u-2.55"/>
		<address xref="u-2.55.1" address-precision="start-end" address-type="in-view" address="e-2.02"/>
	</pointer>	
</gemNav>
