<?xml version="1.0" encoding="UTF-8"?>
<gemRst>
	<segmentation>
		<segment id="s-1.01" xref="u-1.01" alt="Map"/>
		<segment id="s-1.02" xref="u-1.03">INFORMATION</segment>
		<segment id="s-1.03" xref="u-1.04">London: Finnish Travel Information Centre, Finland House, 56 Haymarket, London S.W.1., tel. 01-839 4048</segment>
		<segment id="s-1.04" xref="u-1.05">New York: Finnish National Travel Office, Scandinavia House, 505 Fifth Avenue, New York, N.Y. 10017, tel. 687-5605</segment>
		<segment id="s-1.05" xref="u-1.06">Los Angeles: Scandinavia National Travel Offices, 612 South Flower Street, Los Angeles, Calif. 90017, tel. Madison 4-6436</segment>
		<segment id="s-1.06" xref="u-1.07">Amsterdam: Fins Nationaal Verkeersbureau voor de Benelux, Oranje Nassaulaan 25, Amsterdam-Zuid, tel. 761 672</segment>
		<segment id="s-1.07" xref="u-1.08">Copenhagen: Finland Information, V. Farimagsgade 3, 1606 Copenhagen, tel. 113 215</segment>
		<segment id="s-1.08" xref="u-1.09">Stockholm: Finska Turistbyrån, Arsenalsgatan 7, 11147 Stockholm, tel. 207 570</segment>
		<segment id="s-1.09" xref="u-1.10">Hamburg: Finnisches Fremdenverkehrsamt, Hamburg 13, Tesdorpfstrasse 11, tel. 441 611</segment>
		<segment id="s-1.10" xref="u-1.11">Berlin: Finnland Informationen, 1 Berlin 12, Mommsenstrasse 67 tel. 881-5559</segment>
		<segment id="s-1.11" xref="u-1.12">Zürich: Skandinavisches Verkehrsbüro, 8001 Zürich, Münsterhof 14 tel. 238 823</segment>
		<segment id="s-1.12" xref="u-1.13">Paris: Office National du Tourisme de Finlande, 13 rue Auber, Paris 9e, tel. 073-96 27</segment>
		<segment id="s-1.13" xref="u-1.14">Helsinki: Finnish Travel Association, Uudenmaankatu 16 A, Helsinki 12, tel. 61 391</segment>
		<segment id="s-1.14" xref="u-1.15">Hotel Bookings, Railway station, Helsinki, tel. 62 74 38</segment>
		<segment id="s-1.15" xref="u-1.16">Helsinki City Tourist Office, P. Esplanaadikatu 19, Helsinki 10, tel. 14 088</segment>
		<segment id="s-1.16" xref="u-1.17">Publisher: HELSINKI CITY TOURIST OFFICE, Helsinki, Finland</segment>
		<segment id="s-1.17" xref="u-1.19" alt="Photo: May Day"/>
		<segment id="s-1.18" xref="u-1.20">WELCOME TO FINLAND VISIT HELSINKI</segment>
		<segment id="s-1.19" xref="u-1.21" alt="Photo: Railway station"/>
		<segment id="s-1.20" xref="u-1.22" alt="Photo: City theatre"/>
		<segment id="s-1.21" xref="u-1.23">HELSINKI</segment>
		<segment id="s-1.22" xref="u-1.24">DAUGHTER OF THE BALTIC</segment>
		<segment id="s-1.23" xref="u-1.25">Helsinki was founded in 1550 by Gustav Vasa, King of Sweden-Finland.</segment>
		<segment id="s-1.24" xref="u-1.26">The original site was at the mouth of the Vantaa River, but the town was later moved to its present position on a seagirt headland.</segment>
		<segment id="s-1.25" xref="u-1.27">The surface area of Helsinki is 44,810 hectares, over half of it water.</segment>
		<segment id="s-1.26" xref="u-1.28">A considerable proportion of the population - which exceeds half a million - live in the suburbs that have grown up around the headland.</segment>
		<segment id="s-1.27" xref="u-1.29">These suburbs combine modern urban living with the peace and unspoiled beauty of the countryside.</segment>
		<segment id="s-1.28" xref="u-1.30">In 1812, Helsinki became the capital of the country and the centre of Finnish political and administrative life.</segment>
		<segment id="s-1.29" xref="u-1.31">The President, the Government and the Diet (Parliament) work in Helsinki, as do the highest Courts of Justice and the Bank of Finland.</segment>
		<segment id="s-1.30" xref="u-1.32">Helsinki is also Finland's leading industrial city and import harbour, and both business life and scholastic research are concentrated in the city.</segment>
		<segment id="s-1.31" xref="u-1.33">At the end of the 1820s the State University, founded in 1640, was moved from the old capital, Turku to Helsinki, which then began to dvelop into Finland's leading centre of culture.</segment>
		<segment id="s-1.32" xref="u-1.34">There are a number of colleges in addition to the University.</segment>
		<segment id="s-1.33" xref="u-1.35">Helsinki has excellent connections in all directions by land, sea and air, and has thus become a popular tourist centre.</segment>
		<segment id="s-1.34" xref="u-1.36">Cover: Havis Amanda also gets a white cap on May Day's Eve.</segment>
		<segment id="s-1.35" xref="u-1.37">1. There are many shops and stores near the railway station.</segment>
		<segment id="s-1.36" xref="u-1.38">2. The City Theatre is also a centre of events during the Helsinki Festival.</segment>
		<segment id="s-2.01" xref="u-2.01" alt="Illustration: Cathedral"/>
		<segment id="s-2.02" xref="u-2.02">THE CATHEDRAL</segment>
		<segment id="s-2.03" xref="u-2.03" alt="Photo: Harbour"/>
		<segment id="s-2.04" xref="u-2.04">ARCHITECTURE</segment>
		<segment id="s-2.05" xref="u-2.05">OLD ...</segment>
		<segment id="s-2.06" xref="u-2.06">There are no buildings surviving from the first two centuries of Helsinki's history - the mid-16th to the mid-18th centuries.</segment>
		<segment id="s-2.07" xref="u-2.07">Old Helsinki, with its wooden houses, was destroyed by war and fire.</segment>
		<segment id="s-2.08" xref="u-2.08">Relics of the 18th century are Suomenlinna, the sea fortress tha was in its day one of the mightiest in Europe, and the Sederholm House, in the Senate Square amid the Empire style old centre, built in the 19th century.</segment>
		<segment id="s-2.09" xref="u-2.09">The centre was designed by J. A. Ehrenström and C. L. Engel.</segment>
		<segment id="s-2.10" xref="u-2.10">The Square is bordered by the Cathedral, the Government Palace, the University and buildings of the Metropolitan Police Magistrate's Court.</segment>
		<segment id="s-2.11" xref="u-2.11">It has been said of Empire Helsinki that it was the last city in Europe to be planned as a whole and built as a work of art.</segment>
		<segment id="s-2.12" xref="u-2.12">... AND NEW</segment>
		<segment id="s-2.13" xref="u-2.13">Architecturally, Helsinki is colourful.</segment>
		<segment id="s-2.14" xref="u-2.14">Among its streets the styles range from Neoclassical houses to the modern creations of great architects, whose works can be seen both in the centre and in the new suburbs.</segment>
		<segment id="s-2.15" xref="u-2.15">Well-known Finnish architects are for instance Eliel Saarinen, J. S. Sirén, Viljo Revell and Alvar Aalto.</segment>
		<segment id="s-2.16" xref="u-2.16">According to Aalto's plan for the city centre, the cultural and business life of the capital will be mainly concetrated on the shores of Töölö Bay and even extend out over it.</segment>
		<segment id="s-2.17" xref="u-2.17">MUSEUMS AND EXHIBITIONS</segment>
		<segment id="s-2.18" xref="u-2.18">There are many interesting museums in Helsinki where the visitor can study all kinds of subjects.</segment>
		<segment id="s-2.19" xref="u-2.19">One museum is devoted to the history of the City of Helsinki, another to that of the whole country.</segment>
		<segment id="s-2.20" xref="u-2.20">Soil, rock and ore exhibits are to be found in the Geological Museum, the Geological Survey, and the early days of the missionary movement are depicted in the Mission Museum.</segment>
		<segment id="s-2.21" xref="u-2.21">There are over a dozen exhibitions in Helsinki, some permanent, others temporary.</segment>
		<segment id="s-2.22" xref="u-2.22">Finnish design, with its high standards, is particularly well represented.</segment>
		<segment id="s-2.23" xref="u-2.23">SIGHTSEEING TOURS</segment>
		<segment id="s-2.24" xref="u-2.24">Sightseers can get to know Helsinki by land or by sea.</segment>
		<segment id="s-2.25" xref="u-2.25">Coach tours cross the headland, follow the coastal roads and show the tourist the modern suburbs.</segment>
		<segment id="s-2.26" xref="u-2.26">Boat cruises explore the lovely Helsinki archipelago.</segment>
		<segment id="s-2.27" xref="u-2.27">Some of the most interesting sights of Helsinki are on the islands surrounding the headland, and have become real tourist attractions, especially Seurasaari with an open air museum, the fortress island of Suomenlinna, Korkeasaari with the City Zoo, and Pihlajasaari, haunt of swimmers and sun-worshippers.</segment>
		<segment id="s-2.28" xref="u-2.28">3. Helsinki, daughter of the Baltic.</segment>
		<segment id="s-2.29" xref="u-2.29" alt="Illustration: Gift wrapping"/>
		<segment id="s-2.30" xref="u-2.30">SHOPPING</segment>
		<segment id="s-2.31" xref="u-2.31">Helsinki shops are concentrated along the main business streets, such as Aleksanterinkatu, Mannerheimintie, Kaisaniemenkatu and Roobertinkatu.</segment>
		<segment id="s-2.32" xref="u-2.32">They are all of kinds - from intimate small boutiques to huge department stores.</segment>
		<segment id="s-2.33" xref="u-2.33">The world-famous Finnish design is evident almost everywhere, not only in the goods actually for sale but in the decoration and furnishings as well.</segment>
		<segment id="s-2.34" xref="u-2.34" alt="Photo: Football game"/>
		<segment id="s-2.35" xref="u-2.35">THEATRES</segment>
		<segment id="s-2.36" xref="u-2.36">Helsinki is a bilingual city.</segment>
		<segment id="s-2.37" xref="u-2.37">This is reflected in all aspects of life, including culture.</segment>
		<segment id="s-2.38" xref="u-2.38">The theatres use the two official languages, Finnish and Swedish.</segment>
		<segment id="s-2.39" xref="u-2.39">The Swedish-speaking population is a minority group, but the Finland-Swedish culture is a powerful force.</segment>
		<segment id="s-2.40" xref="u-2.40">Both the Finnish and the Swedish theatres have an extensive repertory covering both classics and modern works.</segment>
		<segment id="s-2.41" xref="u-2.41">RECREATION AND SPORT</segment>
		<segment id="s-2.42" xref="u-2.42">Helsinki's outdoor recreation and sports season is not limited to the summer; there is lively activity all the year round.</segment>
		<segment id="s-2.43" xref="u-2.43">Because of the city's situation close to the unspoiled countryside, skiers and swimmers can practise almost in the very centre.</segment>
		<segment id="s-2.44" xref="u-2.44">Helsinki's newest indoor sports premises, especially the Ice Rink and the new swimming baths, have done a great to narrow the gap between summer and winter seasons.</segment>
		<segment id="s-2.45" xref="u-2.45">But the chief setting for sporting events is still the Olympic Stadium.</segment>
		<segment id="s-2.46" xref="u-2.46">During the summer swimming season, residents of Helsinki flock to the many bathing beaches.</segment>
		<segment id="s-2.47" xref="u-2.47">Helsinki can also offer something fairly surprising considering its size - fishing right in the middle of the city.</segment>
		<segment id="s-2.48" xref="u-2.48">On winter Sundays crowds make for the frozen sea around the city to do winter fishing through the ice.</segment>
		<segment id="s-2.49" xref="u-2.49">In summer, anglers can fish for rainbow trout in specially constructed basins.</segment>
		<segment id="s-2.50" xref="u-2.50">RESTAURANTS AND CAFES</segment>
		<segment id="s-2.51" xref="u-2.51">There are restaurants of all types and sizes in and near Helsinki: on a hot summer's day a resident of Helsinki can sit by the seashore or watch the sunset from a roof terrace, with a panorama over the whole city.</segment>
		<segment id="s-2.52" xref="u-2.52">In winter he may drop in at his favourite restaurant or entertain at an exclusive nightclub.</segment>
		<segment id="s-2.53" xref="u-2.53">On Sundays he takes the whole family to enjoy a real Finnish Sunday lunch, with traditional delicacies of a laden smörgåsbord, like reindeer steak, burbot roe and Karelian pasty.</segment>
		<segment id="s-2.54" xref="u-2.54">Helsinki also has many small restaurants serving excellent food, specializing in dishes from various foreign countries.</segment>
		<segment id="s-2.55" xref="u-2.55">4. Helsinki people take a great interest in sport in their free time.</segment>
	</segmentation>
	<rst-structure root="s-1.18">
		<multi-span id="span-1.01" nuclei="s-1.01 s-1.18" relation="joint"/>
		<span id="span-1.02" nucleus="s-1.18" satellites="span-1.03" relation="enablement"/>
		<multi-span id="span-1.03" nuclei="s-1.03 s-1.04 s-1.05 s-1.06 s-1.07 s-1.08 s-1.09 s-1.10 s-1.11 s-1.12 s-1.13 s-1.14 s-1.15" relation="list"><title xref="s-1.02"></title></multi-span>
		<span id="span-1.04" nucleus="s-1.02" satellites="s-1.16" relation="elaboration"/>
		
		<multi-span id="span-1.06-m" nuclei="s-1.21 s-1.22" relation="joint"/>
		<span id="span-1.06" nucleus="span-1.06-m" satellites="span-1.07 span-1.08 span-1.09 s-1.33" relation="elaboration"/>
		
		<span id="span-1.07-m" nucleus="s-1.24" satellites="s-1.25" relation="elaboration"/>
		<span id="span-1.07" nucleus="s-1.23" satellites="span-1.07-m" relation="background"/>
		<span id="span-1.08" nucleus="s-1.26" satellites="s-1.27" relation="evaluation"/>
		<span id="span-1.09" nucleus="s-1.30" satellites="span-1.10" relation="background"/>
		<span id="span-1.10" nucleus="s-1.29" satellites="s-1.28" relation="volitional-result"/>
		<span id="span-1.11" nucleus="s-1.30" satellites="span-1.12" relation="nonvolitional-cause"/>
		<span id="span-1.12" nucleus="s-1.31" satellites="s-1.32" relation="elaboration"/>
		
		<multi-span id="span-1.14" nuclei="s-1.18 span-1.16 span-1.17 span-1.18" relation="joint"/>
		<multi-span id="span-1.16" nuclei="s-1.17 s-1.34" relation="restatement"/>
		<multi-span id="span-1.17" nuclei="s-1.19 s-1.35" relation="restatement"/>
		<multi-span id="span-1.18" nuclei="s-1.20 s-1.36" relation="restatement"/>
	</rst-structure>
	<rst-structure>
		<multi-span id="span-2.01" nuclei="s-2.01 s-2.02" relation="restatement"/>
		<multi-span id="span-2.02" nuclei="span-2.01 s-2.04" relation="joint"/>
		<span id="span-2.03" nucleus="s-2.04" satellites="span-2.04" relation="elaboration"/>
		<span id="span-2.04" nucleus="span-2.05" satellites="span-2.06" relation="elaboration">
			<title xref="s-2.05"/>
		</span>
		<span id="span-2.05" nucleus="s-2.06" satellites="s-2.07" relation="nonvolitional-cause"/>
		<span id="span-2.06" nucleus="s-2.08" satellites="span-2.07" relation="elaboration"/>
		<span id="span-2.07" nucleus="span-2.08" satellites="s-2.11" relation="evidence"/>
		<span id="span-2.08" nucleus="s-2.10" satellites="s-2.09" relation="background"/>
		<span id="span-2.09" nucleus="s-2.04" satellites="span-2.10" relation="elaboration"/>
		<span id="span-2.10" nucleus="s-2.13" satellites="span-2.11" relation="evidence">
			<title xref="s-2.12"/>
		</span>
		<span id="span-2.11" nucleus="s-2.14" satellites="span-2.12" relation="elaboration"/>
		<multi-span id="span-2.12" nuclei="s-2.15 s-2.16" relation="joint"/>

		<span id="span-2.13" nucleus="s-2.17" satellites="span-2.14" relation="elaboration"/>
		<span id="span-2.14" nucleus="s-2.18" satellites="span-2.15" relation="elaboration"/>
		<multi-span id="span-2.15" nuclei="s-2.19 s-2.20" relation="joint"/>
		<span id="span-2.16" nucleus="s-2.17" satellites="span-2.17" relation="elaboration"/>
		<span id="span-2.17" nucleus="s-2.21" satellites="s-2.22" relation="elaboration"/>

		<multi-span id="span-2.18" nuclei="span-2.19 s-2.23" relation="joint"/>
		<multi-span id="span-2.19" nuclei="s-2.03 s-2.28" relation="restatement"/>
		<span id="span-2.20" nucleus="s-2.23" satellites="span-2.21 s-2.27" relation="elaboration"/>
		<span id="span-2.21" nucleus="s-2.24" satellites="s-2.25 s-2.26" relation="elaboration"/>

		<multi-span id="span-2.23" nuclei="s-2.29 s-2.30" relation="restatement"/>
		<span id="span-2.24" nucleus="s-2.30" satellites="span-2.25" relation="elaboration"/>
		<span id="span-2.25" nucleus="s-2.31" satellites="span-2.26" relation="elaboration"/>
		<span id="span-2.26" nucleus="s-2.32" satellites="s-2.33" relation="elaboration"/>

		<span id="span-2.27" nucleus="s-2.35" satellites="span-2.28" relation="elaboration"/>
		<span id="span-2.28" nucleus="s-2.36" satellites="span-2.29" relation="evidence"/>
		<span id="span-2.29" nucleus="s-2.37" satellites="s-2.38" relation="evidence"/>
		<span id="span-2.30" nucleus="s-2.37" satellites="s-2.39" relation="evaluation"/>
		<span id="span-2.31" nucleus="s-2.35" satellites="s-2.40" relation="elaboration"/>

		<span id="span-2.32" nucleus="s-2.41" satellites="span-2.33" relation="elaboration"/>
		<span id="span-2.33" nucleus="s-2.42" satellites="span-2.34" relation="means"/>
		<span id="span-2.34" nucleus="s-2.43" satellites="span-2.35" relation="elaboration"/>
		<span id="span-2.35" nucleus="s-2.45" satellites="s-2.44" relation="concession"/>
		<span id="span-2.36" nucleus="s-2.42" satellites="s-2.46" relation="elaboration"/>
		<span id="span-2.37" nucleus="s-2.41" satellites="span-2.38" relation="elaboration"/>
		<span id="span-2.38" nucleus="s-2.47" satellites="s-2.48 s-2.49" relation="elaboration"/>
		<multi-span id="span-2.39" nuclei="span-2.40 s-2.41" relation="joint"/>
		<multi-span id="span-2.40" nuclei="s-2.34 s-2.55" relation="restatement"/>
		
		<span id="span-2.41" nucleus="s-2.50" satellites="span-2.42" relation="elaboration"/>
		<span id="span-2.42" nucleus="s-2.51" satellites="span-2.43" relation="elaboration"/>
		<multi-span id="span-2.43" nuclei="s-2.52 s-2.53" relation="joint"/>
		<span id="span-2.44" nucleus="s-2.50" satellites="s-2.54" relation="elaboration"/>
	</rst-structure>
</gemRst>
