<?xml version="1.0" encoding="UTF-8"?>

<gemLayout>
	<segmentation>
		<layout-unit id="lay-1.01" xref="u-1.01 u-1.02">
			<layout-unit id="lay-1.01.1" xref="u-1.01" alt="Map"/>
			<layout-unit id="lay-1.01.2" xref="u-1.02"/>
		</layout-unit>
		<layout-unit id="lay-1.02" xref="u-1.03 u-1.04 u-1.05 u-1.06 u-1.07 u-1.08 u-1.09 u-1.10 u-1.11 u-1.12 u-1.13 u-1.14 u-1.15 u-1.16 u-1.17 u-1.18">
			<layout-unit id="lay-1.02.1" xref="u-1.03"/>
			<layout-unit id="lay-1.02.2" xref="u-1.04 u-1.05 u-1.06 u-1.07 u-1.08 u-1.09 u-1.10 u-1.11 u-1.12 u-1.13 u-1.14 u-1.15 u-1.16 u-1.17"/>
			<layout-unit id="lay-1.02.3" xref="u-1.18" alt="White square"/>
			<layout-unit id="lay-1.02.4" xref="u-1.04.1 u-1.05.1 u-1.06.1 u-1.07.1 u-1.08.1 u-1.09.1 u-1.10.1 u-1.11.1 u-1.12.1 u-1.13.1 u-1.14.1 u-1.17.1"/>
		</layout-unit>
		<layout-unit id="lay-1.03-m" xref="u-1.18"/>
		<layout-unit id="lay-1.03" xref="u-1.19 u-1.20">
			<layout-unit id="lay-1.03.1" xref="u-1.19" alt="Photo: May Day"/>
			<layout-unit id="lay-1.03.2" xref="u-1.20.1"/>
			<layout-unit id="lay-1.03.3" xref="u-1.20.2"/>
		</layout-unit>
		<layout-unit id="lay-1.04" xref="u-1.21 u-1.21.1">
			<layout-unit id="lay-1.04.1" xref="u-1.21" alt="Photo: Railway station"/>
			<layout-unit id="lay-1.04.2" xref="u-1.21.1"/>
		</layout-unit>
		<layout-unit id="lay-1.05" xref="u-1.22 u-1.22.1">
			<layout-unit id="lay-1.05.1" xref="u-1.22" alt="Photo: City theatre"/>
			<layout-unit id="lay-1.05.2" xref="u-1.22.1"/>
		</layout-unit>
		<layout-unit id="lay-1.06" xref="u-1.23 u-1.24 u-1.25 u-1.26 u-1.27 u-1.28 u-1.29 u-1.30 u-1.31 u-1.32 u-1.33 u-1.34 u-1.35 u-1.36 u-1.37 u-1.38">
			<layout-unit id="lay-1.06.1" xref="u-1.23"/>
			<layout-unit id="lay-1.06.2" xref="u-1.24"/>
			<layout-unit id="lay-1.06.3" xref="u-1.25 u-1.26 u-1.27 u-1.28 u-1.29 u-1.30 u-1.31 u-1.32 u-1.33 u-1.34 u-1.35"/>
			<layout-unit id="lay-1.06.4" xref="u-1.36 u-1.37.2 u-1.38.2"/>
			<layout-unit id="lay-1.06.5" xref="u-1.37.1 u-1.37.2"/>
		</layout-unit>
		<layout-unit id="lay-2.01" xref="u-2.01 u-2.02">
			<layout-unit id="lay-2.01.1" xref="u-2.01"/>
			<layout-unit id="lay-2.01.2" xref="u-2.02"/>
		</layout-unit>
		<layout-unit id="lay-2.02" xref="u-2.03 u-2.03.1">
			<layout-unit id="lay-2.02.1" xref="u-2.03"/>
			<layout-unit id="lay-2.02.2" xref="u-2.03.1"/>
		</layout-unit>
		<layout-unit id="lay-2.03" xref="u-2.04 u-2.05 u-2.06 u-2.07 u-2.08 u-2.09 u-2.10 u-2.11 u-2.12 u-2.13 u-2.14 u-2.15 u-2.16">
			<layout-unit id="lay-2.03.1" xref="u-2.04"/>
			<layout-unit id="lay-2.03.2" xref="u-2.05"/>
			<layout-unit id="lay-2.03.3" xref="u-2.06 u-2.07 u-2.08 u-2.09 u-2.10 u-2.11"/>
			<layout-unit id="lay-2.03.4" xref="u-2.12"/>
			<layout-unit id="lay-2.03.5" xref="u-2.13 u-2.14 u-2.15 u-2.16"/>
		</layout-unit>
		<layout-unit id="lay-2.04" xref="u-2.17 u-2.18 u-2.19 u-2.20 u-2.21 u-2.22">
			<layout-unit id="lay-2.04.1" xref="u-2.17"/>
			<layout-unit id="lay-2.04.2" xref=" u-2.18 u-2.19 u-2.20 u-2.21 u-2.22"/>
		</layout-unit>
		<layout-unit id="lay-2.05" xref="u-2.23 u-2.24 u-2.25 u-2.26 u-2.27">
			<layout-unit id="lay-2.05.1" xref="u-2.23"/>
			<layout-unit id="lay-2.05.2" xref="u-2.24 u-2.25 u-2.26 u-2.27"/>
		</layout-unit>
		<layout-unit id="lay-2.06" xref="u-2.28"/>
		<layout-unit id="lay-2.07" xref="u-2.29 u-2.30 u-2.31 u-2.32 u-2.33">
			<layout-unit id="lay-2.07.1" xref="u-2.29"/>
			<layout-unit id="lay-2.07.2" xref="u-2.30"/>
			<layout-unit id="lay-2.07.3" xref="u-2.31 u-2.32 u-2.33"/>
		</layout-unit>
		<layout-unit id="lay-2.08" xref="u-2.34 u-2.34.1">
			<layout-unit id="lay-2.08.1" xref="u-2.34"/>
			<layout-unit id="lay-2.08.2" xref="u-2.34.1"/>
		</layout-unit>
		<layout-unit id="lay-2.09" xref="u-2.35 u-2.36 u-2.37 u-2.38 u-2.39 u-2.40">
			<layout-unit id="lay-2.09.1" xref="u-2.35"/>
			<layout-unit id="lay-2.09.2" xref="u-2.36 u-2.37 u-2.38 u-2.39 u-2.40"/>
		</layout-unit>
		<layout-unit id="lay-2.10" xref="u-2.41 u-2.42 u-2.43 u-2.44 u-2.45 u-2.46 u-2.47 u-2.48 u-2.49">
			<layout-unit id="lay-2.10.1" xref="u-2.41"/>
			<layout-unit id="lay-2.10.2" xref="u-2.42 u-2.43 u-2.44 u-2.45 u-2.46 u-2.47 u-2.48 u-2.49"/>
		</layout-unit>
		<layout-unit id="lay-2.11" xref="u-2.50 u-2.51 u-2.52 u-2.53 u-2.54">
			<layout-unit id="lay-2.11.1" xref="u-2.50"/>
			<layout-unit id="lay-2.11.2" xref="u-2.51 u-2.52 u-2.53 u-2.54"/>
		</layout-unit>
		<layout-unit id="lay-2.12" xref="u-2.55"/>
	</segmentation>
	<layout-structure>
		<layout-root id="hdb-1969-l-side-1" orientation="landscape">
			<layout-chunk id="page-1-side-1" location="multi">
				<layout-chunk id="page-1-side-1-map" location="multi" area-ref="page-a-1">
					<layout-leaf xref="lay-1.01.1" location="row-1" area-ref="page-a-1"/>
					<layout-leaf xref="lay-1.01.2" location="row-2" area-ref="page-a-1"/>
				</layout-chunk>
				<layout-chunk id="page-1-side-1-text" location="row-3">
					<layout-leaf xref="lay-1.02.1" location="row-2" area-ref="page-a-1-b" valign="center"/>
					<layout-leaf xref="lay-1.02.2" location="row-3" area-ref="page-a-1-b" valign="left"/>
					<layout-leaf xref="lay-1.02.3" location="row-3" area-ref="page-a-1-b" halign="bottom"/>
				</layout-chunk>
			</layout-chunk>
			<layout-chunk id="page-2-side-1" location="multi">
				<layout-leaf xref="lay-1.03.1" location="col-1" area-ref="page-a-2"/>
				<layout-leaf xref="lay-1.03.2" location="col-2" area-ref="page-a-2-b" halign="top" valign="left"/>
			</layout-chunk>
			<layout-chunk id="page-3-side-1" location="multi">
				<layout-chunk id="page-3-side-1-photo-1" location="multi">
					<layout-leaf xref="lay-1.04" location="row-1" area-ref="page-a-3"/>
					<layout-leaf xref="lay-1.04.1" location="row-2" area-ref="page-a-3" halign="top" valign="left"/>
				</layout-chunk>
				<layout-chunk id="page-3-side-1-photo-2" location="multi">
					<layout-leaf xref="lay-1.05" location="row-1" area-ref="page-a-3"/>
					<layout-leaf xref="lay-1.05.1" location="row-2" area-ref="page-a-3" halign="bottom" valign="right"/>
				</layout-chunk>
			</layout-chunk>
			<layout-chunk id="page-4-side-1" location="multi">
				<layout-chunk id="page-4-side-1-header" location="multi">
					<layout-leaf xref="lay-1.06.1" location="col-2" area-ref="page-a-4-b" valign="left"/>
					<layout-leaf xref="lay-1.06.2" location="col-2" area-ref="page-a-4-c" valign="left"/>
				</layout-chunk>
				<layout-chunk id="page-4-side-1-text" location="multi">
					<layout-leaf xref="lay-1.06.3" location="col-3" area-ref="page-a-4-d"/>
					<layout-leaf xref="lay-1.06.4" location="col-3" area-ref="page-a-4-e"/>
					<layout-leaf xref="lay-1.06.5" location="col-2" area-ref="page-a-4-e" halign="bottom"/>
				</layout-chunk>
			</layout-chunk>
		</layout-root>
		<layout-root id="hdb-1969-l-side-2" orientation="landscape">
			<layout-chunk id="page-1-side-2" location="multi">
				<layout-chunk id="page-1-illustration-1" location="multi">
					<layout-leaf xref="lay-2.01.1" location="cell-22" area-ref="page-b-1-b"/>
					<layout-leaf xref="lay-2.01.2" location="cell-23" area-ref="page-b-1-b" valign="left"/>
				</layout-chunk>
				<layout-chunk id="page-1-photo-1" location="multi">
					<layout-leaf xref="lay-2.02.1" location="row-3" area-ref="page-b-1"/>
					<layout-leaf xref="lay-2.02.2" location="row-2" area-ref="page-b-1"/>
				</layout-chunk>
			</layout-chunk>
			<layout-chunk id="page-2-side-2" location="cell-22" area-ref="page-a-2">
				<layout-chunk id="page-2-side-2-text-1" location="cell-22" area-ref="page-b-2">
					<layout-leaf xref="lay-2.03.1" location="cell-22" area-ref="page-b-2"/>
					<layout-leaf xref="lay-2.03.2" location="cell-22" area-ref="page-b-2"/>
					<layout-leaf xref="lay-2.03.3" location="cell-22" area-ref="page-b-2"/>
					<layout-leaf xref="lay-2.03.4" location="cell-22" area-ref="page-b-2"/>
					<layout-leaf xref="lay-2.03.5" location="cell-22" area-ref="page-b-2"/>
				</layout-chunk>
				<layout-chunk id="page-2-side-2-text-2" location="cell-23" area-ref="page-b-2" halign="center" valign="left">
					<layout-leaf xref="lay-2.04.1" location="cell-23" area-ref="page-a-2"/>
					<layout-leaf xref="lay-2.04.2" location="cell-23" area-ref="page-a-2"/>
				</layout-chunk>
				<layout-chunk id="page-2-side-2-text-3" location="cell-24" area-ref="page-b-2" halign="bottom" valign="left">
					<layout-leaf xref="lay-2.05.1" location="cell-24" area-ref="page-b-2"/>
					<layout-leaf xref="lay-2.05.2" location="cell-24" area-ref="page-b-2"/>
				</layout-chunk>
				<layout-leaf xref="lay-2.06" location="cell-25" area-ref="page-b-2"/>
			</layout-chunk>
			<layout-chunk id="page-3-side-2" location="multi">
				<layout-chunk id="page-3-side-2-text-1" location="multi" area-ref="page-b-3-b">
					<layout-leaf xref="lay-2.07.1" location="multi" area-ref="page-b-3-b" halign="top" valign="center"/>
					<layout-chunk id="page-3-side-2-text" location="cell-22" area-ref="page-b-3-b">
						<layout-leaf xref="lay-2.07.2" location="cell-23" area-ref="page-b-3-b" halign="center" valign="left"/>
						<layout-leaf xref="lay-2.07.3" location="cell-24" area-ref="page-b-3-b" halign="bottom" valign="left"/>
					</layout-chunk>
					<layout-chunk id="page-3-side-2-photo-1" location="multi">
						<layout-leaf xref="lay-2.08.1" location="row-3" area-ref="page-b-3"/>
						<layout-leaf xref="lay-2.08.2" location="row-2" area-ref="page-b-3" halign="bottom" valign="left"/>
					</layout-chunk>
				</layout-chunk>
			</layout-chunk>
			<layout-chunk id="page-4-side-2" location="multi">
				<layout-chunk id="page-4-text-1" location="cell-22" area-ref="page-a-4" halign="top" valign="left">
					<layout-leaf xref="lay-2.09.1" location="cell-22" area-ref="page-a-4"/>
					<layout-leaf xref="lay-2.09.2" location="cell-22" area-ref="page-a-4"/>
				</layout-chunk>
				<layout-chunk id="page-4-text-2" location="cell-23" area-ref="page-a-4" halign="center" valign="left">
					<layout-leaf xref="lay-2.10.1" location="cell-23" area-ref="page-a-4"/>
					<layout-leaf xref="lay-2.10.2" location="cell-23" area-ref="page-a-4"/>
				</layout-chunk>
				<layout-chunk id="page-4-text-3" location="cell-24" area-ref="page-a-4" halign="bottom" valign="left">
					<layout-leaf xref="lay-2.11.1" location="cell-24" area-ref="page-a-4"/>
					<layout-leaf xref="lay-2.11.2" location="cell-24" area-ref="page-a-4"/>
				</layout-chunk>
				<layout-leaf xref="lay-2.12" location="cell-25" area-ref="page-a-4"/>
			</layout-chunk>
		</layout-root>
	</layout-structure>
	<area-model>
		<area-root id="hdb-1969-a-side-1" cols="6" rows="1" hspacing="24 2 24 24 2 24" vspacing="100" width="390mm" height="194mm">
			<sub-area id="page-a-1" location="col-1" cols="1" rows="3" hspacing="100" vspacing="49 2 49" width="95mm" height="194mm">
				<sub-area id="page-a-1-b" location="row-3" cols="3" rows="4" hspacing="6 87 6" vspacing="4 4 86 6" width="95mm" height="95mm"/>
			</sub-area>
			<sub-area id="page-a-2" location="col-3" cols="1" rows="1" hspacing="100" vspacing="2 18 80" width="95mm" height="194mm">
				<sub-area id="page-a-2-b" location="row-2" cols="3" rows="1" hspacing="5 91 4" vspacing="100" width="95mm" height="35mm"/>
			</sub-area>
			<sub-area id="page-a-3" location="col-4" cols="1" rows="3" hspacing="100" vspacing="49 2 49" width="95mm" height="194mm"/>
			<sub-area id="page-a-4" location="col-6" cols="1" rows="9" hspacing="100" vspacing="2 6 4 7 21 51 1 5 3" width="95mm" height="194mm">
				<sub-area id="page-a-4-b" location="row-2" cols="3" rows="1" hspacing="5 84 11" vspacing="100" width="95mm" height="11mm"/>
				<sub-area id="page-a-4-c" location="row-4" cols="3" rows="1" hspacing="6 67 27" vspacing="100" width="95mm" height="13mm"/>
				<sub-area id="page-a-4-d" location="row-6" cols="3" rows="1" hspacing="7 86 7" vspacing="100" width="95mm" height="101mm"/>
				<sub-area id="page-a-4-e" location="row-8" cols="4" rows="1" hspacing="6 4 83 7" vspacing="100" width="95mm" height="10mm"/>
			</sub-area>
		</area-root>
		<area-root id="hdb-1969-a-side-2" cols="6" rows="1" hspacing="24 2 24 24 2 24" vspacing="100" width="390mm" height="194mm">
			<sub-area id="page-b-1" location="col-1" cols="1" rows="3" hspacing="100" vspacing="49 2 49" width="95mm" height="194mm">
				<sub-area id="page-b-1-b" location="row-1" cols="3" rows="4" hspacing="6 88 6" vspacing="4 77 6 13" width="95mm" height="95mm"/>
			</sub-area>
			<sub-area id="page-b-2" location="col-3" cols="3" rows="5" hspacing="49 2 49" vspacing="2 44 24 25 5" width="95mm" height="194mm"/>
			<sub-area id="page-b-3" location="col-4" cols="1" rows="3" hspacing="100" vspacing="49 2 49" width="95mm" height="194mm">
				<sub-area id="page-b-3-b" location="row-1" cols="3" rows="6" hspacing="6 88 6" vspacing="4 45 6 11 23 11" width="95mm" height="95mm"/>
			</sub-area>
			<sub-area id="page-b-4" location="col-6" cols="1" rows="1" hspacing="49 2 49" vspacing="2 27 40 25 6" width="95mm" height="194mm"/>
		</area-root>
	</area-model>
	<realization>
		<chunk xref="page-4-side-1" background-color="white" border="rectangular" border-color="black" border-style="solid" border-weight="bold"/>
		<chunk xref="page-2-side-2" background-color="white" border="rectangular" border-color="black" border-style="solid" border-weight="bold"/>
		<chunk xref="page-4-side-2" background-color="white" border="rectangular" border-color="black" border-style="solid" border-weight="bold"/>
		<graphics xref="lay-1.01.1" type="map" colors="mixed" border="rectangular" border-color="black" border-style="solid" border-weight="bold" width="95mm" height="93mm"/>
		<text xref="lay-1.01.2" font-family="sans-serif" font-size="2" font-style="normal" font-weight="normal" case="caps" color="black"/>
		<text xref="lay-1.02.1" font-family="serif" font-size="8" font-style="normal" font-weight="extra-bold" case="caps" color="black"/>
		<text xref="lay-1.02.2" font-family="sans-serif" font-size="3" font-style="normal" font-weight="normal" case="mixed" color="black"/>
		<graphics xref="lay-1.02.3" two-d-element-type="square" colors="white" type="two-d-element" width="80mm" height="15mm"/>
		<hi-text xref="lay-1.02.4" context="lay-1.02" font-family="sans-serif" font-size="3" font-style="normal" font-weight="bold" case="mixed" color="black"/>
		<graphics xref="lay-1.03.1" type="photo" colors="mixed" border="rectangular" border-color="black" border-style="solid" border-weight="bold" height="194mm" width="195mm"/>
		<text xref="lay-1.03.2" font-family="serif" font-size="15" font-style="normal" font-weight="bold" case="caps" color="black"/>
		<hi-text xref="lay-1.03.3" context="lay-1.03.2" font-family="serif" font-size="30" font-style="normal" font-weight="extra-bold" case="caps" color="black"/>
		<graphics xref="lay-1.04.1" type="photo" colors="mixed" border="rectangular" border-color="black" border-style="solid" border-weight="bold" height="93mm" width="93mm"/>
		<graphics xref="lay-1.05.1" type="photo" colors="mixed" border="rectangular" border-color="black" border-style="solid" border-weight="bold" height="93mm" width="93mm"/>
		<text xref="lay-1.04.2 lay-1.05.2" font-family="serif" font-size="6" font-style="normal" font-weight="normal" case="none" color="black"/>
		<text xref="lay-1.06.1" font-family="serif" font-size="27" font-style="normal" font-weight="extra-bold" case="caps" color="black"/>
		<text xref="lay-1.06.2" font-family="serif" font-size="14" font-style="normal" font-weight="bold" case="caps" color="black"/>
		<text xref="lay-1.06.3" font-family="serif" font-size="5" font-style="normal" font-weight="normal" case="mixed" color="black"/>
		<text xref="lay-1.06.4" font-family="serif" font-size="3" font-style="normal" font-weight="normal" case="mixed" color="black"/>
		<graphics xref="lay-2.01.2" type="illustration" colors="black" background-color="orange" border="rectangular" border-color="black" border-style="solid" border-weight="bold" width="81mm" height="73mm"/>
		<text xref="lay-2.01.2" font-family="serif" font-size="14" font-style="normal" font-weight="bold" case="caps" color="black"/>
		<text xref="lay-2.02.2 lay-2.08.2" font-family="sans-serif" font-size="6" font-style="normal" font-weight="normal" case="mixed" color="black"/>
		<text xref="lay-2.03.1 lay-2.04.1 lay-2.05.1 lay-2.07.2 lay-2.09.1 lay-2.10.1 lay-2.11.1" font-family="serif" font-size="14" font-style="normal" font-weight="extra-bold" case="caps" color="black"/>
		<text xref="lay-2.03.3 lay-2.03.5 lay-2.04.2 lay-2.05.2 lay-2.07.3 lay-2.09.2 lay-2.10.2 lay-2.11.2" font-family="sans-serif" font-size="4" font-style="normal" font-weight="normal" case="mixed" color="black"/>
		<hi-text xref="lay-2.03.2 lay-2.03.4" context="lay-2.03" font-family="sans-serif" font-size="6" font-style="normal" font-weight="normal" case="caps" color="black"/>
		<graphics xref="lay-2.07.1" type="illustration" colors="black" background-color="orange" width="81mm" height="42mm"/>
		<graphics xref="lay-2.02.1" type="photo" colors="mixed" border="rectangular" border-color="black" border-style="solid" border-weight="bold" width="93mm" height="93mm"/>
		<graphics xref="lay-2.08.1" type="photo" colors="mixed" border="rectangular" border-color="black" border-style="solid" border-weight="bold" width="93mm" height="93mm"/>
		<text xref="lay-2.06 lay-2.12" font-family="sans-serif" font-size="4" font-style="normal" font-weight="normal" case="mixed" color="black"/>
	</realization>
</gemLayout>
