<?xml version="1.0" encoding="UTF-8"?>

<gemNav>
	<entry id="e-1.01" xref="u-1.21" rst-span="s-1.17"/>
	<pointer id="p-1.01" type="cross-reference" from="s-1.17" to="e-2.01" range="document-internal">
		<content xref="u-1.21"/>
		<address xref="e-2.01" address-precision="unsure"/>
	</pointer>
	<pointer id="p-1.02" type="cross-reference" from="s-1.17" to="e-2.04" range="document-internal">
		<content xref="u-1.21"/>
		<address xref="e-2.04" address-precision="unsure"/>
	</pointer>
	<pointer id="p-1.03" type="cross-reference" from="s-1.17" to="e-2.02" range="document-internal">
		<content xref="u-1.21"/>
		<address xref="e-2.02" address-precision="unsure"/>
	</pointer>
	<pointer id="p-1.04" type="cross-reference" from="s-1.17" to="e-2.03" range="document-internal">
		<content xref="u-1.21"/>
		<address xref="e-2.03" address-precision="unsure"/>
	</pointer>
	<pointer id="p-1.05" type="cross-reference" from="s-1.04" to="" range="phone">
		<content xref="u-1.04"/>
		<address xref="e-2.03" address-precision="start-only"/>
	</pointer>
	<pointer id="p-1.06" type="cross-reference" from="s-1.05" to="" range="phone">
		<content xref="u-1.05"/>
		<address xref="" address-precision="start-only"/>
	</pointer>	
	<entry id="e-2.01" xref="u-2.02" rst-span="s-2.02"/>
	<entry id="e-2.02" xref="u-2.19" rst-span="s-2.18"/>
	<entry id="e-2.03" xref="u-2.35" rst-span="s-2.33"/>
	<entry id="e-2.04" xref="u-2.54" rst-span="s-2.51"/>
	<pointer id="p-2.01" type="cross-reference" from="s-2.02" to="e-1.01" range="document-internal">
		<content xref="u-2.02"/>
		<address xref="e-1.01" address-precision="unsure"/>
	</pointer>
	<pointer id="p-2.02" type="cross-reference" from="s-2.18" to="e-1.01" range="document-internal">
		<content xref="u-2.19"/>
		<address xref="e-1.03" address-precision="unsure"/>
	</pointer>
	<pointer id="p-2.03" type="cross-reference" from="s-2.33" to="e-1.01" range="document-internal">
		<content xref="u-2.35"/>
		<address xref="e-1.04" address-precision="unsure"/>
	</pointer>
	<pointer id="p-2.04" type="cross-reference" from="s-2.51" to="e-1.01" range="document-internal">
		<content xref="u-2.54"/>
		<address xref="e-1.02" address-precision="unsure"/>
	</pointer>
</gemNav>
