<?xml version="1.0" encoding="UTF-8"?>

<gemLayout>
	<segmentation>
		<layout-unit id="lay-1.01" xref="u-1.01 u-1.02 u-1.03 u-1.04 u-1.05">
			<layout-unit id="lay-1.01.1" xref="u-1.01"/>
			<layout-unit id="lay-1.01.2" xref="u-1.02"/>
			<layout-unit id="lay-1.01.3" xref="u-1.03 u-1.04 u-1.05"/>
		</layout-unit>
		<layout-unit id="line-1.02" xref="u-1.06"/>
		<layout-unit id="lay-1.03" xref="u-1.07"/>
		<layout-unit id="lay-1.04" xref="u-1.08 u-1.09 u-1.10 u-1.11 u-1.12">
			<layout-unit id="lay-1.04.1" xref="u-1.08"/>
			<layout-unit id="lay-1.04.2" xref="u-1.09 u-1.10 u-1.11 u-1.12"/>
		</layout-unit>
		<layout-unit id="lay-1.05" xref="u-1.13 u-1.14"/>
		<layout-unit id="lay-1.05.1" xref="u-1.13"/>
		<layout-unit id="lay-1.05.2" xref="u-1.14"/>
		<layout-unit id="lay-1.06" xref="u-1.15 u-1.16"/>
		<layout-unit id="lay-1.06.1" xref="u-1.15"/>
		<layout-unit id="lay-1.06.2" xref="u-1.17"/>
		<layout-unit id="lay-1.07" xref="u-1.17"/>
		<layout-unit id="line-1.08" xref="u-1.18"/>
		<layout-unit id="lay-1.09" xref="u-1.19"/>
		<layout-unit id="lay-1.10" xref="u-1.20"/>
		<layout-unit id="lay-1.11" xref="u-1.21"/>
		<layout-unit id="lay-2.01" xref="u-2.01 u-2.02">
			<layout-unit id="lay-2.01.1" xref="u-2.01"/>
			<layout-unit id="lay-2.01.2" xref="u-2.02"/>
		</layout-unit>
		<layout-unit id="line-2.02" xref="u-2.03"/>
		<layout-unit id="lay-2.03" xref="u-2.04 u-2.05 u-2.06 u-2.07 u-2.08 u-2.09 u-2.10 u-2.11 u-2.12 u-2.13 u-2.14 u-2.15 u-2.16"/>
		<layout-unit id="lay-2.04" xref="u-2.17"/>
		<layout-unit id="lay-2.05" xref="u-2.18 u-2.19">
			<layout-unit id="lay-2.05.1" xref="u-2.18"/>
			<layout-unit id="lay-2.05.2" xref="u-2.19"/>
		</layout-unit>
		<layout-unit id="line-2.06" xref="u-2.20"/>
		<layout-unit id="lay-2.07" xref="u-2.21 u-2.22 u-2.23 u-2.24 u-2.25 u-2.26 u-2.27 u-2.28 u-2.29 u-2.30 u-2.31 u-2.32"/>
		<layout-unit id="lay-2.08" xref="u-2.33"/>
		<layout-unit id="lay-2.09" xref="u-2.34 u-2.35">
			<layout-unit id="lay-2.09.1" xref="u-2.34"/>
			<layout-unit id="lay-2.09.2" xref="u-2.35"/>
		</layout-unit>
		<layout-unit id="line-2.10" xref="u-2.36"/>
		<layout-unit id="lay-2.11" xref="u-2.37 u-2.38 u-2.39 u-2.40 u-2.41 u-2.42 u-2.43 u-2.44 u-2.45 u-2.46 u-2.47 u-2.48 u-2.49 u-2.50 u-2.51"/>
		<layout-unit id="lay-2.12" xref="u-2.52"/>
		<layout-unit id="lay-2.13" xref="u-2.53 u-2.54">
			<layout-unit id="lay-2.13.1" xref="u-2.53"/>
			<layout-unit id="lay-2.13.2" xref="u-2.54"/>
		</layout-unit>
		<layout-unit id="line-2.14" xref="u-2.55"/>
		<layout-unit id="lay-2.15" xref="u-2.56 u-2.57 u-2.58 u-2.59 u-2.60 u-2.61 u-2.62 u-2.63 u-2.64 u-2.65 u-2.66"/>
		<layout-unit id="lay-2.16" xref="u-2.67"/>
	</segmentation>
	<layout-structure>
		<layout-root id="hft-1972-l-side-1" orientation="landscape">
			<layout-chunk id="page-1-side-1" location="multi" area-ref="page-a-1">
				<layout-chunk id="page-1-contact-info" location="row-1">
					<layout-leaf xref="lay-1.01.1" location="col-2" area-ref="page-a-1-b"/>
					<layout-leaf xref="lay-1.01.2" location="col-4" area-ref="page-a-1-b" valign="left" halign="top"/>
					<layout-leaf xref="lay-1.01.3" location="col-4" area-ref="page-a-1-b" valign="left"/>
				</layout-chunk>
				<layout-leaf xref="line-1.02" location="row-4" area-ref="page-a-1" halign="top"/>
				<layout-chunk id="header-page-1-side-1" location="multi">
					<layout-leaf xref="lay-1.03" location="col-2" area-ref="page-a-1-b" valign="left"/>
					<layout-chunk id="body-page-1-side-1" location="row-2" area-ref="page-a-1">
						<layout-leaf xref="lay-1.04" location="row-1" area-ref="page-a-1-d-1"/>
						<layout-leaf xref="lay-1.05" location="row-2" area-ref="page-a-1-d-1"/>
					</layout-chunk>
				</layout-chunk>
				<layout-leaf xref="lay-1.06" location="row-9" area-ref="page-a-1" halign="top" valign="left"/>
			</layout-chunk>
			<layout-chunk id="page-2-side-1" location="multi" area-ref="page-a-2">
				<layout-leaf xref="lay-1.07" location="col-1" area-ref="page-a-2-b"/>
				<layout-leaf xref="line-1.08" location="row-1" area-ref="page-a-2" halign="bottom"/>
				<layout-leaf xref="lay-1.09" location="col-2" area-ref="page-a-2-c"/>
				<layout-leaf xref="lay-1.10" location="row-5" area-ref="page-a-2"/>
			</layout-chunk>
			<layout-chunk id="page-3-side-1" location="multi" area-ref="page-a-3">
				<layout-leaf xref="lay-1.11" location="row-1" area-ref="page-a-3"/>
			</layout-chunk>
		</layout-root>
		<layout-root id="hft-1972-l-side-2" orientation="landscape">
			<layout-chunk id="page-1-side-2" location="multi" area-ref="page-b-1">
				<layout-chunk id="header-page-1-side-2" location="row-1" area-ref="page-b-1">
					<layout-leaf xref="lay-2.01.1" location="row-2" area-ref="page-b-1-b-1" valign="left" halign="top"/>
					<layout-leaf xref="lay-2.01.2" location="col-2" area-ref="page-b-1-b"/>
					<layout-leaf xref="line-2.02" location="row-1" area-ref="page-b-1" halign="bottom"/>
				</layout-chunk>
				<layout-leaf xref="lay-2.03" location="row-1" area-ref="page-b-1-c-1"/>
				<layout-leaf xref="lay-2.04" location="row-3" area-ref="page-b-1-c-1"/>
			</layout-chunk>
			<layout-chunk id="page-2-side-2" location="multi" area-ref="page-b-2">
				<layout-chunk id="header-page-2-side-2" location="row-1" area-ref="page-b-2">
					<layout-leaf xref="lay-2.05.1" location="col-2" area-ref="page-b-2-b-2" valign="left" halign="top"/>
					<layout-leaf xref="lay-2.05.2" location="col-2" area-ref="page-b-2-b"/>
					<layout-leaf xref="line-2.06" location="row-1" halign="bottom"/>
				</layout-chunk>
				<layout-leaf xref="lay-2.07" location="row-1" area-ref="page-b-2-c-1"/>
				<layout-leaf xref="lay-2.08" location="row-3" area-ref="page-b-2-c-1"/>
			</layout-chunk>
			<layout-chunk id="page-3-side-2" location="multi" area-ref="page-b-3">
				<layout-chunk id="header-page-3-side-2" location="row-1" area-ref="page-b-3">
					<layout-leaf xref="lay-2.09.1" location="col-2" area-ref="page-b-3-b-2" valign="left" halign="top"/>
					<layout-leaf xref="lay-2.09.2" location="row-2" area-ref="page-b-3-b"/>
					<layout-leaf xref="line-2.10" location="row-1" area-ref="page-b-3" halign="bottom"/>
				</layout-chunk>
				<layout-leaf xref="lay-2.11" location="row-1" area-ref="page-b-3-c-1"/>
				<layout-leaf xref="lay-2.12" location="row-2" area-ref="page-b-3-c-1"/>
			</layout-chunk>
			<layout-chunk id="page-4-side-2" location="multi" area-ref="page-b-4">
				<layout-chunk id="header-page-4-side-2" location="row-1" area-ref="page-b-4">
					<layout-leaf xref="lay-2.13.1" location="col-2" area-ref="page-b-4-b-2" valign="left" halign="top"/>
					<layout-leaf xref="lay-2.13.2" location="row-1" area-ref="page-b-4-b"/>
					<layout-leaf xref="line-2.14" location="row-1" area-ref="page-b-4" halign="bottom"/>
				</layout-chunk>
				<layout-leaf xref="lay-2.15" location="row-1" area-ref="page-b-4-b-1"/>
				<layout-leaf xref="lay-2.16" location="row-3" area-ref="page-b-4-b-1"/>
			</layout-chunk>
		</layout-root>
	</layout-structure>
	<area-model>
		<area-root id="hft-1972-a-side-1" cols="3" rows="1" hspacing="50 25 25" vspacing="100" width="397mm" height="210mm">
			<sub-area id="page-a-1" location="col-2" cols="1" rows="9" hspacing="100" vspacing="2 8 9 3 3 10 22 39 4" width="101mm" height="210mm">
				<sub-area id="page-a-1-b" location="row-2" cols="5" rows="1" hspacing="5 10 3 55 27" vspacing="100" width="101mm" height="16mm"/>
				<sub-area id="page-a-1-c" location="row-5" cols="2" rows="1" hspacing="4 96" vspacing="100" width="101mm" height="6mm"/>
				<sub-area id="page-a-1-d" location="row-7" cols="2" rows="1" hspacing="3 95 2" vspacing="100" width="101mm" height="47mm">
					<sub-area id="page-a-1-d-1" location="col-2" cols="1" rows="2" hspacing="100" vspacing="60 40" width="95mm" height="47mm"/>
				</sub-area>
				<sub-area id="page-a-1-e" location="row-9" cols="2" rows="1" hspacing="3 97" vspacing="100"/>
			</sub-area>
			<sub-area id="page-a-2" location="col-3" cols="1" rows="3" hspacing="100" vspacing="18 3 17 3 59" width="100mm" height="210mm">
				<sub-area id="page-a-2-b" location="row-1" cols="2" rows="1" hspacing="37 63" vspacing="100" width="100mm" height="38mm"/>
				<sub-area id="page-a-2-c" location="row-3" cols="2" rows="1" hspacing="18 82" vspacing="100" width="100mm" height="36mm"/>
			</sub-area>
			<sub-area id="page-a-3" location="col-1" cols="1" rows="1" hspacing="100" vspacing="100" width="197mm" height="210mm"/>
		</area-root>
		<area-root id="hft-1972-a-side-2" cols="6" rows="2" hspacing="1 24 25 24 25 1" vspacing="1 99" height="210mm" width="397mm">
			<sub-area id="page-b-1" location="cell-22" cols="1" rows="3" hspacing="100" vspacing="18 1 81" height="208mm" width="98mm">
				<sub-area id="page-b-1-b" location="row-1" cols="2" rows="1" hspacing="63 37" vspacing="100" height="37mm" width="98mm">
					<sub-area id="page-b-1-b-1" location="col-1" cols="1" rows="2" hspacing="100" vspacing="68 32" height="37mm" width="61mm"/>
				</sub-area>
				<sub-area id="page-b-1-c" location="row-3" cols="2" rows="1" hspacing="97 3" vspacing="100" width="98mm" height="170mm">
					<sub-area id="page-b-1-c-1" location="col-1" cols="1" rows="3" hspacing="100" vspacing="41 3 56" height="170mm" width="95mm"/>
				</sub-area>
			</sub-area>
			<sub-area id="page-b-2" location="cell-32" cols="1" rows="3" hspacing="100" vspacing="18 1 81" height="208mm" width="99mm">
				<sub-area id="page-b-2-b" location="row-1" cols="2" rows="1" hspacing="63 37" vspacing="100" height="37mm" width="98mm">
					<sub-area id="page-b-2-b-1" location="col-1" cols="1" rows="2" hspacing="100" vspacing="70 30" height="37mm" width="62mm">
						<sub-area id="page-b-2-b-2" location="row-2" cols="2" rows="1" hspacing="3 97" vspacing="100" width="62mm" height="10mm"/>
					</sub-area>
					<sub-area id="page-b-2-c" location="row-3" cols="3" rows="1" hspacing="2 96 2" vspacing="100" width="99mm" height="170mm">
						<sub-area id="page-b-2-c-1" location="col-2" cols="1" rows="3" hspacing="100" vspacing="35 9 56" width="95mm" height="170mm"/>
					</sub-area>
				</sub-area>
			</sub-area>
			<sub-area id="page-b-3" location="cell-42" cols="1" rows="3" hspacing="100" vspacing="18 1 81" height="208mm" width="98mm">
				<sub-area id="page-b-3-b" location="row-1" cols="2" rows="1" hspacing="63 37" vspacing="100" height="37mm" width="62mm">
					<sub-area id="page-b-3-b-1" location="col-1" cols="1" rows="2" hspacing="100" vspacing="70 30" height="37mm" width="62mm">
						<sub-area id="page-b-3-b-2" location="row-2" cols="2" rows="1" hspacing="3 97" vspacing="100" height="10mm" width="62mm"/>
					</sub-area>
				</sub-area>
				<sub-area id="page-b-3-c" location="row-3" cols="3" rows="1" hspacing="2 96 2" vspacing="100">
					<sub-area id="page-b-3-c-1" location="col-2" cols="1" rows="2" hspacing="100" vspacing="44 56" width="95mm" height="170mm"/>
				</sub-area>
			</sub-area>
			<sub-area id="page-b-4" location="cell-52" cols="1" rows="3" hspacing="100" vspacing="18 1 81" height="208mm" width="99mm">
				<sub-area id="page-b-4-b" location="row-1" cols="2" rows="1" hspacing="64 36" vspacing="100" width="99mm">
					<sub-area id="page-b-4-b-1" location="col-1" cols="1" rows="2" hspacing="100" vspacing="70 30" height="37mm" width="64mm">
						<sub-area id="page-b-4-b-2" location="row-2" cols="2" rows="1" hspacing="9 91" vspacing="100" width="64mm" height="10mm"/>
					</sub-area>
				</sub-area>
				<sub-area id="page-b-4-c" location="row-3" cols="2" rows="1" hspacing="4 96" vspacing="100" width="99mm" height="170mm">
					<sub-area id="page-b-4-c-1" location="col-2" cols="1" rows="3" hspacing="100" vspacing="42 3 55" width="96mm" height="170mm"/>
				</sub-area>
			</sub-area>
		</area-root>
	</area-model>
	<realization>
		<text xref="lay-1.01.1" font-family="sans-serif" font-size="6" font-style="normal" font-weight="bold" case="mixed" color="black"/>
		<graphics xref="lay-1.01.2" type="illustration" colors="black" width="10mm" height="12mm"/>
		<graphics xref="line-1.02 line-1.08" type="two-d-element" two-d-element-type="line" colors="black" width="96mm"/>
		<text xref="lay-1.01.3" font-family="sans-serif" font-size="5" font-style="normal" font-weight="bold" case="mixed" color="black"/>
		<text xref="lay-1.03" font-family="sans-serif" font-size="14" font-style="normal" font-weight="normal" case="smalls" color="black"/>
		<text xref="lay-1.04.1 lay-1.05.1" font-family="sans-serif" font-size="5" font-style="normal" font-weight="bold" case="mixed" color="black"/>
		<text xref="lay-1.04.2 lay-1.05.2" font-family="sans-serif" font-size="5" font-style="normal" font-weight="normal" case="mixed" color="black"/>
		<text xref="lay-1.06.1" font-family="sans-serif" font-size="5" font-style="normal" font-weight="normal" case="caps" color="black"/>
		<text xref="lay-1.06.2" font-family="sans-serif" font-size="4" font-style="normal" font-weight="normal" case="mixed" color="black"/>
		<graphics xref="lay-1.07" type="illustration" colors="mixed" width="36mm" height="36mm"/>
		<text xref="lay-1.09" font-family="sans-serif" font-size="14" font-style="normal" font-weight="normal" case="smalls" color="black"/>
		<graphics xref="lay-1.10" type="illustration" colors="mixed" width="100mm" height="123mm"/>
		<graphics xref="lay-1.11" type="map" colors="mixed" width="198mm" height="209mm"/>
		<text xref="lay-2.01.1 lay-2.05.1 lay-2.09.1 lay-2.13.1" font-family="sans-serif" font-size="16" font-style="normal" font-weight="bold" case="caps" color="black"/>
		<graphics xref="lay-2.01.2" type="illustration" colors="mixed" width="36mm" height="36mm"/>
		<graphics xref="lay-2.05.2" type="illustration" colors="mixed" width="36mm" height="36mm"/>
		<graphics xref="lay-2.09.2" type="illustration" colors="mixed" width="36mm" height="36mm"/>
		<graphics xref="lay-2.13.2" type="illustration" colors="mixed" width="36mm" height="36mm"/>
		<graphics xref="line-2.02 line-2.06 line-2.10 line-2.14" type="two-d-element" two-d-element-type="line" colors="black" length="96mm"/>
		<text xref="lay-2.03 lay-2.07 lay-2.11 lay-2.15" font-family="sans-serif" font-size="4" font-style="normal" font-weight="normal" case="mixed" color="black"/>
		<graphics xref="lay-2.04" type="photo" colors="mixed" width="95mm" height="95mm"/>
		<graphics xref="lay-2.08" type="photo" colors="mixed" width="95mm" height="95mm"/>
		<graphics xref="lay-2.12" type="photo" colors="mixed" width="95mm" height="95mm"/>
		<graphics xref="lay-2.16" type="photo" colors="mixed" width="95mm" height="95mm"/>
	</realization>
</gemLayout>
