<?xml version="1.0" encoding="UTF-8"?>

<gemBase>
	<unit id="u-1.01" alt="Photo: City Theatre"/>
	<unit id="u-1.02">City Theatre in winter</unit>
	<unit id="u-1.03" alt="Photo: Fishing vessels"/>
	<unit id="u-1.04">Fishing-vessels at the Market Square</unit>
	<unit id="u-1.05" alt="Photo: Harbour overview"/>
	<unit id="u-1.06" alt="Photo: Kaivopuisto"/>
	<unit id="u-1.07">Kaivopuisto Park</unit>
	<unit id="u-1.08" alt="Photo: Pihlajasaari"/>
	<unit id="u-1.09">Pihlajasaari Island</unit>
	<unit id="u-1.10" alt="Photo: Railway station"/>
	<unit id="u-1.11">Railway Station and Kaivokatu Street</unit>
	<unit id="u-1.12" alt="Photo: Suomenlinna Fortress"/>
	<unit id="u-1.13">Suomenlinna Fortress</unit>
	<unit id="u-1.14" alt="Photo: Market Square"/>
	<unit id="u-1.15">Market Square and City Hall</unit>
	<unit id="u-1.16" alt="Illustration: Coat of Arms"/>
	<unit id="u-1.17">Helsinki City Tourist Office</unit>
	<unit id="u-1.18">Pohjoisesplanadi 19, 00100 Helsinki 10</unit>
	<unit id="u-1.19">phone 1623 217 and 174 088</unit>
	<unit id="u-1.20">telegrams: citytourist</unit>
	<unit id="u-1.21" alt="Illustration: Symbol"/>
	<unit id="u-1.22" alt="Line"/>
	<unit id="u-1.23">Helsinki</unit>
	<unit id="u-1.24">Daughter of the Baltic</unit>
	<unit id="u-1.25">Finland</unit>
	<unit id="u-1.26" alt="Illustration: Sea and Cathedral"/>
	<unit id="u-1.27">Helsinki is a modern city.</unit>
	<unit id="u-1.28">Here the tourist does not come face to face with the past as he does in many old European capitals.</unit>
	<unit id="u-1.29">Yet there are areas in Helsinki which give a genuine and comprehensive picture of the atmosphere and architecture of the past.</unit>
	<unit id="u-1.30">History.</unit>
	<unit id="u-1.31">Great fires destroyed the old wooden Helsinki many times, but it was always rebuilt.</unit>
	<unit id="u-1.32">The only remains of the trade and seafaring town that Swedish King Gustav Vasa founded in 1550 at the mouth of River Vantaa are the foundations of a church.</unit>
	<unit id="u-1.33">The massive walls of the Suomenlinna fortress date from the 18th century.</unit>
	<unit id="u-1.34">Helsinki became Finland's capital in 1812.</unit>
	<unit id="u-1.35">Many of the city's historically interesting sights date from the beginning of the 19th century, when the administrative centre was built around the Senate Square.</unit>
	<unit id="u-1.36">Helsinki had a population of 4000 in 1812.</unit>
	<unit id="u-1.37">At the turn of the century the figure was 79 000 and it is just over half a million at present.</unit>
	<unit id="u-1.38">Architecture.</unit>
	<unit id="u-1.39">The Empire style buildings around the Senate Square - the Cathedral, University and Government Palace, for example - are still the finest architectural achievements in Helsinki.</unit>
	<unit id="u-1.40">It has been said of the Helsinki of the Empire period that it was the last European city designed as an entity and created as a work of art.</unit>
	<unit id="u-1.41">The historic Senate Square will always hold the place of honour in the capital.</unit>
	<unit id="u-1.42">New business centres and civic buildings are being planned and built all the time, and the centre of the city is expanding.</unit>
	<unit id="u-1.43">For example, a new business centre has developed around Hakaniemi Square.</unit>
	<unit id="u-1.44">The City Theatre and the City Administration Building for social affairs are on the shore of Eläintarha Bay.</unit>
	<unit id="u-1.45">The concert and congress hall Finlandia is in Hesperia Park on the shore of Töölö Bay.</unit>
	<unit id="u-1.46">Traffic problems, restoration of the old and construction of the new while preserving the city's image are current topics in Helsinki at the moment.</unit>
	<unit id="u-1.47">In planning new areas and developing old ones the aim is to make the city a balanced whole with several regional centres.</unit>
	<unit id="u-1.48">These centres have their own schools, sport fields, libraries and shopping centres - many also have swimming baths.</unit>
	<unit id="u-1.49">The ideal is to combine the advantages of urban living with those of rural life.</unit>
	<unit id="u-1.50">Culture.</unit>
	<unit id="u-1.51">Helsinki's development into Finland's cultural centre began in 1820s, when the State University founded in Turku in 1640 was moved to the new capital.</unit>
	<unit id="u-1.52">Besides the University, Helsinki now has several other colleges and institutes.</unit>
	<unit id="u-1.53">Many of the country's most important museums are located here.</unit>
	<unit id="u-1.54">The capital has two permanent symphony orchestras, the Helsinki Philharmonic and the Finnish Radio Symphony Orchestra, plus the National Opera with its orchestra and ballet.</unit>
	<unit id="u-1.55">The theatres of Helsinki give performances in Finnish and Swedish.</unit>
	<unit id="u-1.56">Come to Helsinki and Relax.</unit>
	<unit id="u-1.57">Helsinki is a city of sea and light blue northern sky.</unit>
	<unit id="u-1.58">The colourful Market Square is characterized by the glittering sea, and abundance of flowers and fruit, white gulls and busy saleswomen.</unit>
	<unit id="u-1.59">A short voyage away, facing the open sea, are the sea fortress Suomenlinna and the Pihlajasaari recreation park, whose sandy beaches and smooth rocks are popular with Helsinki-ites in summer.</unit>
	<unit id="u-1.60">A ride on a ferry will take you to Korkeasaari, Helsinki's zoo.</unit>
	<unit id="u-1.61">Seurasaari Island is a national park and unique open-air museum.</unit>
	<unit id="u-1.62">The Linnanmäki amusement park and various restaurants provide evening program for the tourist.</unit>
	<unit id="u-1.63">Several rooftop restaurants offer views of the sea or the city.</unit>
	<unit id="u-1.64">The menus may include such Finnish delicacies as reindeer, burbot roe, pies, bear meat, special casseroles, and crayfish at the end of summer.</unit>
	<unit id="u-1.65">But the best way to relax is sauna.</unit>
	<unit id="u-1.66">Many Helsinki hotels have excellent saunas.</unit>
	<unit id="u-1.67">There are good connections to Helsinki from everywhere and it has become an important travel link between west and east.</unit>
	<unit id="u-1.68">Welcome to Helsinki.</unit>
	<unit id="u-1.69">Helsinki City Tourist Office</unit>
	<unit id="u-1.70" alt="Photo: Senate Square"/>
	<unit id="u-1.71">Senate Square and Government Palace</unit>
	<unit id="u-1.72" alt="Photo: South Harbour"/>
	<unit id="u-1.73">Cathedral seen from the South Harbour</unit>
	<unit id="u-2.01" alt="Map: Helsinki"/>
	<unit id="u-2.02" alt="Illustration: Symbol"/>
	<unit id="u-2.03">Helsinki is not far away ...</unit>
	<unit id="u-2.04" alt="Map: Scandinavia"/>
	<unit id="u-2.05">HELSINKI</unit>
	<unit id="u-2.06">New York</unit>
	<unit id="u-2.07">London</unit>
	<unit id="u-2.08">Paris</unit>
	<unit id="u-2.09">Frankfurt</unit>
	<unit id="u-2.10">Amsterdam</unit>
	<unit id="u-2.11">Hamburg</unit>
	<unit id="u-2.12">Lübeck</unit>
	<unit id="u-2.13">Copenhagen</unit>
	<unit id="u-2.14">Oslo</unit>
	<unit id="u-2.15">Stockholm</unit>
	<unit id="u-2.16">Leningrad</unit>
	<unit id="u-2.17">Moscow</unit>
	<unit id="u-2.18">Tallinn</unit>
	<unit id="u-2.19">Turku</unit>
	<unit id="u-2.20">Tampere</unit>
	<unit id="u-2.21">Rovaniemi</unit>
	<unit id="u-2.22">AIR</unit>
	<unit id="u-2.23">12 hrs. 20 m.</unit>
	<unit id="u-2.24">3 hrs.</unit>
	<unit id="u-2.25">3 hrs. 10 m.</unit>
	<unit id="u-2.26">2 hrs. 20 m.</unit>
	<unit id="u-2.27">2 hrs. 10 m.</unit>
	<unit id="u-2.28">1 hr. 50 m.</unit>
	<unit id="u-2.29">-</unit>
	<unit id="u-2.30">1 hr. 30 m.</unit>
	<unit id="u-2.31">1 hr. 25 m.</unit>
	<unit id="u-2.32">50 m.</unit>
	<unit id="u-2.33">50 m.</unit>
	<unit id="u-2.34">1 hr. 40 m.</unit>
	<unit id="u-2.35">-</unit>
	<unit id="u-2.36">25 m.</unit>
	<unit id="u-2.37">40 m.</unit>
	<unit id="u-2.38">1 hr. 40 m.</unit>
	<unit id="u-2.39">BOAT</unit>
	<unit id="u-2.40">-</unit>
	<unit id="u-2.41">77 hrs.</unit>
	<unit id="u-2.42">-</unit>
	<unit id="u-2.43">-</unit>
	<unit id="u-2.44">-</unit>
	<unit id="u-2.45">-</unit>
	<unit id="u-2.46">35-38 hrs.</unit>
	<unit id="u-2.47">26-34 hrs.</unit>
	<unit id="u-2.48">-</unit>
	<unit id="u-2.49">14 hrs.</unit>
	<unit id="u-2.50">14 hrs.</unit>
	<unit id="u-2.51">-</unit>
	<unit id="u-2.52">4 hrs.</unit>
	<unit id="u-2.53">-</unit>
	<unit id="u-2.54">-</unit>
	<unit id="u-2.55">-</unit>
	<unit id="u-2.56">TRAIN</unit>
	<unit id="u-2.57">-</unit>
	<unit id="u-2.58">-</unit>
	<unit id="u-2.59">-</unit>
	<unit id="u-2.60">-</unit>
	<unit id="u-2.61">-</unit>
	<unit id="u-2.62">-</unit>
	<unit id="u-2.63">-</unit>
	<unit id="u-2.64">-</unit>
	<unit id="u-2.65">-</unit>
	<unit id="u-2.66">-</unit>
	<unit id="u-2.67">8 hrs. 35 m.</unit>
	<unit id="u-2.68">16 hrs. 25 m.</unit>
	<unit id="u-2.69">-</unit>
	<unit id="u-2.70">2 hrs. 50 m.</unit>
	<unit id="u-2.71">2 hrs.</unit>
	<unit id="u-2.72">11 hrs.</unit>
	<unit id="u-2.73">KM</unit>
	<unit id="u-2.74">-</unit>
	<unit id="u-2.75">-</unit>
	<unit id="u-2.76">-</unit>
	<unit id="u-2.77">-</unit>
	<unit id="u-2.78">-</unit>
	<unit id="u-2.79">-</unit>
	<unit id="u-2.80">-</unit>
	<unit id="u-2.81">-</unit>
	<unit id="u-2.82">-</unit>
	<unit id="u-2.83">-</unit>
	<unit id="u-2.84">443</unit>
	<unit id="u-2.85">1 120</unit>
	<unit id="u-2.86">-</unit>
	<unit id="u-2.87">200</unit>
	<unit id="u-2.88">187</unit>
	<unit id="u-2.89">900</unit>
	<unit id="u-2.90">Key to the map</unit>
	<unit id="u-2.91">Tourist information</unit>
	<unit id="u-2.92">1. City Tourist Office<unit id="u-2.92.1">F 3</unit>
	</unit>
	<unit id="u-2.93">2. Finnish Travel Association<unit id="u-2.93.1">E 3</unit>
	</unit>
	<unit id="u-2.94">3. Hotel Booking, Railway Station<unit id="u-2.94.1">F 4</unit>
	</unit>
	<unit id="u-2.95">Transport</unit>
	<unit id="u-2.96">3. Railway Station<unit id="u-2.96.1">F 4</unit>
	</unit>
	<unit id="u-2.97">4. Bus Station<unit id="u-2.97.1">E 4</unit>
	</unit>
	<unit id="u-2.98">5. Air Terminal<unit id="u-2.98.1">E 5</unit>
	</unit>
	<unit id="u-2.99">6. South Harbour<unit id="u-2.99.1">G 3</unit>
	</unit>
	<unit id="u-2.100">7. Katajanokka Quay<unit id="u-2.100.1">H 3</unit>
	</unit>
	<unit id="u-2.101">8. Sompasaari Harbour<unit id="u-2.101.1">H 5</unit>
	</unit>
	<unit id="u-2.102">Places of Interest</unit>
	<unit id="u-2.103">9. Senate Square<unit id="u-2.103.1"> F 4</unit>
	</unit>
	<unit id="u-2.104">10. Government Palace<unit id="u-2.104.1">F 4</unit>
	</unit>
	<unit id="u-2.105">11. University<unit id="u-2.105.1">F 4</unit>
	</unit>
	<unit id="u-2.106">12. University Library<unit id="u-2.106.1">F 4</unit>
	</unit>
	<unit id="u-2.107">13. Bank of Finland<unit id="u-2.107.1">F 4</unit>
	</unit>
	<unit id="u-2.108">14. Scientific Societies' House (House of Estates)<unit id="u-2.108.1">F 4</unit>
	</unit>
	<unit id="u-2.109">15. House of Nobility<unit id="u-2.109.1">F 4</unit>
	</unit>
	<unit id="u-2.110">16. Market Square (ferry connection to Suomenlinna)<unit id="u-2.110.1">F 3</unit>
	</unit>
	<unit id="u-2.111">17. City Hall<unit id="u-2.111.1">F 4</unit>
	</unit>
	<unit id="u-2.112">18. Presidential Palace<unit id="u-2.112.1">F 4</unit>
	</unit>
	<unit id="u-2.113">19. Parliament House<unit id="u-2.113.1">E 4</unit>
	</unit>
	<unit id="u-2.114">20. Suomenlinna Fortress<unit id="u-2.114.1">H 1</unit>
	</unit>
	<unit id="u-2.115">21. Korkeasaari Zoo (ferry connection)<unit id="u-2.115.1">H 4</unit>
	</unit>
	<unit id="u-2.116">22. Seurasaari Open-air Museum (bus No. 24)<unit id="u-2.116.1">B 6</unit>
	</unit>
	<unit id="u-2.117">23. Finnish National Theatre<unit id="u-2.117.1">F 4</unit>
	</unit>
	<unit id="u-2.118">24. Swedish Theatre<unit id="u-2.118.1">F 3</unit>
	</unit>
	<unit id="u-2.119">25. Finnish National Opera<unit id="u-2.119.1">E 3</unit>
	</unit>
	<unit id="u-2.120">26. Students' House<unit id="u-2.120.1">E 4</unit>
	</unit>
	<unit id="u-2.121">27. Sibelius Academy (Conservatoire)<unit id="u-2.121.1">E 4</unit>
	</unit>
	<unit id="u-2.122">28. House of Culture<unit id="u-2.122.1">F 6</unit>
	</unit>
	<unit id="u-2.123">29. Main Post Office<unit id="u-2.123.1">E 4</unit>
	</unit>
	<unit id="u-2.124">30. City Administration Building<unit id="u-2.124.1">F 5</unit>
	</unit>
	<unit id="u-2.125">31. City Theatre<unit id="u-2.125.1">F 6</unit>
	</unit>
	<unit id="u-2.126">32. Exhibition Halls<unit id="u-2.126.1">E 6</unit>
	</unit>
	<unit id="u-2.127">33. National Museum<unit id="u-2.127.1">E 4</unit>
	</unit>
	<unit id="u-2.128">34. City Museum<unit id="u-2.128.1">E 4</unit>
	</unit>
	<unit id="u-2.129">35. Finlandia Hall<unit id="u-2.129.1">E 5</unit>
	</unit>
	<unit id="u-2.130">36. Art Museum of the Ateneum<unit id="u-2.130.1">F 4</unit>
	</unit>
	<unit id="u-2.131">37. Mannerheim Museum<unit id="u-2.131.1">G 2</unit>
	</unit>
	<unit id="u-2.132">38. University Botanical Gardens<unit id="u-2.132.1">F 4</unit>
	</unit>
	<unit id="u-2.133">39. City Conservatories<unit id="u-2.133.1">E 6</unit>
	</unit>
	<unit id="u-2.134">40. Linnanmäki Amusement Park, Peacock Variety Show<unit id="u-2.134.1">E 6</unit>
	</unit>
	<unit id="u-2.135">41. Helsinki School of Economics<unit id="u-2.135.1">D 4</unit>
	</unit>
	<unit id="u-2.136">42. Swedish School of Economics<unit id="u-2.136.1">D 4</unit>
	</unit>
	<unit id="u-2.137">43. Sibelius Monument<unit id="u-2.137.1">D 5</unit>
	</unit>
	<unit id="u-2.138">44. Children's Castle (hospital)<unit id="u-2.138.1">C 6</unit>
	</unit>
	<unit id="u-2.139">45. University Central Hospital area, Meilahti<unit id="u-2.139.1">C 6</unit>
	</unit>
	<unit id="u-2.140">Churches</unit>
	<unit id="u-2.141">46. Cathedral<unit id="u-2.141.1">F 4</unit>
	</unit>
	<unit id="u-2.142">47. Uspensky Cathedral<unit id="u-2.142.1">G 4</unit>
	</unit>
	<unit id="u-2.143">48. Church of the Holy Trinity<unit id="u-2.143.1">F 4</unit>
	</unit>
	<unit id="u-2.144">49. Taivallahti Church<unit id="u-2.144.1">D 4</unit>
	</unit>
	<unit id="u-2.145">50. Agricola Church<unit id="u-2.145.1">E 2</unit>
	</unit>
	<unit id="u-2.146">51. Johannes Church<unit id="u-2.146.1">F 3</unit>
	</unit>
	<unit id="u-2.147">52. Old Church<unit id="u-2.147.1">E 3</unit>
	</unit>
	<unit id="u-2.148">53. Hietaniemi Chapel, war cemetery<unit id="u-2.148.1">C 4</unit>
	</unit>
	<unit id="u-2.149">Sports Centres and Beaches</unit>
	<unit id="u-2.150">54. Olympic Stadium<unit id="u-2.150.1">E 6</unit>
	</unit>
	<unit id="u-2.151">55. Swimming Stadium<unit id="u-2.151.1">E 6</unit>
	</unit>
	<unit id="u-2.152">56. Ice Rink<unit id="u-2.152.1">D 6</unit>
	</unit>
	<unit id="u-2.153">57. Rowing Stadium<unit id="u-2.153.1">D 5</unit>
	</unit>
	<unit id="u-2.154">58. Laakso Riding Stadium, Children's Traffic Park<unit id="u-2.154.1">D 7</unit>
	</unit>
	<unit id="u-2.155">59. Departure point for Pihlajasaari Island (motor boat)<unit id="u-2.155.1">F 2</unit>
	</unit>
	<unit id="u-2.156">60. Hietaranta Beach<unit id="u-2.156.1">C 4</unit>
	</unit>
	<unit id="u-2.157" alt="Map: Greater Helsinki"/>
</gemBase>
