<?xml version="1.0" encoding="UTF-8"?>

<gemRst>
	<segmentation>
		<segment id="s-1.01" xref="u-1.01" alt="Photo: City Theatre"/>
		<segment id="s-1.02" xref="u-1.02">City Theatre in winter</segment>
		<segment id="s-1.03" xref="u-1.03" alt="Photo: Fishing vessels"/>
		<segment id="s-1.04" xref="u-1.04">Fishing-vessels at the Market Square</segment>
		<segment id="s-1.05" xref="u-1.05" alt="Photo: Harbour overview"/>
		<segment id="s-1.06" xref="u-1.06" alt="Photo: Kaivopuisto"/>
		<segment id="s-1.07" xref="u-1.07">Kaivopuisto Park</segment>
		<segment id="s-1.08" xref="u-1.08" alt="Photo: Pihlajasaari"/>
		<segment id="s-1.09" xref="u-1.09">Pihlajasaari Island</segment>
		<segment id="s-1.10" xref="u-1.10" alt="Photo: Railway station"/>
		<segment id="s-1.11" xref="u-1.11">Railway Station and Kaivokatu Street</segment>
		<segment id="s-1.12" xref="u-1.12" alt="Photo: Suomenlinna Fortress"/>
		<segment id="s-1.13" xref="u-1.13">Suomenlinna Fortress</segment>
		<segment id="s-1.14" xref="u-1.14" alt="Photo: Market Square"/>
		<segment id="s-1.15" xref="u-1.15">Market Square and City Hall</segment>
		<mini-segment id="s-1.16" xref="u-1.16" alt="Coat of Arms"/>
		<segment id="s-1.17" xref="u-1.17">Helsinki City Tourist Office</segment>
		<segment id="s-1.18" xref="u-1.18">Pohjoisesplanadi 19, 00100 Helsinki 10</segment>
		<segment id="s-1.19" xref="u-1.19">phone 1623 217 and 174 088</segment>
		<segment id="s-1.20" xref="u-1.20">telegrams: citytourist</segment>
		<mini-segment id="s-1.21" xref="u-1.21" alt="Symbol"/>
		<segment id="s-1.22" xref="u-1.23">Helsinki</segment>
		<segment id="s-1.23" xref="u-1.24">Daughter of the Baltic</segment>
		<segment id="s-1.24" xref="u-1.25">Finland</segment>
		<segment id="s-1.25" xref="u-1.26" alt="Cover"/>
		<segment id="s-1.26" xref="u-1.27">Helsinki is a modern city.</segment>
		<segment id="s-1.27" xref="u-1.28">Here the tourist does not come face to face with the past as he does in many old European capitals.</segment>
		<segment id="s-1.28" xref="u-1.29">Yet there are areas in Helsinki which give a genuine and comprehensive picture of the atmosphere and architecture of the past.</segment>
		<segment id="s-1.29" xref="u-1.30">History.</segment>
		<segment id="s-1.30" xref="u-1.31">Great fires destroyed the old wooden Helsinki many times, but it was always rebuilt.</segment>
		<segment id="s-1.31" xref="u-1.32">The only remains of the trade and seafaring town that Swedish King Gustav Vasa founded in 1550 at the mouth of River Vantaa are the foundations of a church.</segment>
		<segment id="s-1.32" xref="u-1.33">The massive walls of the Suomenlinna fortress date from the 18th century.</segment>
		<segment id="s-1.33" xref="u-1.34">Helsinki became Finland's capital in 1812.</segment>
		<segment id="s-1.34" xref="u-1.35">Many of the city's historically interesting sights date from the beginning of the 19th century, when the administrative centre was built around the Senate Square.</segment>
		<segment id="s-1.35" xref="u-1.36">Helsinki had a population of 4000 in 1812.</segment>
		<segment id="s-1.36" xref="u-1.37">At the turn of the century the figure was 79 000 and it is just over half a million at present.</segment>
		<segment id="s-1.37" xref="u-1.38">Architecture.</segment>
		<segment id="s-1.38" xref="u-1.39">The Empire style buildings around the Senate Square - the Cathedral, University and Government Palace, for example - are still the finest architectural achievements in Helsinki.</segment>
		<segment id="s-1.39" xref="u-1.40">It has been said of the Helsinki of the Empire period that it was the last European city designed as an entity and created as a work of art.</segment>
		<segment id="s-1.40" xref="u-1.41">The historic Senate Square will always hold the place of honour in the capital.</segment>
		<segment id="s-1.41" xref="u-1.42">New business centres and civic buildings are being planned and built all the time, and the centre of the city is expanding.</segment>
		<segment id="s-1.42" xref="u-1.43">For example, a new business centre has developed around Hakaniemi Square.</segment>
		<segment id="s-1.43" xref="u-1.44">The City Theatre and the City Administration Building for social affairs are on the shore of Eläintarha Bay.</segment>
		<segment id="s-1.44" xref="u-1.45">The concert and congress hall Finlandia is in Hesperia Park on the shore of Töölö Bay.</segment>
		<segment id="s-1.45" xref="u-1.46">Traffic problems, restoration of the old and construction of the new while preserving the city's image are current topics in Helsinki at the moment.</segment>
		<segment id="s-1.46" xref="u-1.47">In planning new areas and developing old ones the aim is to make the city a balanced whole with several regional centres.</segment>
		<segment id="s-1.47" xref="u-1.48">These centres have their own schools, sport fields, libraries and shopping centres - many also have swimming baths.</segment>
		<segment id="s-1.48" xref="u-1.49">The ideal is to combine the advantages of urban living with those of rural life.</segment>
		<segment id="s-1.49" xref="u-1.50">Culture.</segment>
		<segment id="s-1.50" xref="u-1.51">Helsinki's development into Finland's cultural centre began in 1820s, when the State University founded in Turku in 1640 was moved to the new capital.</segment>
		<segment id="s-1.51" xref="u-1.52">Besides the University, Helsinki now has several other colleges and institutes.</segment>
		<segment id="s-1.52" xref="u-1.53">Many of the country's most important museums are located here.</segment>
		<segment id="s-1.53" xref="u-1.54">The capital has two permanent symphony orchestras, the Helsinki Philharmonic and the Finnish Radio Symphony Orchestra, plus the National Opera with its orchestra and ballet.</segment>
		<segment id="s-1.54" xref="u-1.55">The theatres of Helsinki give performances in Finnish and Swedish.</segment>
		<segment id="s-1.55" xref="u-1.56">Come to Helsinki and Relax.</segment>
		<segment id="s-1.56" xref="u-1.57">Helsinki is a city of sea and light blue northern sky.</segment>
		<segment id="s-1.57" xref="u-1.58">The colourful Market Square is characterized by the glittering sea, and abundance of flowers and fruit, white gulls and busy saleswomen.</segment>
		<segment id="s-1.58" xref="u-1.59">A short voyage away, facing the open sea, are the sea fortress Suomenlinna and the Pihlajasaari recreation park, whose sandy beaches and smooth rocks are popular with Helsinki-ites in summer.</segment>
		<segment id="s-1.59" xref="u-1.60">A ride on a ferry will take you to Korkeasaari, Helsinki's zoo.</segment>
		<segment id="s-1.60" xref="u-1.61">Seurasaari Island is a national park and unique open-air museum.</segment>
		<segment id="s-1.61" xref="u-1.62">The Linnanmäki amusement park and various restaurants provide evening program for the tourist.</segment>
		<segment id="s-1.62" xref="u-1.63">Several rooftop restaurants offer views of the sea or the city.</segment>
		<segment id="s-1.63" xref="u-1.64">The menus may include such Finnish delicacies as reindeer, burbot roe, pies, bear meat, special casseroles, and crayfish at the end of summer.</segment>
		<segment id="s-1.64" xref="u-1.65">But the best way to relax is sauna.</segment>
		<segment id="s-1.65" xref="u-1.66">Many Helsinki hotels have excellent saunas.</segment>
		<segment id="s-1.66" xref="u-1.67">There are good connections to Helsinki from everywhere and it has become an important travel link between west and east.</segment>
		<segment id="s-1.67" xref="u-1.68">Welcome to Helsinki.</segment>
		<segment id="s-1.68" xref="u-1.69">Helsinki City Tourist Office</segment>
		<segment id="s-1.69" xref="u-1.70" alt="Photo: Senate Square"/>
		<segment id="s-1.70" xref="u-1.71">Senate Square and Government Palace</segment>
		<segment id="s-1.71" xref="u-1.72" alt="Photo: South Harbour"/>
		<segment id="s-1.72" xref="u-1.73">Cathedral seen from the South Harbour</segment>
		<segment id="s-2.01" xref="u-2.01" alt="Topographic map"/>
		<mini-segment id="s-2.02" xref="u-2.02" alt="Emblem"/>
		<segment id="s-2.03" xref="u-2.03">Helsinki is not far away ...</segment>
		<segment id="s-2.04" xref="u-2.04" alt="Map of Scandinavia"/>
		<mini-segment id="s-2.05" xref="u-2.05">HELSINKI</mini-segment>
		<mini-segment id="s-2.06" xref="u-2.06">New York</mini-segment>
		<mini-segment id="s-2.07" xref="u-2.07">London</mini-segment>
		<mini-segment id="s-2.08" xref="u-2.08">Paris</mini-segment>
		<mini-segment id="s-2.09" xref="u-2.09">Frankfurt</mini-segment>
		<mini-segment id="s-2.10" xref="u-2.10">Amsterdam</mini-segment>
		<mini-segment id="s-2.11" xref="u-2.11">Hamburg</mini-segment>
		<mini-segment id="s-2.12" xref="u-2.12">Lübeck</mini-segment>
		<mini-segment id="s-2.13" xref="u-2.13">Copenhagen</mini-segment>
		<mini-segment id="s-2.14" xref="u-2.14">Oslo</mini-segment>
		<mini-segment id="s-2.15" xref="u-2.15">Stockholm</mini-segment>
		<mini-segment id="s-2.16" xref="u-2.16">Leningrad</mini-segment>
		<mini-segment id="s-2.17" xref="u-2.17">Moscow</mini-segment>
		<mini-segment id="s-2.18" xref="u-2.18">Tallinn</mini-segment>
		<mini-segment id="s-2.19" xref="u-2.19">Turku</mini-segment>
		<mini-segment id="s-2.20" xref="u-2.20">Tampere</mini-segment>
		<mini-segment id="s-2.21" xref="u-2.21">Rovaniemi</mini-segment>
		<mini-segment id="s-2.22" xref="u-2.22">AIR</mini-segment>
		<mini-segment id="s-2.23" xref="u-2.23">12 hrs. 20 m.</mini-segment>
		<mini-segment id="s-2.24" xref="u-2.24">3 hrs.</mini-segment>
		<mini-segment id="s-2.25" xref="u-2.25">3 hrs. 10 m.</mini-segment>
		<mini-segment id="s-2.26" xref="u-2.26">2 hrs. 20 m.</mini-segment>
		<mini-segment id="s-2.27" xref="u-2.27">2 hrs. 10 m.</mini-segment>
		<mini-segment id="s-2.28" xref="u-2.28">1 hr. 50 m.</mini-segment>
		<mini-segment id="s-2.29" xref="u-2.30">1 hr. 30 m.</mini-segment>
		<mini-segment id="s-2.30" xref="u-2.31">1 hr. 25 m.</mini-segment>
		<mini-segment id="s-2.31" xref="u-2.32">50 m.</mini-segment>
		<mini-segment id="s-2.32" xref="u-2.33">50 m.</mini-segment>
		<mini-segment id="s-2.33" xref="u-2.34">1 hr. 40 m.</mini-segment>
		<mini-segment id="s-2.34" xref="u-2.36">25 m.</mini-segment>
		<mini-segment id="s-2.35" xref="u-2.37">40 m.</mini-segment>
		<mini-segment id="s-2.36" xref="u-2.38">1 hr. 40 m.</mini-segment>
		<mini-segment id="s-2.37" xref="u-2.39">BOAT</mini-segment>
		<mini-segment id="s-2.38" xref="u-2.41">77 hrs.</mini-segment>
		<mini-segment id="s-2.39" xref="u-2.46">35-38 hrs.</mini-segment>
		<mini-segment id="s-2.40" xref="u-2.47">26-34 hrs.</mini-segment>
		<mini-segment id="s-2.41" xref="u-2.49">14 hrs.</mini-segment>
		<mini-segment id="s-2.42" xref="u-2.50">14 hrs.</mini-segment>
		<mini-segment id="s-2.43" xref="u-2.52">4 hrs.</mini-segment>
		<mini-segment id="s-2.44" xref="u-2.56">TRAIN</mini-segment>
		<mini-segment id="s-2.45" xref="u-2.67">8 hrs. 35 m.</mini-segment>
		<mini-segment id="s-2.46" xref="u-2.68">16 hrs. 25 m.</mini-segment>
		<mini-segment id="s-2.47" xref="u-2.70">2 hrs. 50 m.</mini-segment>
		<mini-segment id="s-2.48" xref="u-2.71">2 hrs.</mini-segment>
		<mini-segment id="s-2.49" xref="u-2.72">11 hrs.</mini-segment>
		<mini-segment id="s-2.50" xref="u-2.73">KM</mini-segment>
		<mini-segment id="s-2.51" xref="u-2.84">443</mini-segment>
		<mini-segment id="s-2.52" xref="u-2.85">1 120</mini-segment>
		<mini-segment id="s-2.53" xref="u-2.87">200</mini-segment>
		<mini-segment id="s-2.54" xref="u-2.88">187</mini-segment>
		<mini-segment id="s-2.55" xref="u-2.89">900</mini-segment>
		<segment id="s-2.56" xref="u-2.90">Key to the map</segment>
		<mini-segment id="s-2.57" xref="u-2.91">Tourist information</mini-segment>
		<mini-segment id="s-2.58" xref="u-2.92">1. City Tourist Office F 3</mini-segment>
		<mini-segment id="s-2.59" xref="u-2.93">2. Finnish Travel Association E 3</mini-segment>
		<mini-segment id="s-2.60" xref="u-2.94">3. Hotel Booking, Railway Station F 4</mini-segment>
		<mini-segment id="s-2.61" xref="u-2.95">Transport</mini-segment>
		<mini-segment id="s-2.62" xref="u-2.96">3. Railway Station F 4</mini-segment>
		<mini-segment id="s-2.63" xref="u-2.97">4. Bus Station E 4</mini-segment>
		<mini-segment id="s-2.64" xref="u-2.98">5. Air Terminal E 5</mini-segment>
		<mini-segment id="s-2.65" xref="u-2.99">6. South Harbour G 3</mini-segment>
		<mini-segment id="s-2.66" xref="u-2.100">7. Katajanokka Quay H 3</mini-segment>
		<mini-segment id="s-2.67" xref="u-2.101">8. Sompasaari Harbour H 5</mini-segment>
		<mini-segment id="s-2.68" xref="u-2.102">Places of Interest</mini-segment>
		<mini-segment id="s-2.69" xref="u-2.103">9. Senate Square  F 4</mini-segment>
		<mini-segment id="s-2.70" xref="u-2.104">10. Government Palace F 4</mini-segment>
		<mini-segment id="s-2.71" xref="u-2.105">11. University F 4</mini-segment>
		<mini-segment id="s-2.72" xref="u-2.106">12. University Library F 4</mini-segment>
		<mini-segment id="s-2.73" xref="u-2.107">13. Bank of Finland F 4</mini-segment>
		<mini-segment id="s-2.74" xref="u-2.108">14. Scientific Societies' House (House of Estates) F 4</mini-segment>
		<mini-segment id="s-2.75" xref="u-2.109">15. House of Nobility F 4</mini-segment>
		<mini-segment id="s-2.76" xref="u-2.110">16. Market Square (ferry connection to Suomenlinna) F 3</mini-segment>
		<mini-segment id="s-2.77" xref="u-2.111">17. City Hall F 4</mini-segment>
		<mini-segment id="s-2.78" xref="u-2.112">18. Presidential Palace F 4</mini-segment>
		<mini-segment id="s-2.79" xref="u-2.113">19. Parliament House E 4</mini-segment>
		<mini-segment id="s-2.80" xref="u-2.114">20. Suomenlinna Fortress H 1</mini-segment>
		<mini-segment id="s-2.81" xref="u-2.115">21. Korkeasaari Zoo (ferry connection) H 4</mini-segment>
		<mini-segment id="s-2.82" xref="u-2.116">22. Seurasaari Open-air Museum (bus No. 24) B 6</mini-segment>
		<mini-segment id="s-2.83" xref="u-2.117">23. Finnish National Theatre F 4</mini-segment>
		<mini-segment id="s-2.84" xref="u-2.118">24. Swedish Theatre F 3</mini-segment>
		<mini-segment id="s-2.85" xref="u-2.119">25. Finnish National Opera E 3</mini-segment>
		<mini-segment id="s-2.86" xref="u-2.120">26. Students' House E 4</mini-segment>
		<mini-segment id="s-2.87" xref="u-2.121">27. Sibelius Academy (Conservatoire) E 4</mini-segment>
		<mini-segment id="s-2.88" xref="u-2.122">28. House of Culture F 6</mini-segment>
		<mini-segment id="s-2.89" xref="u-2.123">29. Main Post Office E 4</mini-segment>
		<mini-segment id="s-2.90" xref="u-2.124">30. City Administration Building F 5</mini-segment>
		<mini-segment id="s-2.91" xref="u-2.125">31. City Theatre F 6</mini-segment>
		<mini-segment id="s-2.92" xref="u-2.126">32. Exhibition Halls E 6</mini-segment>
		<mini-segment id="s-2.93" xref="u-2.127">33. National Museum E 4</mini-segment>
		<mini-segment id="s-2.94" xref="u-2.128">34. City Museum E 4</mini-segment>
		<mini-segment id="s-2.95" xref="u-2.129">35. Finlandia Hall E 5</mini-segment>
		<mini-segment id="s-2.96" xref="u-2.130">36. Art Museum of the Ateneum F 4</mini-segment>
		<mini-segment id="s-2.97" xref="u-2.131">37. Mannerheim Museum G 2</mini-segment>
		<mini-segment id="s-2.98" xref="u-2.132">38. University Botanical Gardens F 4</mini-segment>
		<mini-segment id="s-2.99" xref="u-2.133">39. City Conservatories E 6</mini-segment>
		<mini-segment id="s-2.100" xref="u-2.134">40. Linnanmäki Amusement Park, Peacock Variety Show E 6</mini-segment>
		<mini-segment id="s-2.101" xref="u-2.135">41. Helsinki School of Economics D 4</mini-segment>
		<mini-segment id="s-2.102" xref="u-2.136">42. Swedish School of Economics D 4</mini-segment>
		<mini-segment id="s-2.103" xref="u-2.137">43. Sibelius Monument D 5</mini-segment>
		<mini-segment id="s-2.104" xref="u-2.138">44. Children's Castle (hospital) C 6</mini-segment>
		<mini-segment id="s-2.105" xref="u-2.139">45. University Central Hospital area, Meilahti C 6</mini-segment>
		<mini-segment id="s-2.106" xref="u-2.140">Churches</mini-segment>
		<mini-segment id="s-2.107" xref="u-2.141">46. Cathedral F 4</mini-segment>
		<mini-segment id="s-2.108" xref="u-2.142">47. Uspensky Cathedral G 4</mini-segment>
		<mini-segment id="s-2.109" xref="u-2.143">48. Church of the Holy Trinity F 4</mini-segment>
		<mini-segment id="s-2.110" xref="u-2.144">49. Taivallahti Church D 4</mini-segment>
		<mini-segment id="s-2.111" xref="u-2.145">50. Agricola Church E 2</mini-segment>
		<mini-segment id="s-2.112" xref="u-2.146">51. Johannes Church F 3</mini-segment>
		<mini-segment id="s-2.113" xref="u-2.147">52. Old Church E 3</mini-segment>
		<mini-segment id="s-2.114" xref="u-2.148">53. Hietaniemi Chapel, war cemetery C 4</mini-segment>
		<mini-segment id="s-2.115" xref="u-2.149">Sports Centres and Beaches</mini-segment>
		<mini-segment id="s-2.116" xref="u-2.150">54. Olympic Stadium E 6</mini-segment>
		<mini-segment id="s-2.117" xref="u-2.151">55. Swimming Stadium E 6</mini-segment>
		<mini-segment id="s-2.118" xref="u-2.152">56. Ice Rink D 6</mini-segment>
		<mini-segment id="s-2.119" xref="u-2.153">57. Rowing Stadium D 5</mini-segment>
		<mini-segment id="s-2.120" xref="u-2.154">58. Laakso Riding Stadium, Children's Traffic Park D 7</mini-segment>
		<mini-segment id="s-2.121" xref="u-2.155">59. Departure point for Pihlajasaari Island (motor boat) F 2</mini-segment>
		<mini-segment id="s-2.122" xref="u-2.156">60. Hietaranta Beach C 4</mini-segment>
		<segment id="s-2.123" xref="u-2.157" alt="Greater Helsinki map"/>
	</segmentation>
	<rst-structure>
		<multi-span id="span-1.02" nuclei="s-1.01 s-1.02" relation="restatement"/>
		<multi-span id="span-1.03" nuclei="s-1.03 s-1.04" relation="restatement"/>
		<multi-span id="span-1.04" nuclei="s-1.06 s-1.07" relation="restatement"/>
		<multi-span id="span-1.05" nuclei="s-1.08 s-1.09" relation="restatement"/>
		<multi-span id="span-1.06" nuclei="s-1.10 s-1.11" relation="restatement"/>
		<multi-span id="span-1.07" nuclei="s-1.12 s-1.13" relation="restatement"/>
		<multi-span id="span-1.08" nuclei="s-1.14 s-1.15" relation="restatement"/>
		<multi-span id="span-1.09" nuclei="s-1.69 s-1.70" relation="restatement"/>
		<multi-span id="span-1.10" nuclei="s-1.71 s-1.72" relation="restatement"/>

		<mini-span id="span-1.11" attribuend="s-1.17" attribute="s-1.16" relation="identification"/>
		<span id="span-1.12" nucleus="s-1.17" satellites="s-1.18 s-1.19 s-1.20" relation="enablement"/>
		
		<multi-span id="span-1.14" nuclei="s-1.22 s-1.23 s-1.24" relation="joint"/>
		<multi-span id="span-1.15" nuclei="span-1.14 s-1.21 s-1.25" relation="restatement"/>
		
		<span id="span-1.16" nucleus="span-1.14" satellites="s-1.05 span-1.02 span-1.03 span-1.04 span-1.05 span-1.06 span-1.07 span-1.08 span-1.09 span-1.10" relation="elaboration"/>
		<span id="span-1.17" nucleus="span-1.14" satellites="span-1.12" relation="enablement"/>
		
		<span id="span-1.18" nucleus="s-1.26" satellites="span-1.19" relation="antithesis"/>	
		<span id="span-1.19" nucleus="s-1.27" satellites="s-1.28" relation="concession"/>
		
		<span id="span-1.20" nucleus="span-1.14" satellites="span-1.21" relation="elaboration"/>
		
		<span id="span-1.21" nucleus="span-1.22 span-1.26 span-1.34 span-1.38" satellites="span-1.18" relation="preparation"/>
		
		<span id="span-1.22" nucleus="s-1.29" satellites="span-1.23" relation="elaboration"/>
		<span id="span-1.23" nucleus="span-1.24" satellites="s-1.30" relation="elaboration"/>
		<multi-span id="span-1.24" nuclei="s-1.31 s-1.32 span-1.25 s-1.35 s-1.36" relation="sequence"/>
		<span id="span-1.25" nucleus="s-1.34" satellites="s-1.33" relation="background"/>
		
		<span id="span-1.26" nucleus="s-1.37" satellites="span-1.27 span-1.29" relation="elaboration"/>
		<span id="span-1.27" nucleus="s-1.38" satellites="span-1.28" relation="evaluation"/>
		<span id="span-1.28" nucleus="s-1.39" satellites="s-1.40" relation="evaluation"/>	
		<span id="span-1.29" nucleus="s-1.41" satellites="span-1.30 span-1.31" relation="elaboration"/>
		<multi-span id="span-1.30" nuclei="s-1.42 s-1.43 s-1.44" relation="list"/>
		<span id="span-1.31" nucleus="span-1.32" satellites="s-1.45" relation="background"/>
		<span id="span-1.32" nucleus="s-1.46" satellites="span-1.33" relation="elaboration"/>
		<span id="span-1.33" nucleus="s-1.47" satellites="s-1.48" relation="purpose"/>
		
		<span id="span-1.34" nucleus="s-1.49" satellites="span-1.35" relation="elaboration"/>
		<span id="span-1.35" nucleus="span-1.36" satellites="s-1.50" relation="background"/>
		<span id="span-1.36" nucleus="s-1.51" satellites="s-1.52 span-1.37" relation="elaboration"/>
		<multi-span id="span-1.37" nuclei="s-1.53 s-1.54" relation="joint"/>
		
		<span id="span-1.38" nucleus="s-1.55" satellites="span-1.39 span-1.41 span-1.43 span-1.44" relation="motivation"/>
		<span id="span-1.39" nucleus="s-1.56" satellites="span-1.40" relation="evidence"/>
		<multi-span id="span-1.40" nuclei="s-1.57 s-1.58 s-1.59 s-1.60" relation="list"/>
		<multi-span id="span-1.41" nuclei="s-1.61 span-1.42" relation="joint"/>
		<span id="span-1.42" nucleus="s-1.62" satellites="s-1.63" relation="elaboration"/>
		<span id="span-1.43" nucleus="s-1.64" satellites="s-1.65" relation="evaluation"/>
		<multi-span id="span-1.44" nuclei="s-1.66 s-1.67 s-1.68" relation="joint"/>
		
	</rst-structure>
	<rst-structure>
		
		<mini-span id="span-2.01" attribuend="s-2.03" attribute="s-2.02" relation="identification"/>	
	
		<multi-span id="span-2.02" nuclei="s-2.01 s-2.123" relation="joint"/>
		<span id="span-2.03" nucleus="span-2.02" satellites="s-2.56" relation="elaboration"/>
		
		<span id="span-2.04-m" nucleus="span-2.01" satellites="s-2.04 span-2.05" relation="justification"/>
		<multi-span id="span-2.05-m" nuclei="s-2.05 s-2.06 s-2.07 s-2.08 s-2.09 s-2.10 s-2.11 s-2.12 s-2.13 s-2.14 s-2.15 s-2.16 s-2.17 s-2.18 s-2.19 s-2.20 s-2.21" relation="list"/>

		<mini-span id="span-2.04" attribuend="s-2.05" attribute="s-2.22 s-2.37 s-2.44 s-2.50" relation="identification"/>
		<mini-span id="span-2.05" attribuend="s-2.06" attribute="s-2.23" relation="property-ascription"/>
		<mini-span id="span-2.06" attribuend="s-2.07" attribute="s-2.24 s-2.38" relation="property-ascription"/>
		<mini-span id="span-2.07" attribuend="s-2.08" attribute="s-2.25" relation="property-ascription"/>
		<mini-span id="span-2.08" attribuend="s-2.09" attribute="s-2.26" relation="property-ascription"/>
		<mini-span id="span-2.09" attribuend="s-2.10" attribute="s-2.27" relation="property-ascription"/>
		<mini-span id="span-2.10" attribuend="s-2.11" attribute="s-2.28" relation="property-ascription"/>
		<mini-span id="span-2.11" attribuend="s-2.12" attribute="s-2.39" relation="property-ascription"/>
		<mini-span id="span-2.12" attribuend="s-2.13" attribute="s-2.29 s-2.40" relation="property-ascription"/>
		<mini-span id="span-2.13" attribuend="s-2.14" attribute="s-2.30" relation="property-ascription"/>
		<mini-span id="span-2.14" attribuend="s-2.15" attribute="s-2.31 s-2.41" relation="property-ascription"/>
		<mini-span id="span-2.15" attribuend="s-2.16" attribute="s-2.32 s-2.42 s-2.45 s-2.51" relation="property-ascription"/>
		<mini-span id="span-2.16" attribuend="s-2.17" attribute="s-2.33 s-2.46 s-2.52" relation="property-ascription"/>
		<mini-span id="span-2.17" attribuend="s-2.18" attribute="s-2.43" relation="property-ascription"/>
		<mini-span id="span-2.18" attribuend="s-2.19" attribute="s-2.34 s-2.47 s-2.53" relation="property-ascription"/>
		<mini-span id="span-2.19" attribuend="s-2.20" attribute="s-2.35 s-2.48 s-2.54" relation="property-ascription"/>
		<mini-span id="span-2.20" attribuend="s-2.21" attribute="s-2.36 s-2.49 s-2.55" relation="property-ascription"/>

		<mini-span id="span-2.21" attribuend="span-2.02" attribute="s-2.58 s-2.59 s-2.60" relation="location"><title xref="s-2.57"/></mini-span>
		<mini-span id="span-2.22" attribuend="span-2.02" attribute="s-2.62 s-2.63 s-2.64 s-2.65 s-2.66 s-2.67" relation="location"><title xref="s-2.61"/></mini-span>
		<mini-span id="span-2.23" attribuend="span-2.02" attribute="s-2.69 s-2.70 s-2.71 s-2.72 s-2.73 s-2.74 s-2.75 s-2.76 s-2.77 s-2.78 s-2.79 s-2.80 s-2.81 s-2.82 s-2.83 s-2.84 s-2.85 s-2.86 s-2.87 s-2.88 s-2.89 s-2.90 s-2.91 s-2.92 s-2.93 s-2.94 s-2.95 s-2.96 s-2.97 s-2.98 s-2.99 s-2.100 s-2.101 s-2.102 s-2.103 s-2.104 s-2.105" relation="location"><title xref="s-2.68"/></mini-span>
		<mini-span id="span-2.24" attribuend="span-2.02" attribute="s-2.107 s-2.108 s-2.109 s-2.110 s-2.111 s-2.112 s-2.113 s-2.114" relation="location"><title xref="s-2.106"/></mini-span>
		<mini-span id="span-2.25" attribuend="span-2.02" attribute="s-2.116 s-2.117 s-2.118 s-2.119 s-2.120 s-2.121 s-2.122" relation="location"><title xref="s-2.115"/></mini-span>
	</rst-structure>
</gemRst>
