<?xml version="1.0" encoding="UTF-8"?>

<gemBase>
	<unit id="u-1.01">MARKET SQUARE</unit>
	<unit id="u-1.02">A 1</unit>
	<unit id="u-1.03">Open-air market.</unit>
	<unit id="u-1.04">Fruit, vegatables, flowers, berries, fish and handicrafts for sale.</unit>
	<unit id="u-1.05">Open Monday to Saturday 7 a.m. - 2 p.m.</unit>
	<unit id="u-1.06">The Market Hall is nearby.</unit>
	<unit id="u-1.07">LINNANMÄKI AMUSEMENT PARK</unit>
	<unit id="u-1.08">A 2</unit>
	<unit id="u-1.09">Located on Helsinginkatu.</unit>
	<unit id="u-1.10">Open from May to September.</unit>
	<unit id="u-1.11">Peacock variety show.</unit>
	<unit id="u-1.12">Restaurant and cafes.</unit>
	<unit id="u-1.13">FOUR TOURIST ISLANDS</unit>
	<unit id="u-1.14">KORKEASAARI ZOO</unit>
	<unit id="u-1.15">AB 3</unit>
	<unit id="u-1.16">The Helsinki Zoo.</unit>
	<unit id="u-1.17">Summer restaurant and cafes.</unit>
	<unit id="u-1.18">During the summer, ferry service from the North Harbour at the end of Aleksanterinkatu and motorboat service from the shore of Hakaniemi Square.</unit>
	<unit id="u-1.19">The pedestrian bridge from Mustikkamaa to Korkeasaari is expected to be finished in 1972.</unit>
	<unit id="u-1.20">A maritime museum is being built on Hylkysaari Island adjoining Korkeasaari.</unit>
	<unit id="u-1.21">PIHLAJASAARI ISLAND</unit>
	<unit id="u-1.22">AB 4</unit>
	<unit id="u-1.23">Beach for swimming and sunbathing.</unit>
	<unit id="u-1.24">Cafe.</unit>
	<unit id="u-1.25">Motorboat service during the summer from the quay at the end of Laivurinkatu.</unit>
	<unit id="u-1.26">SEURASAARI ISLAND</unit>
	<unit id="u-1.27">AB 5</unit>
	<unit id="u-1.28">National park and open-air museum.</unit>
	<unit id="u-1.29">In the summer a varied schedule of outdoor events.</unit>
	<unit id="u-1.30">Beach.</unit>
	<unit id="u-1.31">Summer restaurant and cafe.</unit>
	<unit id="u-1.32">Bus No. 24 from Erottaja.</unit>
	<unit id="u-1.33">During the summer also a motor-boat service.</unit>
	<unit id="u-1.34">SUOMENLINNA FORTRESS</unit>	
	<unit id="u-1.35">AB 6</unit>	
	<unit id="u-1.36">Old naval fortress.</unit>	
	<unit id="u-1.37">Armfelt and Ehrensvärd Museums and the Coast Defence Section of the Military Museum.</unit>	
	<unit id="u-1.38">Summer restaurant and cafes.</unit>	
	<unit id="u-1.39">Ferry service from the Market Square.</unit>	
	<unit id="u-1.40">During the summer also motor-boat service.</unit>	
	<unit id="u-1.41" alt="Map: Helsinki"/>	
</gemBase>


