<?xml version="1.0" encoding="UTF-8"?>

<gemBase>
	<unit id="u-1.01">Helsinki City Tourist Office</unit>
	<unit id="u-1.02" alt="Illustration: Coat of Arms"/>
	<unit id="u-1.03">Pohjoisesplanadi 19, 00100 Helsinki 10</unit>
	<unit id="u-1.04">phone 1623 217 and 174 088</unit>
	<unit id="u-1.05">Cables: citytourist</unit>
	<unit id="u-1.06" alt="Line"/>
	<unit id="u-1.07">meet the sea</unit>
	<unit id="u-1.08">Boat tours</unit>
	<unit id="u-1.09">In the summer months there are daily motor-boat trips around Helsinki.</unit>
	<unit id="u-1.10">Departures are from the Market Square, Pohjoisranta (North Harbour, the end of Aleksanterinkatu), and Hakaniemi Square.</unit>
	<unit id="u-1.11">On some tours it is possible to get off at Suomenlinna or Korkeasaari.</unit>
	<unit id="u-1.12">Taxi boats can also be hired.</unit>
	<unit id="u-1.13">Fishing in the Helsinki area</unit>
	<unit id="u-1.14">Two permits are needed for fishing in Helsinki: a general permit, available in any post-office, and a local permit, issued by the City Sports Department (Urheilu- ja ulkoiluvirasto), Toinen linja 4 A, phone 716 011.</unit>
	<unit id="u-1.15">PRINTED IN FINLAND</unit>
	<unit id="u-1.16">Yhteiskirjapaino Oy.</unit>
	<unit id="u-1.17" alt="Illustration: Four round symbols"/>
	<unit id="u-1.18" alt="Line"/>
	<unit id="u-1.19">helsinki's four tourist islands</unit>
	<unit id="u-1.20" alt="Photo: Four cardboard symbols"/>
	<unit id="u-1.21" alt="Map: Helsinki"/>
	<unit id="u-2.01">SEURASAARI</unit>
	<unit id="u-2.02" alt="Illustration: Round symbol (green)"/>
	<unit id="u-2.03" alt="Line"/>
	<unit id="u-2.04">The island of Seurasaari is a national park and an open-air museum a little to the west of the centre of Helsinki, reached by a footbridge from Meilahti.</unit>
	<unit id="u-2.05">The museum, which is a part of the National Museum, was established in 1909.</unit>
	<unit id="u-2.06">Eight fully furnished farmhouses from different parts of Finland have been brought here and re-erected.</unit>
	<unit id="u-2.07">Two of them are complete with outbuildings.</unit>
	<unit id="u-2.08">The museum also contains a wooden church from the 17th century, where services are held on summer Sundays, and an 18th century manor house with antique furniture, both from South-West Finland.</unit>
	<unit id="u-2.09">There is also a "savusauna" (smoke sauna), a workshop, mills, barns of various kinds, church boats, swings, and a village store.</unit>
	<unit id="u-2.10">The next items will be a vicarage and a wind-mill.</unit>
	<unit id="u-2.11">During the summer months there are outdoor performances on Seurasaari, such as folk-dancing and folk-concerts.</unit>
	<unit id="u-2.12">The traditional Midsummer Festival is very popular.</unit>
	<unit id="u-2.13">The activities on Seurasaari are organized by Seurasaari Foundation.</unit>
	<unit id="u-2.14">Seurasaari also has a restaurant and beaches.</unit>
	<unit id="u-2.15">There is an information kiosk and a museum shop in the open-air museum.</unit>
	<unit id="u-2.16">City bus No. 24 from Erottaja.</unit>
	<unit id="u-2.17" alt="Photo: Windmill"/>
	<unit id="u-2.18">PIHLAJASAARI</unit>
	<unit id="u-2.19" alt="Illustration: Round symbol (blue)"/>
	<unit id="u-2.20" alt="Line"/>
	<unit id="u-2.21">A couple of kilometers from the mainland at Merisatama, quite near the centre of the city, lie the Pihlajasaaret, Rowan Islands.</unit>
	<unit id="u-2.22">These form a popular summer oasis with clear waters, sandy beaches, and smooth rocks which are excellent for swimming and basking in the sun.</unit>
	<unit id="u-2.23">The Pihlajasaari area covers about 23 hectares.</unit>
	<unit id="u-2.24">It is owned and maintained by the City.</unit>
	<unit id="u-2.25">The western and the smaller eastern island are linked by a footbridge.</unit>
	<unit id="u-2.26">The scenery on the islands is rather varied.</unit>
	<unit id="u-2.27">In addition to beaches there are deciduous and coniferous woods and rocky outcrops.</unit>
	<unit id="u-2.28">The rocks in the south of the western Pihlajasaari offer a vast seascape.</unit>
	<unit id="u-2.29">The beach on the western island has a kiosk, a café and bathing huts.</unit>
	<unit id="u-2.30">In summer motor-boats ply between the mainland and Pihlajasaari at hourly intervals (and oftener if necessary).</unit>
	<unit id="u-2.31">Departures from Merisatama, the end of Laivurinkatu.</unit>
	<unit id="u-2.32">The boat trip takes 10-15 minutes.</unit>
	<unit id="u-2.33" alt="Photo: Beach"/>
	<unit id="u-2.34">SUOMENLINNA</unit>
	<unit id="u-2.35" alt="Illustration: Round symbol (yellow)"/>
	<unit id="u-2.36" alt="Line"/>
	<unit id="u-2.37">Suomenlinna is a group of five rocky islands to the south of the city centre.</unit>
	<unit id="u-2.38">In 1748, when Finland was a part of Sweden, there was started the construction of the fortress of Sveaborg, which was to be the main Finnish defence base.</unit>
	<unit id="u-2.39">The work was planned and directed by Marshal Augustin Ehrensvärd.</unit>
	<unit id="u-2.40">In the war of 1808 the fortress capitulated to the Russians.</unit>
	<unit id="u-2.41">An Anglo-French fleet bombarded the fortress during the Crimean War in 1855, but did not take it.</unit>
	<unit id="u-2.42">At that time the fortress was often called the Gibraltar of the North.</unit>
	<unit id="u-2.43">In 1918, after Finland became independent, the fortress was given its present Finnish name Suomenlinna (Finland's Fortress).</unit>
	<unit id="u-2.44">The main sections of the fortification, Susisaari (Wolf Island) and Kustaanmiekka (Gustav's Sword) are nowadays national monuments: with their forts and casemates, parks and walls, they form an historical entity that is unique in Finland.</unit>
	<unit id="u-2.45">There is also a beach on Suomenlinna.</unit>
	<unit id="u-2.46">The Walhalla Restaurant is in the Delwig bastion near the King's Gate.</unit>
	<unit id="u-2.47">Walhalla and the Piper Café are open only during the summer.</unit>
	<unit id="u-2.48">There is a ferry from the Market Square to Suomenlinna every hour.</unit>
	<unit id="u-2.49">In summer additional connections by motor-boat.</unit>
	<unit id="u-2.50">The trip takes about 15 minutes.</unit>
	<unit id="u-2.51">Inquiries and guide reservations phone 668 131.</unit>
	<unit id="u-2.52" alt="Photo: Fortifications"/>
	<unit id="u-2.53">KORKEASAARI</unit>
	<unit id="u-2.54" alt="Illustration: Round symbol (orange)"/>
	<unit id="u-2.55" alt="Line"/>
	<unit id="u-2.56">Korkeasaari island is the home of Helsinki's zoo.</unit>
	<unit id="u-2.57">It covers about 22 hectares and is one of the most northernly zoos in the world.</unit>
	<unit id="u-2.58">Founded in 1889, the zoo today has mammals (more than 100 species) and birds (more than 150 species).</unit>
	<unit id="u-2.59">Among the animals there are also several rarities, such as Siberian tigers, snow leopards, cheetahs, Saimaa seals, Saiga antelopes, musk oxen and rocky mountain goats.</unit>
	<unit id="u-2.60">The zoo also boasts a large collection of mountain goats and a twilight house, which has mostly small Finnish mammals.</unit>
	<unit id="u-2.61">There is a first-class restaurant on Korkeasaari, a self-service resturant and a couple of small cafés.</unit>
	<unit id="u-2.62">For the benefit of little visitors there is a children's zoo, kind ladies to look after toddlers while their parents are busy elsewhere, and pony rides.</unit>
	<unit id="u-2.63">You can get to Korkeasaari either by ferry from the North Harbour at the end of Aleksanterinkatu or by water bus from Hakaniemi Square.</unit>
	<unit id="u-2.64">The boats are in operation from the beginning of May to the end of September.</unit>
	<unit id="u-2.65">The first boats leave at 10 in the morning, at 9 on Sundays.</unit>
	<unit id="u-2.66">The footbridge from Mustikkamaa island to Korkeasaari will be ready in 1972.</unit>
	<unit id="u-2.67" alt="Photo: Moose"/>
</gemBase>
