<?xml version="1.0" encoding="UTF-8"?>

<gemRst>
	<segmentation>
		<segment id="s-1.01" xref="u-1.01">Helsinki City Tourist Office</segment>
		<mini-segment id="s-1.02" xref="u-1.02" alt="Illustration: Coat of Arms"/>
		<segment id="s-1.03" xref="u-1.03">Pohjoisesplanadi 19, 00100 Helsinki 10</segment>
		<segment id="s-1.04" xref="u-1.04">phone 1623 217 and 174 088</segment>
		<segment id="s-1.05" xref="u-1.05">Cables: citytourist</segment>
		<segment id="s-1.06" xref="u-1.07">meet the sea</segment>
		<segment id="s-1.07" xref="u-1.08">Boat tours</segment>
		<segment id="s-1.08" xref="u-1.09">In the summer months there are daily motor-boat trips around Helsinki.</segment>
		<segment id="s-1.09" xref="u-1.10">Departures are from the Market Square, Pohjoisranta (North Harbour, the end of Aleksanterinkatu), and Hakaniemi Square.</segment>
		<segment id="s-1.10" xref="u-1.11">On some tours it is possible to get off at Suomenlinna or Korkeasaari.</segment>
		<segment id="s-1.11" xref="u-1.12">Taxi boats can also be hired.</segment>
		<segment id="s-1.12" xref="u-1.13">Fishing in the Helsinki area</segment>
		<segment id="s-1.13" xref="u-1.14">Two permits are needed for fishing in Helsinki: a general permit, available in any post-office, and a local permit, issued by the City Sports Department (Urheilu- ja ulkoiluvirasto), Toinen linja 4 A, phone 716 011.</segment>
		<mini-segment id="s-1.14" xref="u-1.17" alt="Illustration"/>
		<segment id="s-1.15" xref="u-1.19">helsinki's four tourist islands</segment>
		<segment id="s-1.16" xref="u-1.20" alt="Photo"/>
		<segment id="s-1.17" xref="u-1.21" alt="Map"/>
		<segment id="s-2.01" xref="u-2.01">SEURASAARI</segment>
		<mini-segment id="s-2.02" xref="u-2.02" alt="Green emblem"/>
		<segment id="s-2.03" xref="u-2.04">The island of Seurasaari is a national park and an open-air museum a little to the west of the centre of Helsinki, reached by a footbridge from Meilahti.</segment>
		<segment id="s-2.04" xref="u-2.05">The museum, which is a part of the National Museum, was established in 1909.</segment>
		<segment id="s-2.05" xref="u-2.06">Eight fully furnished farmhouses from different parts of Finland have been brought here and re-erected.</segment>
		<segment id="s-2.06" xref="u-2.07">Two of them are complete with outbuildings.</segment>
		<segment id="s-2.07" xref="u-2.08">The museum also contains a wooden church from the 17th century, where services are held on summer Sundays, and an 18th century manor house with antique furniture, both from South-West Finland.</segment>
		<segment id="s-2.08" xref="u-2.09">There is also a "savusauna" (smoke sauna), a workshop, mills, barns of various kinds, church boats, swings, and a village store.</segment>
		<segment id="s-2.09" xref="u-2.10">The next items will be a vicarage and a wind-mill.</segment>
		<segment id="s-2.10" xref="u-2.11">During the summer months there are outdoor performances on Seurasaari, such as folk-dancing and folk-concerts.</segment>
		<segment id="s-2.11" xref="u-2.12">The traditional Midsummer Festival is very popular.</segment>
		<segment id="s-2.12" xref="u-2.13">The activities on Seurasaari are organized by Seurasaari Foundation.</segment>
		<segment id="s-2.13" xref="u-2.14">Seurasaari also has a restaurant and beaches.</segment>
		<segment id="s-2.14" xref="u-2.15">There is an information kiosk and a museum shop in the open-air museum.</segment>
		<segment id="s-2.15" xref="u-2.16">City bus No. 24 from Erottaja.</segment>
		<segment id="s-2.16" xref="u-2.17" alt="Photo: Windmill"/>
		<segment id="s-2.17" xref="u-2.18">PIHLAJASAARI</segment>
		<mini-segment id="s-2.18" xref="u-2.19" alt="Blue emblem"/>
		<segment id="s-2.19" xref="u-2.21">A couple of kilometers from the mainland at Merisatama, quite near the centre of the city, lie the Pihlajasaaret, Rowan Islands.</segment>
		<segment id="s-2.20" xref="u-2.22">These form a popular summer oasis with clear waters, sandy beaches, and smooth rocks which are excellent for swimming and basking in the sun.</segment>
		<segment id="s-2.21" xref="u-2.23">The Pihlajasaari area covers about 23 hectares.</segment>
		<segment id="s-2.22" xref="u-2.24">It is owned and maintained by the City.</segment>
		<segment id="s-2.23" xref="u-2.25">The western and the smaller eastern island are linked by a footbridge.</segment>
		<segment id="s-2.24" xref="u-2.26">The scenery on the islands is rather varied.</segment>
		<segment id="s-2.25" xref="u-2.27">In addition to beaches there are deciduous and coniferous woods and rocky outcrops.</segment>
		<segment id="s-2.26" xref="u-2.28">The rocks in the south of the western Pihlajasaari offer a vast seascape.</segment>
		<segment id="s-2.27" xref="u-2.29">The beach on the western island has a kiosk, a café and bathing huts.</segment>
		<segment id="s-2.28" xref="u-2.30">In summer motor-boats ply between the mainland and Pihlajasaari at hourly intervals (and oftener if necessary).</segment>
		<segment id="s-2.29" xref="u-2.31">Departures from Merisatama, the end of Laivurinkatu.</segment>
		<segment id="s-2.30" xref="u-2.32">The boat trip takes 10-15 minutes.</segment>
		<segment id="s-2.31" xref="u-2.33" alt="Photo: Beach"/>
		<segment id="s-2.32" xref="u-2.34">SUOMENLINNA</segment>
		<mini-segment id="s-2.33" xref="u-2.35" alt="Yellow emblem"/>
		<segment id="s-2.34" xref="u-2.37">Suomenlinna is a group of five rocky islands to the south of the city centre.</segment>
		<segment id="s-2.35" xref="u-2.38">In 1748, when Finland was a part of Sweden, there was started the construction of the fortress of Sveaborg, which was to be the main Finnish defence base.</segment>
		<segment id="s-2.36" xref="u-2.39">The work was planned and directed by Marshal Augustin Ehrensvärd.</segment>
		<segment id="s-2.37" xref="u-2.40">In the war of 1808 the fortress capitulated to the Russians.</segment>
		<segment id="s-2.38" xref="u-2.41">An Anglo-French fleet bombarded the fortress during the Crimean War in 1855, but did not take it.</segment>
		<segment id="s-2.39" xref="u-2.42">At that time the fortress was often called the Gibraltar of the North.</segment>
		<segment id="s-2.40" xref="u-2.43">In 1918, after Finland became independent, the fortress was given its present Finnish name Suomenlinna (Finland's Fortress).</segment>
		<segment id="s-2.41" xref="u-2.44">The main sections of the fortification, Susisaari (Wolf Island) and Kustaanmiekka (Gustav's Sword) are nowadays national monuments: with their forts and casemates, parks and walls, they form an historical entity that is unique in Finland.</segment>
		<segment id="s-2.42" xref="u-2.45">There is also a beach on Suomenlinna.</segment>
		<segment id="s-2.43" xref="u-2.46">The Walhalla Restaurant is in the Delwig bastion near the King's Gate.</segment>
		<segment id="s-2.44" xref="u-2.47">Walhalla and the Piper Café are open only during the summer.</segment>
		<segment id="s-2.45" xref="u-2.48">There is a ferry from the Market Square to Suomenlinna every hour.</segment>
		<segment id="s-2.46" xref="u-2.49">In summer additional connections by motor-boat.</segment>
		<segment id="s-2.47" xref="u-2.50">The trip takes about 15 minutes.</segment>
		<segment id="s-2.48" xref="u-2.51">Inquiries and guide reservations phone 668 131.</segment>
		<segment id="s-2.49" xref="u-2.52" alt="Photo: Fortification"/>
		<segment id="s-2.50" xref="u-2.53">KORKEASAARI</segment>
		<mini-segment id="s-2.51" xref="u-2.54" alt="Orange emblem"/>
		<segment id="s-2.52" xref="u-2.56">Korkeasaari island is the home of Helsinki's zoo.</segment>
		<segment id="s-2.53" xref="u-2.57">It covers about 22 hectares and is one of the most northernly zoos in the world.</segment>
		<segment id="s-2.54" xref="u-2.58">Founded in 1889, the zoo today has mammals (more than 100 species) and birds (more than 150 species).</segment>
		<segment id="s-2.55" xref="u-2.59">Among the animals there are also several rarities, such as Siberian tigers, snow leopards, cheetahs, Saimaa seals, Saiga antelopes, musk oxen and rocky mountain goats.</segment>
		<segment id="s-2.56" xref="u-2.60">The zoo also boasts a large collection of mountain goats and a twilight house, which has mostly small Finnish mammals.</segment>
		<segment id="s-2.57" xref="u-2.61">There is a first-class restaurant on Korkeasaari, a self-service resturant and a couple of small cafés.</segment>
		<segment id="s-2.58" xref="u-2.62">For the benefit of little visitors there is a children's zoo, kind ladies to look after toddlers while their parents are busy elsewhere, and pony rides.</segment>
		<segment id="s-2.59" xref="u-2.63">You can get to Korkeasaari either by ferry from the North Harbour at the end of Aleksanterinkatu or by water bus from Hakaniemi Square.</segment>
		<segment id="s-2.60" xref="u-2.64">The boats are in operation from the beginning of May to the end of September.</segment>
		<segment id="s-2.61" xref="u-2.65">The first boats leave at 10 in the morning, at 9 on Sundays.</segment>
		<segment id="s-2.62" xref="u-2.66">The footbridge from Mustikkamaa island to Korkeasaari will be ready in 1972.</segment>
		<segment id="s-2.63" xref="u-2.67" alt="Photo: Moose"/>
	</segmentation>
	<rst-structure>
		<mini-span id="span-1.01" attribuend="s-1.01" attribute="s-1.02" relation="identification"/>
		<span id="span-1.02" nucleus="s-1.01" satellites="span-1.03" relation="enablement"/>
		<multi-span id="span-1.03" nuclei="s-1.03 s-1.04 s-1.05" relation="joint"/>
		<multi-span id="span-1.04" nuclei="s-1.01 s-1.06 s-1.15" relation="joint"/>
		<span id="span-1.05" nucleus="s-1.06" satellites="span-1.06" relation="elaboration"/>
		<span id="span-1.06" nucleus="s-1.08" satellites="span-1.07" relation="enablement">
			<title xref="s-1.07"/>
		</span>
		<span id="span-1.07" nucleus="s-1.09" satellites="span-1.08" relation="elaboration"/>
		<multi-span id="span-1.08" nuclei="s-1.10 s-1.11" relation="joint"/>
		
		<span id="span-1.09" nucleus="s-1.06" satellites="s-1.13" relation="elaboration"><title xref="s-1.12"/></span>

		<mini-span id="span-1.12" attribuend="s-1.15" attribute="s-1.14" relation="identification"/>	
		<multi-span id="span-1.13" nuclei="s-1.15 s-1.16" relation="restatement"/>
		<multi-span id="span-1.14" nuclei="s-1.15 s-1.17" relation="joint"/>
	</rst-structure>
	<rst-structure>
		<multi-span id="span-2.02" nuclei="s-2.16 s-2.01" relation="restatement"/>
		
		<mini-span id="span-2.03" attribuend="s-2.01" attribute="s-2.02" relation="identification"/>
		
		<span id="span-2.04" nucleus="s-2.03" satellites="span-2.05" relation="elaboration">
			<title xref="s-2.01"/>
		</span>
		<span id="span-2.05" nucleus="s-2.05" satellites="s-2.04" relation="background"/>
		<span id="span-2.06" nucleus="s-2.05" satellites="s-2.06 span-2.08" relation="elaboration"/>
		<multi-span id="span-2.08" nuclei="s-2.07 span-2.09" relation="joint"/>
		<span id="span-2.09" nucleus="s-2.08" satellites="s-2.09" relation="elaboration"/>
		<span id="span-2.10" nucleus="s-2.03" satellites="span-2.11" relation="elaboration"/>
		<span id="span-2.11" nucleus="s-2.10" satellites="s-2.11" relation="evidence"/>
		<span id="span-2.12" nucleus="s-2.10" satellites="s-2.12" relation="elaboration"/>
		<span id="span-2.13" nucleus="s-2.03" satellites="span-2.14" relation="elaboration"/>
		<multi-span id="span-2.14" nuclei="s-2.13 s-2.14" relation="joint"/>
		<span id="span-2.15" nucleus="s-2.03" satellites="s-2.15" relation="enablement"/>

		<multi-span id="span-2.16" nuclei="s-2.31 s-2.17" relation="restatement"/>
		<mini-span id="span-2.17" attribuend="s-2.17" attribute="s-2.18" relation="identification"/>
		<span id="span-2.18" nucleus="s-2.19" satellites="span-2.19 span-2.20 span-2.23" relation="elaboration">
			<title xref="s-2.17"/>
		</span>
		<span id="span-2.19" nucleus="s-2.20" satellites="s-2.23" relation="elaboration"/>
		<span id="span-2.20" nucleus="s-2.21" satellites="s-2.22" relation="elaboration"/>
		<span id="span-2.23" nucleus="s-2.24" satellites="s-2.25 s-2.26" relation="evidence"/>
		<span id="span-2.25" nucleus="s-2.19" satellites="s-2.27" relation="elaboration"/>
		<span id="span-2.26" nucleus="s-2.19" satellites="span-2.27" relation="enablement"/>
		<span id="span-2.27" nucleus="s-2.28" satellites="span-2.28" relation="enablement"/>
		<span id="span-2.28" nucleus="s-2.29" satellites="s-2.30" relation="elaboration"/>

		<multi-span id="span-2.29" nuclei="s-2.49 s-2.32" relation="restatement"/>
		<mini-span id="span-2.30" attribuend="s-2.32" attribute="s-2.33" relation="identification"/>
		<span id="span-2.31" nucleus="s-2.34" satellites="span-2.32" relation="elaboration">
			<title xref="s-2.32"/>
		</span>
		<multi-span id="span-2.32" nuclei="span-2.33 s-2.37 span-2.34 s-2.40" relation="sequence"/>
		<span id="span-2.33" nucleus="s-2.35" satellites="s-2.36" relation="elaboration"/>
		<span id="span-2.34" nucleus="s-2.38" satellites="s-2.39" relation="elaboration"/>
		<span id="span-2.35" nucleus="s-2.34" satellites="span-2.36" relation="elaboration"/>
		<span id="span-2.36" nucleus="s-2.41" satellites="s-2.42" relation="elaboration"/>
		<span id="span-2.37" nucleus="s-2.34" satellites="span-2.38" relation="elaboration"/>
		<span id="span-2.38" nucleus="s-2.43" satellites="s-2.44" relation="elaboration"/>
		<span id="span-2.39" nucleus="s-2.34" satellites="span-2.40" relation="enablement"/>
		<span id="span-2.40" nucleus="s-2.45" satellites="s-2.46 s-2.48" relation="enablement"/>
		<span id="span-2.41" nucleus="s-2.45" satellites="s-2.47" relation="elaboration"/>

		<multi-span id="span-2.43" nuclei="s-2.63 s-2.50" relation="restatement"/>
		<mini-span id="span-2.44" attribuend="s-2.50" attribute="s-2.51" relation="identification"/>
		<span id="span-2.45" nucleus="s-2.52" satellites="s-2.53" relation="elaboration">
			<title xref="s-2.50"/>
		</span>
		<span id="span-2.46" nucleus="s-2.52" satellites="span-2.47" relation="elaboration"/>
		<span id="span-2.47" nucleus="s-2.55" satellites="s-2.54" relation="background"/>
		<span id="span-2.48" nucleus="s-2.55" satellites="s-2.56" relation="elaboration"/>
		<span id="span-2.49" nucleus="s-2.52" satellites="span-2.50" relation="elaboration"/>
		<multi-span id="span-2.50" nuclei="s-2.57 s-2.58" relation="joint"/>
		<span id="span-2.51" nucleus="s-2.52" satellites="span-2.52" relation="enablement"/>
		<span id="span-2.52" nucleus="s-2.59" satellites="span-2.53" relation="elaboration"/>
		<multi-span id="span-2.53" nuclei="s-2.60 s-2.61" relation="joint"/>
		<span id="span-2.54" nucleus="s-2.59" satellites="s-2.62" relation="enablement"/>
	</rst-structure>
</gemRst>
