<?xml version="1.0" encoding="UTF-8"?>


<gemLayout>
	<segmentation>
		<layout-unit id="lay-1.01" xref="u-1.01 u-1.02">
			<layout-unit id="lay-1.01.1" xref="u-1.01"/>
			<layout-unit id="lay-1.01.2" xref="u-1.02"/>
		</layout-unit>
		<layout-unit id="lay-1.02" xref="u-1.03 u-1.04">
			<layout-unit id="lay-1.02.1" xref="u-1.03"/>
			<layout-unit id="lay-1.02.2" xref="u-1.04"/>
		</layout-unit>
		<layout-unit id="lay-1.03" xref="u-1.05"/>
		<layout-unit id="lay-1.04" xref="u-1.06 u-1.07">
			<layout-unit id="lay-1.04.1" xref="u-1.06"/>
			<layout-unit id="lay-1.04.2" xref="u-1.07"/>
		</layout-unit>
		<layout-unit id="lay-1.05" xref="u-1.08 u-1.09">
			<layout-unit id="lay-1.05.1" xref="u-1.08"/>
			<layout-unit id="lay-1.05.2" xref="u-1.09"/>
		</layout-unit>
		<layout-unit id="lay-1.06" xref="u-1.10 u-1.11">
			<layout-unit id="lay-1.06.1" xref="u-1.10"/>
			<layout-unit id="lay-1.06.2" xref="u-1.11"/>
		</layout-unit>
		<layout-unit id="lay-1.07" xref="u-1.12 u-1.13">
			<layout-unit id="lay-1.07.1" xref="u-1.12"/>
			<layout-unit id="lay-1.07.2" xref="u-1.13"/>
		</layout-unit>
		<layout-unit id="lay-1.08" xref="u-1.14 u-1.15">
			<layout-unit id="lay-1.08.1" xref="u-1.14"/>
			<layout-unit id="lay-1.08.2" xref="u-1.15"/>
		</layout-unit>
		<layout-unit id="lay-1.09" xref="u-1.16 u-1.17 u-1.18 u-1.19 u-1.20">
			<layout-unit id="lay-1.09.1" xref="u-1.16"/>
			<layout-unit id="lay-1.09.2" xref="u-1.17"/>
			<layout-unit id="lay-1.09.3" xref="u-1.18 u-1.19 u-1.20"/>
		</layout-unit>
		<layout-unit id="lay-1.10" xref="u-1.21"/>
		<layout-unit id="line-1.11" xref="u-1.22"/>
		<layout-unit id="lay-1.12" xref="u-1.23 u-1.24 u-1.25 u-1.26">
			<layout-unit id="lay-1.12.1" xref="u-1.23"/>
			<layout-unit id="lay-1.12.2" xref="u-1.24"/>
			<layout-unit id="lay-1.12.3" xref="u-1.25"/>
			<layout-unit id="lay-1.12.4" xref="u-1.26"/>
		</layout-unit>
		<layout-unit id="lay-1.13" xref="u-1.27 u-1.28 u-1.29 u-1.30 u-1.31 u-1.32 u-1.33 u-1.34 u-1.35 u-1.36 u-1.37 u-1.38 u-1.39 u-1.40 u-1.41 u-1.42 u-1.43 u-1.44 u-1.45 u-1.46 u-1.47 u-1.48 u-1.49 u-1.50 u-1.51 u-1.52 u-1.53 u-1.54 u-1.55 u-1.56 u-1.57 u-1.58 u-1.59 u-1.60 u-1.61 u-1.62 u-1.63 u-1.64 u-1.65 u-1.66 u-1.67 u-1.68 u-1.69">
			<layout-unit id="lay-1.13.1" xref="u-1.27 u-1.28 u-1.29"/>
			<layout-unit id="lay-1.13.2" xref="u-1.30 u-1.31 u-1.32 u-1.33 u-1.34 u-1.35 u-1.36 u-1.37">
				<layout-unit id="lay-1.13.2.1" xref="u-1.30"/>
			</layout-unit>
			<layout-unit id="lay-1.13.3" xref="u-1.38 u-1.39 u-1.40 u-1.41 u-1.42 u-1.43 u-1.44 u-1.45 u-1.46 u-1.47 u-1.48 u-1.49">
				<layout-unit id="lay-1.13.3.1" xref="u-1.38"/>
			</layout-unit>
			<layout-unit id="lay-1.13.4" xref="u-1.50 u-1.51 u-1.52 u-1.53 u-1.54 u-1.55">
				<layout-unit id="lay-1.13.4.1" xref="u-1.50"/>
			</layout-unit>
			<layout-unit id="lay-1.13.5" xref="u-1.56 u-1.57 u-1.58 u-1.59 u-1.60 u-1.61 u-1.62 u-1.63 u-1.64 u-1.65 u-1.66">
				<layout-unit id="lay-1.13.5.1" xref="u-1.56"/>
			</layout-unit>
			<layout-unit id="lay-1.13.6" xref="u-1.67 u-1.68"/>
			<layout-unit id="lay-1.13.7" xref="u-1.69"/>
		</layout-unit>
		<layout-unit id="lay-1.14" xref="u-1.70 u-1.71">
			<layout-unit id="lay-1.14.1" xref="u-1.70"/>
			<layout-unit id="lay-1.14.2" xref="u-1.71"/>
		</layout-unit>
		<layout-unit id="lay-1.15" xref="u-1.72 u-1.73">
			<layout-unit id="lay-1.15.1" xref="u-1.72"/>
			<layout-unit id="lay-1.15.2" xref="u-1.73"/>
		</layout-unit>
		<layout-unit id="lay-2.01" xref="u-2.01" alt="Topographic map"/>
		<layout-unit id="lay-2.02" xref="u-2.02" alt="Emblem"/>
		<layout-unit id="lay-2.03" xref="u-2.03">Helsinki is not far away...</layout-unit>
		<layout-unit id="lay-2.04" xref="u-2.04" alt="Map of Scandinavia"/>
		<layout-unit id="lay-2.05" xref="u-2.06 u-2.07 u-2.08 u-2.09 u-2.10 u-2.11 u-2.12 u-2.13 u-2.14 u-2.15 u-2.16 u-2.17 u-2.18 u-2.19 u-2.20 u-2.21 u-2.23 u-2.24 u-2.25 u-2.26 u-2.27 u-2.28 u-2.29 u-2.30 u-2.31 u-2.32 u-2.33 u-2.34 u-2.35 u-2.36 u-2.37 u-2.38 u-2.40 u-2.41 u-2.42 u-2.43 u-2.44 u-2.45 u-2.46 u-2.47 u-2.48 u-2.49 u-2.50 u-2.51 u-2.52 u-2.53 u-2.54 u-2.55 u-2.57 u-2.58 u-2.59 u-2.60 u-2.61 u-2.62 u-2.63 u-2.64 u-2.65 u-2.66 u-2.67 u-2.68 u-2.69 u-2.70 u-2.71 u-2.72 u-2.74 u-2.75 u-2.76 u-2.77 u-2.78 u-2.79 u-2.80 u-2.81 u-2.82 u-2.83 u-2.84 u-2.85 u-2.86 u-2.87 u-2.88 u-2.89">
			<layout-unit id="lay-2.05.1" xref="u-2.06 u-2.07 u-2.08 u-2.09 u-2.10 u-2.11 u-2.12 u-2.13 u-2.14 u-2.15 u-2.16 u-2.17 u-2.18 u-2.19 u-2.20 u-2.21"/>
			<layout-unit id="lay-2.05.2" xref="u-2.23 u-2.24 u-2.25 u-2.26 u-2.27 u-2.28 u-2.29 u-2.30 u-2.31 u-2.32 u-2.33 u-2.34 u-2.35 u-2.36 u-2.37 u-2.38"/>
			<layout-unit id="lay-2.05.3" xref="u-2.40 u-2.41 u-2.42 u-2.43 u-2.44 u-2.45 u-2.46 u-2.47 u-2.48 u-2.49 u-2.50 u-2.51 u-2.52 u-2.53 u-2.54 u-2.55"/>
			<layout-unit id="lay-2.05.4" xref="u-2.57 u-2.58 u-2.59 u-2.60 u-2.61 u-2.62 u-2.63 u-2.64 u-2.65 u-2.66 u-2.67 u-2.68 u-2.69 u-2.70 u-2.71 u-2.72"/>
			<layout-unit id="lay-2.05.5" xref="u-2.74 u-2.75 u-2.76 u-2.77 u-2.78 u-2.79 u-2.80 u-2.81 u-2.82 u-2.83 u-2.84 u-2.85 u-2.86 u-2.87 u-2.88 u-2.89"/>
			<layout-unit id="lay-2.05.6" xref="u-2.05"/>
			<layout-unit id="lay-2.05.7" xref="u-2.22"/>
			<layout-unit id="lay-2.05.8" xref="u-2.39"/>
			<layout-unit id="lay-2.05.9" xref="u-2.56"/>
			<layout-unit id="lay-2.05.10" xref="u-2.73"/>
		</layout-unit>
		<layout-unit id="lay-2.06" xref="u-2.90 u-2.91 u-2.102 u-2.140 u-2.149 u-2.92 u-2.93 u-2.94 u-2.95 u-2.96 u-2.97 u-2.98 u-2.99 u-2.100 u-2.101 u-2.103 u-2.104 u-2.105 u-2.106 u-2.107 u-2.108 u-2.109 u-2.110 u-2.111 u-2.112 u-2.113 u-2.114 u-2.115 u-2.116 u-2.117 u-2.118 u-2.119 u-2.120 u-2.121 u-2.122 u-2.123 u-2.124 u-2.125 u-2.126 u-2.127 u-2.128 u-2.129 u-2.130 u-2.131 u-2.132 u-2.133 u-2.134 u-2.135 u-2.136 u-2.137 u-2.138 u-2.139 u-2.141 u-2.142 u-2.143 u-2.144 u-2.145 u-2.146 u-2.147 u-2.148 u-2.150 u-2.151 u-2.152 u-2.153 u-2.154 u-2.155 u-2.156">
			<layout-unit id="lay-2.06.1" xref="u-2.90"/>
			<layout-unit id="lay-2.06.2" xref="u-2.91"/>
			<layout-unit id="lay-2.06.3" xref="u-2.92 u-2.93 u-2.94"/>
			<layout-unit id="lay-2.06.4" xref="u-2.92.1 u-2.93.1 u-2.94.1"/>
			<layout-unit id="lay-2.06.5" xref="u-2.95"/>
			<layout-unit id="lay-2.06.6" xref="u-2.96 u-2.97 u-2.98 u-2.99 u-2.100 u-2.101"/>
			<layout-unit id="lay-2.06.7" xref="u-2.96.1 u-2.97.1 u-2.98.1 u-2.99.1 u-2.100.1 u-2.101.1"/>
			<layout-unit id="lay-2.06.8" xref="u-2.102"/>
			<layout-unit id="lay-2.06.9" xref="u-2.104 u-2.105 u-2.106 u-2.107"/>
			<layout-unit id="lay-2.06.10" xref="u-2.104.1 u-2.105.1 u-2.106.1 u-2.107.1"/>
			<layout-unit id="lay-2.06.11" xref="u-2.108 u-2.109 u-2.110 u-2.111 u-2.112 u-2.113 u-2.114 u-2.115 u-2.116 u-2.117 u-2.118 u-2.119 u-2.120 u-2.121 u-2.122 u-2.123 u-2.124"/>
			<layout-unit id="lay-2.06.12" xref="u-2.108.1 u-2.109.1 u-2.110.1 u-2.111.1 u-2.112.1 u-2.113.1 u-2.114.1 u-2.115.1 u-2.116.1 u-2.117.1 u-2.118.1 u-2.119.1 u-2.120.1 u-2.121.1 u-2.122.1 u-2.123.1 u-2.124.1"/>
			<layout-unit id="lay-2.06.13" xref="u-2.125 u-2.126 u-2.127 u-2.128 u-2.129 u-2.130 u-2.131 u-2.132 u-2.133 u-2.134 u-2.135 u-2.136 u-2.137 u-2.138 u-2.139"/>
			<layout-unit id="lay-2.06.14" xref="u-2.125.1 u-2.126.1 u-2.127.1 u-2.128.1 u-2.129.1 u-2.130.1 u-2.131.1 u-2.132.1 u-2.133.1 u-2.134.1 u-2.135.1 u-2.136.1 u-2.137.1 u-2.138.1 u-2.139.1"/>
			<layout-unit id="lay-2.06.15" xref="u-2.140"/>
			<layout-unit id="lay-2.06.16" xref="u-2.141 u-2.142 u-2.143 u-2.144 u-2.145 u-2.146 u-2.147 u-2.148"/>
			<layout-unit id="lay-2.06.17" xref="u-2.141.1 u-2.142.1 u-2.143.1 u-2.144.1 u-2.145.1 u-2.146.1 u-2.147.1 u-2.148.1"/>
			<layout-unit id="lay-2.06.18" xref="u-2.149"/>
			<layout-unit id="lay-2.06.19" xref="u-2.150 u-2.151 u-2.152 u-2.153 u-2.154 u-2.155 u-2.156"/>
			<layout-unit id="lay-2.06.20" xref="u-2.150.1 u-2.151.1 u-2.152.1 u-2.153.1 u-2.154.1 u-2.155.1 u-2.156.1"/>
		</layout-unit>
		<layout-unit id="lay-2.08" xref="u-2.157" alt="Greater Helsinki map"/>
	</segmentation>
	<layout-structure>
		<layout-root id="hdb-1972-l-side-1" orientation="landscape">
			<layout-chunk id="top-side-1" location="multi">
				<layout-chunk id="photo-1-side-1" location="multi">
					<layout-leaf xref="lay-1.01.1" location="row-1" area-ref="page-a-1-b"/>
					<layout-leaf xref="lay-1.01.2" location="row-1" area-ref="page-a-1-b-2" valign="left" halign="bottom"/>
				</layout-chunk>
				<layout-chunk id="photo-2-side-1" location="multi">
					<layout-leaf xref="lay-1.02.1" location="row-3" area-ref="page-a-1-b"/>
					<layout-leaf xref="lay-1.02.2" location="row-3" area-ref="page-a-1-b-2" valign="left" halign="top"/>
				</layout-chunk>
				<layout-leaf xref="lay-1.03" location="col-2" area-ref="page-a-1-c"/>
				<layout-chunk id="photo-3-side-1" location="multi">
					<layout-leaf xref="lay-1.04.1" location="row-1" area-ref="page-a-1-d"/>
					<layout-leaf xref="lay-1.04.2" location="row-1" area-ref="page-a-1-d-2" valign="left" halign="bottom"/>
				</layout-chunk>
				<layout-chunk id="photo-4-side-1" location="multi">
					<layout-leaf xref="lay-1.05.1" location="row-1" area-ref="page-a-1-e"/>
					<layout-leaf xref="lay-1.05.2" location="row-1" area-ref="page-a-1-e-2" valign="left" halign="bottom"/>
				</layout-chunk>
				<layout-chunk id="photo-5-side-1" location="multi">
					<layout-leaf xref="lay-1.06.1" location="row-3" area-ref="page-a-1-d"/>
					<layout-leaf xref="lay-1.06.2" location="row-3" area-ref="page-a-1-d-2" valign="left" halign="top"/>
				</layout-chunk>
				<layout-chunk id="photo-6-side-1" location="multi">
					<layout-leaf xref="lay-1.07.1" location="col-2" area-ref="page-a-1-e"/>
					<layout-leaf xref="lay-1.07.2" location="row-2" area-ref="page-a-1-e-2" valign="left" halign="top"/>
				</layout-chunk>
			</layout-chunk>
			<layout-chunk id="bottom-side-1" location="multi">
				<layout-chunk id="photo-7-side-1" location="multi">
					<layout-leaf xref="lay-1.08.1" location="row-2" area-ref="page-a-1-f"/>
					<layout-leaf xref="lay-1.08.2" location="col-2" area-ref="page-a-1-f-3" valign="left" halign="top"/>
				</layout-chunk>
				<layout-chunk id="photo-8-side-1" location="multi">
					<layout-leaf xref="lay-1.14.1" location="row-1" area-ref="page-a-1-i"/>
					<layout-leaf xref="lay-1.14.2" location="row-2" area-ref="page-a-1-i-2" valign="left" halign="bottom"/>
				</layout-chunk>
				<layout-chunk id="photo-9-side-1" location="multi">
					<layout-leaf xref="lay-1.15.1" location="row-3" area-ref="page-a-1-i"/>
					<layout-leaf xref="lay-1.15.2" location="row-2" area-ref="page-a-1-i-2" valign="left" halign="top"/>
				</layout-chunk>
				<layout-chunk id="header-side-1" location="multi">
					<layout-leaf xref="lay-1.09.1" location="col-2" area-ref="page-a-1-f-5" valign="left"/>
					<layout-leaf xref="lay-1.09.2" location="col-3" area-ref="page-a-1-f-5" valign="left" halign="top"/>
					<layout-leaf xref="lay-1.09.3" location="col-3" area-ref="page-a-1-f-5" valign="left" halign="top"/>
				</layout-chunk>
				<layout-chunk id="description-side-1" location="multi">
					<layout-chunk id="cover-image-side-1" location="multi" area-ref="page-a-1-g">
						<layout-leaf xref="lay-1.10" location="col-2" area-ref="page-a-1-g-1"/>
						<layout-leaf xref="line-1.11" location="row-2" area-ref="page-a-1-g" halign="top"/>
						<layout-leaf xref="lay-1.12.1" location="col-2" area-ref="page-a-1-g-2" valign="left"/>
						<layout-leaf xref="lay-1.12.2" location="col-2" area-ref="page-a-1-g-2" valign="left"/>
						<layout-leaf xref="lay-1.12.3" location="col-2" area-ref="page-a-1-g-4" valign="left"/>
						<layout-leaf xref="lay-1.12.4" location="row-6" area-ref="page-a-1-g"/>
					</layout-chunk>
					<layout-chunk id="text-side-1" location="multi" area-ref="page-a-1-h-1">
						<layout-leaf xref="lay-1.13.1" location="cell-22" area-ref="page-a-1-h-1"/>
						<layout-leaf xref="lay-1.13.2" location="cell-22" area-ref="page-a-1-h-1"/>
						<layout-leaf xref="lay-1.13.3" location="cell-22" area-ref="page-a-1-h-1" overlap="cell-42" overlap-area="page-a-1-h-1"/>
						<layout-leaf xref="lay-1.13.4" location="cell-42" area-ref="page-a-1-h-1"/>
						<layout-leaf xref="lay-1.13.5" location="cell-42" area-ref="page-a-1-h-1"/>
						<layout-leaf xref="lay-1.13.6" location="cell-42" area-ref="page-a-1-h-1"/>
						<layout-leaf xref="lay-1.13.7" location="cell-42" area-ref="page-a-1-h-1"/>
					</layout-chunk>
				</layout-chunk>
			</layout-chunk>
		</layout-root>
		<layout-root id="hdb-1972-l-side-2" orientation="landscape">
			<layout-leaf xref="lay-2.01" location="cell-11" area-ref="page-b-1"/>
			<layout-chunk id="header-side-2" location="multi" area-ref="page-b-2">
				<layout-leaf xref="lay-2.02" location="col-1" area-ref="page-b-2-b-1"/>
				<layout-leaf xref="lay-2.03" location="col-1" area-ref="page-b-2-b-2"/>
			</layout-chunk>
			<layout-chunk id="map-side-2" location="multi" area-ref="page-b-2">
				<layout-leaf xref="lay-2.04" location="multi" area-ref="page-b-2"/>
				<layout-chunk id="table-1-side-2" location="multi" area-ref="page-b-2-c-1">
					<layout-leaf xref="lay-2.05.1" location="col-2" area-ref="page-b-2-c-2" valign="left"/>
					<layout-leaf xref="lay-2.05.2" location="cell-22" area-ref="page-b-2-c-2" valign="center"/>
					<layout-leaf xref="lay-2.05.3" location="cell-23" area-ref="page-b-2-c-2" valign="center"/>
					<layout-leaf xref="lay-2.05.4" location="cell-24" area-ref="page-b-2-c-2" valign="center"/>
					<layout-leaf xref="lay-2.05.5" location="cell-25" area-ref="page-b-2-c-2" valign="center"/>
					<layout-leaf xref="lay-2.05.6" location="cell-11" area-ref="page-b-2-c-1" valign="center"/>
					<layout-leaf xref="lay-2.05.7" location="cell-12" area-ref="page-b-2-c-1" valign="center"/>
					<layout-leaf xref="lay-2.05.8" location="cell-13" area-ref="page-b-2-c-1" valign="center"/>
					<layout-leaf xref="lay-2.05.9" location="cell-14" area-ref="page-b-2-c-1" valign="center"/>
					<layout-leaf xref="lay-2.05.10" location="cell-15" area-ref="page-b-2-c-1" valign="center"/>
				</layout-chunk>
				<layout-chunk id="table-2-side-2" location="multi" area-ref="page-b-2">
					<layout-leaf xref="lay-2.06.1" location="cell-11" area-ref="page-b-2-e-1" valign="left" halign="top"/>
					<layout-leaf xref="lay-2.06.2" location="cell-12" area-ref="page-b-2-e-1" valign="left"/>
					<layout-leaf xref="lay-2.06.3" location="cell-13" area-ref="page-b-2-e-1" valign="left"/>
					<layout-leaf xref="lay-2.06.4" location="cell-23" area-ref="page-b-2-e-1"/>
					<layout-leaf xref="lay-2.06.5" location="cell-14" area-ref="page-b-2-e-1" valign="left"/>
					<layout-leaf xref="lay-2.06.6" location="cell-15" area-ref="page-b-2-e-1" valign="left"/>
					<layout-leaf xref="lay-2.06.7" location="cell-25" area-ref="page-b-2-e-1"/>
					<layout-leaf xref="lay-2.06.8" location="cell-16" area-ref="page-b-2-e-1" valign="left"/>
					<layout-leaf xref="lay-2.06.9" location="cell-17" area-ref="page-b-2-e-1" valign="left"/>
					<layout-leaf xref="lay-2.06.10" location="cell-27" area-ref="page-b-2-e-1"/>
					<layout-leaf xref="lay-2.06.11" location="cell-12" area-ref="page-b-2-e-2" valign="left"/>
					<layout-leaf xref="lay-2.06.12" location="cell-22" area-ref="page-b-2-e-2"/>
					<layout-leaf xref="lay-2.06.13" location="col-2" area-ref="page-b-2-d" valign="left"/>
					<layout-leaf xref="lay-2.06.14" location="col-3" area-ref="page-b-2-d"/>
					<layout-leaf xref="lay-2.06.15" location="cell-12" area-ref="page-b-2-e-3" valign="left"/>
					<layout-leaf xref="lay-2.06.16" location="cell-13" area-ref="page-b-2-e-3" valign="left"/>
					<layout-leaf xref="lay-2.06.17" location="cell-23" area-ref="page-b-2-e-3"/>
					<layout-leaf xref="lay-2.06.18" location="cell-14" area-ref="page-b-2-e-3"/>
					<layout-leaf xref="lay-2.06.19" location="cell-15" area-ref="page-b-2-e-3"/>
					<layout-leaf xref="lay-2.06.20" location="cell-25" area-ref="page-b-2-e-3"/>
				</layout-chunk>
			</layout-chunk>
			<layout-leaf xref="lay-2.08" location="row-7" area-ref="page-b-2"/>
		</layout-root>
	</layout-structure>
	<area-model>
		<area-root id="hdb-1972-a-side-1" cols="1" rows="2" hspacing="45 55" vspacing="100" width="569mm" height="374mm">
			<sub-area id="page-a-1-top" location="row-1" cols="4" rows="1" hspacing="16 51 18 15" vspacing="100">
				<sub-area id="page-a-1-b" location="col-1" cols="1" rows="3" hspacing="100" vspacing="43 6 51" width="91mm" height="170mm">
					<sub-area id="page-a-1-b-1" location="row-2" cols="2" rows="1" hspacing="4 96" vspacing="100" width="91mm" height="11mm">
						<sub-area id="page-a-1-b-2" location="col-2" cols="1" rows="3" hspacing="100" vspacing="36 28 36" width="87mm" height="11mm"/>
					</sub-area>
				</sub-area>
				<sub-area id="page-a-1-c" location="col-2" cols="1" rows="1" hspacing="100" vspacing="100" width="290mm" height="170mm"/>
				<sub-area id="page-a-1-d" location="col-3" cols="1" rows="3" hspacing="100" vspacing="43 7 50" width="95mm" height="170mm">
					<sub-area id="page-a-1-d-1" location="row-2" cols="2" rows="1" hspacing="5 95" vspacing="100" width="95mm" height="12mm">
						<sub-area id="page-a-1-d-2" location="col-2" cols="1" rows="3" hspacing="100" vspacing="33 34 33" width="91mm" height="12mm"/>
					</sub-area>
				</sub-area>
				<sub-area id="page-a-1-e" location="col-4" cols="1" rows="3" hspacing="100" vspacing="43 7 50" width="87mm" height="170mm">
					<sub-area id="page-a-1-e-1" location="row-2" cols="2" rows="1" hspacing="5 95" vspacing="100" width="87mm" height="12mm">
						<sub-area id="page-a-1-e-2" location="col-2" cols="1" rows="3" hspacing="100" vspacing="33 34 33" width="83mm" height="12mm"/>
					</sub-area>
				</sub-area>
			</sub-area>
			<sub-area id="page-a-1-bottom" location="row-2" cols="4" rows="1" hspacing="33 17 34 16" vspacing="100" width="569mm" height="203mm">
				<sub-area id="page-a-1-f" location="col-1" cols="1" rows="2" hspacing="100" vspacing="17 83" width="188mm" height="203mm">
					<sub-area id="page-a-1-f-1" location="row-1" cols="2" rows="1" hspacing="48 52" vspacing="100" height="35mm" width="188mm">
						<sub-area id="page-a-1-f-2" location="col-1" cols="1" rows="2" hspacing="100" vspacing="86 14" width="91mm" height="35mm">
							<sub-area id="page-a-1-f-3" location="row-2" cols="2" rows="1" hspacing="3 97" vspacing="100" width="91mm" height="5mm"/>
						</sub-area>
						<sub-area id="page-a-1-f-4" location="col-2" cols="1" rows="3" hspacing="100" vspacing="14 43 43" width="96mm" height="35mm">
							<sub-area id="page-a-1-f-5" location="row-2" cols="3" rows="1" hspacing="6 13 81" vspacing="100" width="96mm" height="15mm"/>
						</sub-area>
					</sub-area>
				</sub-area>
				<sub-area id="page-a-1-g" location="col-2" cols="1" rows="6" hspacing="100" vspacing="17 2 5 5 3 68" width="97mm" height="203mm">
					<sub-area id="page-a-1-g-1" location="row-1" cols="3" rows="1" hspacing="29 33 38" vspacing="100" height="35mm" width="96mm"/>
					<sub-area id="page-a-1-g-2" location="row-3" cols="3" rows="1" hspacing="23 54 23" vspacing="100" height="10mm" width="96mm"/>
					<sub-area id="page-a-1-g-3" location="row-4" cols="3" rows="1" hspacing="10 77 13" vspacing="100" height="10mm" width="96mm"/>
					<sub-area id="page-a-1-g-4" location="row-5" cols="3" rows="1" hspacing="10 15 75 " vspacing="100" height="6mm" width="96mm"/>
				</sub-area>
				<sub-area id="page-a-1-h" location="col-3" cols="1" rows="2" hspacing="100" vspacing="17 83" width="191mm" height="203mm">
					<sub-area id="page-a-1-h-1" location="row-2" cols="5" rows="3" hspacing="2 47 1 47 2" vspacing="2 77 21" width="191mm" height="168mm"/>
				</sub-area>
				<sub-area id="page-a-1-i" location="col-4" cols="3" rows="1" hspacing="100" vspacing="43 6 51" width="93mm" height="203mm">
					<sub-area id="page-a-1-i-1" location="row-2" cols="2" rows="1" hspacing="5 95" vspacing="100" width="93mm" height="12mm">
						<sub-area id="page-a-1-i-2" location="col-2" cols="1" rows="3" hspacing="100" vspacing="42 16 42" width="88mm" height="12mm"/>
					</sub-area>
				</sub-area>
			</sub-area>
		</area-root>
		<area-root id="hdb-1972-a-side-2" cols="2" rows="1" hspacing="67 33" vspacing="100" width="569mm" height="374mm">
			<sub-area id="page-b-1" location="col-1" cols="1" rows="1" hspacing="100" vspacing="100" width="381mm" height="374mm"/>
			<sub-area id="page-b-2" location="col-2" cols="1" rows="7" hspacing="100" vspacing="9 1 19 14 14 19 24" width="190mm" height="374mm">
				<sub-area id="page-b-2-b" location="row-1" cols="3" rows="1" hspacing="18 7 75" vspacing="100" height="34mm" width="190mm">
					<sub-area id="page-b-2-b-1" location="col-3" cols="1" rows="3" hspacing="100" vspacing="14 73 13" height="34mm" width="140mm">
						<sub-area id="page-b-2-b-2" location="row-2" cols="2" rows="1" hspacing="23 77" vspacing="100" height="25mm" width="140mm"/>
					</sub-area>
				</sub-area>
				<sub-area id="page-b-2-c" location="row-3" cols="2" rows="1" hspacing="50 50" vspacing="100" height="70mm" width="190mm">
					<sub-area id="page-b-2-c-1" location="col-1" cols="5" rows="2" hspacing="24 23 21 21 11" vspacing="11 89" width="95mm" height="70mm">
						<sub-area id="page-b-2-c-2" location="cell-12" cols="2" rows="1" hspacing="10 90" vspacing="100" width="23mm" height="62mm"/>
					</sub-area>
				</sub-area>
				<sub-area id="page-b-2-d" location="row-5" cols="3" rows="1" hspacing="70 25 5" vspacing="100" height="51mm" width="190mm"/>
				<sub-area id="page-b-2-e" location="row-6" cols="6" rows="1" hspacing="100" vspacing="3 29 5 28 5 29" height="70mm" width="190mm">
					<sub-area id="page-b-2-e-1" location="col-2" cols="2" rows="7" hspacing="85 15" vspacing="9 6 21 6 29 6 23" height="70mm" width="55mm"/>
					<sub-area id="page-b-2-e-2" location="col-4" cols="2" rows="2" hspacing="85 15" vspacing="3 97" height="70mm" width="54mm"/>
					<sub-area id="page-b-2-e-3" location="col-6" cols="2" rows="5" hspacing="84 16" vspacing="4 6 43 6 41" height="70mm" width="56mm"/>
				</sub-area>
			</sub-area>
		</area-root>
	</area-model>
	<realization>
		
		<graphics xref="lay-1.01.1" colors="mixed" type="photo" width="91mm" height="72mm"/>
		<graphics xref="lay-1.02.1" colors="mixed" type="photo" width="91" height="85mm"/>
		<graphics xref="lay-1.03" colors="mixed" type="photo" width="298mm" height="169mm"/>
		<graphics xref="lay-1.04.1" colors="mixed" type="photo" width="95mm" height="72mm"/>
		<graphics xref="lay-1.05.1" colors="mixed" type="photo" width="88mm" height="72mm"/>
		<graphics xref="lay-1.06.1" colors="mixed" type="photo" width="95mm" height="85mm"/>
		<graphics xref="lay-1.07.1" colors="mixed" type="photo" width="88mm" height="85mm"/>
		<graphics xref="lay-1.08.1" colors="mixed" type="photo" width="187mm" height="168mm"/>
		<graphics xref="lay-1.14.1" colors="mixed" type="photo" width="93mm" height="86mm"/>
		<graphics xref="lay-1.15.1" colors="mixed" type="photo" width="93mm" height="105mm"/>
		
		<text xref="lay-1.01.2 lay-1.02.2 lay-1.04.2 lay-1.05.2 lay-1.06.2 lay-1.07.2 lay-1.08.2 lay-1.14.2 lay-1.15.2" font-family="serif" font-size="4" font-style="normal" font-weight="normal" case="mixed" color="black"/>
		<graphics xref="lay-1.09.1" type="illustration" colors="black" height="14mm" width="10mm"/>
		<text xref="lay-1.09.2" font-family="serif" font-size="6" font-style="normal" font-weight="normal" case="mixed" color="black"/>
		<text xref="lay-1.09.3" font-family="serif" font-size="4" font-style="italic" font-weight="normal" case="mixed" color="black"/>
		<graphics xref="lay-1.10" type="illustration" colors="mixed" height="34mm" width="34mm"/>
		<graphics xref="line-1.11" type="two-d-element" two-d-element-type="line" colors="black" length="286mm"/>
		<text xref="lay-1.12.1" font-family="serif" font-size="24" font-style="normal" font-weight="bold" case="caps" color="black"/>
		<text xref="lay-1.12.2" font-family="serif" font-size="13" font-style="italic" font-weight="normal" case="mixed" color="black"/>
		<text xref="lay-1.12.3" font-family="serif" font-size="6" font-style="italic" font-weight="normal" case="mixed" color="black"/>
		<graphics xref="lay-1.12.4" type="illustration" colors="mixed" width="97mm" height="145mm"/>
		<text xref="lay-1.13" font-family="serif" font-size="5" font-style="normal" font-weight="normal" case="mixed" color="black"/>
		<hi-text xref="lay-1.13.2.1" context="lay-1.13.2" font-family="serif" font-size="5" font-style="normal" font-weight="bold" case="mixed" color="black"/>
		<hi-text xref="lay-1.13.3.1" context="lay-1.13.3" font-family="serif" font-size="5" font-style="normal" font-weight="bold" case="mixed" color="black"/>
		<hi-text xref="lay-1.13.4.1" context="lay-1.13.4" font-family="serif" font-size="5" font-style="normal" font-weight="bold" case="mixed" color="black"/>
		<hi-text xref="lay-1.13.5.1" context="lay-1.13.5" font-family="serif" font-size="5" font-style="normal" font-weight="bold" case="mixed" color="black"/>
		<graphics xref="lay-2.01" type="map" colors="mixed" width="379mm" height="369mm"/>
		<graphics xref="lay-2.02" type="illustration" colors="mixed" height="34mm" width="34mm"/>
		<text xref="lay-2.03" font-family="serif" font-size="10" font-style="normal" font-weight="normal" case="mixed" color="black"/>
		<graphics xref="lay-2.04" type="map" colors="mixed" height="245mm" width="188mm"/>
		<text xref="lay-2.05" font-family="serif" font-size="4" font-style="normal" font-weight="normal" case="mixed" color="black"/>
		<hi-text xref="lay-2.05.6 lay-2.05.7 lay-2.05.8 lay-2.05.9 lay-2.05.10" context="lay-2.05" font-family="sans-serif" font-size="5" font-style="normal" font-weight="bold" case="caps" color="black"/>
		<text xref="lay-2.06" font-family="serif" font-size="4" font-style="normal" font-weight="normal" case="mixed" color="black"/>
		<hi-text xref="lay-2.06.1 lay-2.06.2 lay-2.06.5 lay-2.06.8 lay-2.06.15 lay-2.06.18" context="lay-2.06" font-family="serif" font-size="4" font-style="normal" font-weight="bold" case="mixed" color="black"/>
		<graphics xref="lay-2.08" type="map" colors="mixed" width="188mm" height="90mm"/>
	</realization>
</gemLayout>
