<?xml version="1.0" encoding="UTF-8"?>

<gemLayout>
	<segmentation>
		<layout-unit id="lay-1.01" xref="u-1.01">MARKET SQUARE</layout-unit>
		<layout-unit id="lay-1.02" xref="u-1.02">A 1</layout-unit>
		<layout-unit id="lay-1.03" xref="u-1.03 u-1.04 u-1.05 u-1.06">Open-air market.</layout-unit>

		<layout-unit id="lay-1.04" xref="u-1.07">LINNANMÄKI AMUSEMENT PARK</layout-unit>
		<layout-unit id="lay-1.05" xref="u-1.08">A 2</layout-unit>
		<layout-unit id="lay-1.06" xref="u-1.09 u-1.10 u-1.11 u-1.12">Located on Helsinginkatu.</layout-unit>

		<layout-unit id="lay-1.07" xref="u-1.13">FOUR TOURIST ISLANDS</layout-unit>
		<layout-unit id="lay-1.08" xref="u-1.14">KORKEASAARI ZOO</layout-unit>
		<layout-unit id="lay-1.09" xref="u-1.15">AB 3</layout-unit>
		<layout-unit id="lay-1.10" xref="u-1.16 u-1.17 u-1.18 u-1.19 u-1.20">The Helsinki Zoo.</layout-unit>

		<layout-unit id="lay-1.11" xref="u-1.21">PIHLAJASAARI ISLAND</layout-unit>
		<layout-unit id="lay-1.12" xref="u-1.22">AB 4</layout-unit>
		<layout-unit id="lay-1.13" xref="u-1.23 u-1.24 u-1.25">Beach for swimming and sunbathing.</layout-unit>

		<layout-unit id="lay-1.14" xref="u-1.26">SEURASAARI ISLAND</layout-unit>
		<layout-unit id="lay-1.15" xref="u-1.27">AB 5</layout-unit>
		<layout-unit id="lay-1.16" xref="u-1.28 u-1.29 u-1.30 u-1.31 u-1.32 u-1.33">National park and open-air museum.</layout-unit>

		<layout-unit id="lay-1.17" xref="u-1.34">SUOMENLINNA FORTRESS</layout-unit>
		<layout-unit id="lay-1.18" xref="u-1.35">AB 6</layout-unit>
		<layout-unit id="lay-1.19" xref="u-1.36 u-1.37 u-1.38 u-1.39 u-1.40">Old naval fortress.</layout-unit>
		
		<layout-unit id="lay-1.20" xref="u-1.41" alt="Map: Helsinki"/>
	</segmentation>
	<realization>
		<text xref="lay-1.01 lay-1.02 lay-1.04 lay-1.05 lay-1.07 lay-1.08 lay-1.09 lay-1.11 lay-1.12 lay-1.14 lay-1.15 lay-1.17 lay-1.18" font-family="sans-serif" font-size="6" font-style="normal" font-weight="normal" case="caps" color="black"/>
		<text xref="lay-1.03 lay-1.06 lay-1.10 lay-1.13 lay-1.16 lay-1.19" font-family="sans-serif" font-size="5" font-style="normal" font-weight="normal" case="mixed" color="black"/>
		<text xref="lay-1.07" font-family="sans-serif" font-size="6" font-style="normal" font-weight="bold" case="caps" color="black"/>
		<graphics xref="lay-1.20" type="map" colors="mixed" width="198mm" height="209mm"/>
	</realization>
	<layout-structure>
		<layout-root id="sah-1972-l-pages-1-2">
			<layout-chunk id="page-1" location="col-1" area-ref="sah-1972-a-pages-1-2">
					<layout-chunk id="page-1-column-1" location="cell-22" area-ref="page-a-1">
						<layout-chunk id="page-1-entry-1" location="cell-22" area-ref="page-a-1">
							<layout-leaf xref="lay-1.01" location="cell-22" area-ref="page-a-1" halign="top" valign="left"/>
							<layout-leaf xref="lay-1.02" location="cell-22" area-ref="page-a-1" halign="top" valign="right"/>
							<layout-leaf xref="lay-1.03" location="cell-22" area-ref="page-a-1" halign="top" valign="left"/>
						</layout-chunk>
						<layout-chunk id="page-1-entry-2" location="cell-22" area-ref="page-a-1">
							<layout-leaf xref="lay-1.04" location="cell-22" area-ref="page-a-1" halign="top" valign="left"/>
							<layout-leaf xref="lay-1.05" location="cell-22" area-ref="page-a-1" halign="top" valign="right"/>
							<layout-leaf xref="lay-1.06" location="cell-22" area-ref="page-a-1" halign="top" valign="left"/>
						</layout-chunk>
					</layout-chunk>
					<layout-chunk id="page-1-column-2" location="cell-22" area-ref="page-a-1" vindent="11mm">
						<layout-leaf xref="lay-1.07" location="cell-22" area-ref="page-a-1" halign="top" valign="left"/>
						<layout-chunk id="page-1-entry-3" location="cell-22" area-ref="page-a-1">
							<layout-leaf xref="lay-1.08" location="cell-22" area-ref="page-a-1" halign="top" valign="left"/>
							<layout-leaf xref="lay-1.09" location="cell-22" area-ref="page-a-1" halign="top" valign="right"/>
							<layout-leaf xref="lay-1.10" location="cell-22" area-ref="page-a-1" halign="top" valign="left"/>
						</layout-chunk>	
						<layout-chunk id="page-1-entry-4" location="cell-22" area-ref="page-a-1">
							<layout-leaf xref="lay-1.11" location="cell-22" area-ref="page-a-1" halign="top" valign="left"/>
							<layout-leaf xref="lay-1.12" location="cell-22" area-ref="page-a-1" halign="top" valign="right"/>
							<layout-leaf xref="lay-1.13" location="cell-22" area-ref="page-a-1" halign="top" valign="left"/>
						</layout-chunk>	
						<layout-chunk id="page-1-entry-5" location="cell-22" area-ref="page-a-1">
							<layout-leaf xref="lay-1.14" location="cell-22" area-ref="page-a-1" halign="top" valign="left"/>
							<layout-leaf xref="lay-1.15" location="cell-22" area-ref="page-a-1" halign="top" valign="right"/>
							<layout-leaf xref="lay-1.16" location="cell-22" area-ref="page-a-1" halign="top" valign="left"/>
						</layout-chunk>	
						<layout-chunk id="page-1-entry-6" location="cell-22" area-ref="page-a-1">
							<layout-leaf xref="lay-1.17" location="cell-22" area-ref="page-a-1" halign="top" valign="left"/>
							<layout-leaf xref="lay-1.18" location="cell-22" area-ref="page-a-1" halign="top" valign="right"/>
							<layout-leaf xref="lay-1.19" location="cell-22" area-ref="page-a-1" halign="top" valign="left"/>
						</layout-chunk>					
					</layout-chunk>
			</layout-chunk>
			<layout-chunk id="page-2" location="col-2" area-ref="sah-1972-a-pages-1-2">
				<layout-leaf xref="lay-1.20" location="col-2" area-ref="sah-1972-a-pages-1-2"/>
			</layout-chunk>
		</layout-root>
	</layout-structure>
	<area-model>
		<area-root id="sah-1972-a-pages-1-2" cols="2" rows="1" hspacing="33 64" vspacing="100" width="296mm" height="209mm">
			<sub-area id="page-a-1" location="col-1" cols="3" rows="3" hspacing="6 72 22" vspacing="26 62 12" width="99mm" height="209mm"/>
		</area-root>
	</area-model>
</gemLayout>
