<?xml version="1.0" encoding="UTF-8"?>

<gemRst>
	<segmentation>
		<segment id="s-1.01" xref="u-1.01">meet the sea</segment>
		<segment id="s-1.02" xref="u-1.02" alt="Map (background)"/>
		<segment id="s-1.11" xref="u-1.03">Boat Tours</segment>
		<segment id="s-1.12" xref="u-1.04">In the summer months there are daily motor-boat trips around Helsinki.</segment>
		<segment id="s-1.13" xref="u-1.05">Departures are from the Market Square, Pohjoisranta (North Harbour, the end of Aleksanterinkatu), and Hakaniemi Square.</segment>
		<segment id="s-1.14" xref="u-1.06">On some tours it is possible to get off at Suomenlinna or Korkeasaari.</segment>
		<segment id="s-1.15" xref="u-1.07">Taxi boats can also be hired.</segment>
		<segment id="s-1.16" xref="u-1.08">Fishing in the Helsinki Area</segment>
		<segment id="s-1.17" xref="u-1.09">Two permits are needed for fishing in Helsinki: a general permit, available in any post office, and a local permit, issued by the City Sports Department (Urheilu- ja ulkoiluvirasto), Toinen linja 4 A, phone 716 011.</segment>
		<segment id="s-1.18" xref="u-1.22" alt="Illustration (background)"/>
		<segment id="s-1.19" xref="u-1.23">Helsinki's four tourist islands</segment>
		<segment id="s-1.20" xref="u-1.18">Helsinki City Tourist Office</segment>
		<segment id="s-1.21" xref="u-1.19">Pohjoisesplanadi 19, 00100 Helsinki 10, Finland</segment>
		<segment id="s-1.22" xref="u-1.20">Phone 1623 217 and 174 008. Cables: citytourist</segment>
		<segment id="s-2.01" xref="u-2.01" alt="Map"/>
		<segment id="s-2.04" xref="u-2.17">Suomenlinna</segment>
		<segment id="s-2.05" xref="u-2.18" alt="Illustration"/>
		<segment id="s-3.01" xref="u-3.01" alt="Illustration: Boat"/>
		<segment id="s-3.02" xref="u-3.02">Suomenlinna</segment>
		<segment id="s-3.03" xref="u-3.03">Suomenlinna is a group of five rocky islands to the south of the city centre.</segment>
		<segment id="s-3.04" xref="u-3.04">In 1748, when Finland was a part of Sweden, construction of the fortress of Sveaborg, which was to be the main Finnish defence base, began.</segment>
		<segment id="s-3.05" xref="u-3.05">The work was planned and directed by Marshal Augustin Ehrensvärd.</segment>
		<segment id="s-3.06" xref="u-3.06">In the war of 1808 the fortress capitulated to the Russians.</segment>
		<segment id="s-3.07" xref="u-3.07">An Anglo-French fleet bombarded the fortress during the Crimean War in 1855, but did not take it.</segment>
		<segment id="s-3.08" xref="u-3.08">At that time the fortress was often called the Gibraltar of the North.</segment>
		<segment id="s-3.09" xref="u-3.09">In 1918, after Finland became independent, the fortress was given its present Finnish name Suomenlinna (Finland's Fortress).</segment>
		<segment id="s-3.10" xref="u-3.10">The main sections of the fortification, Susisaari (Wolf Island) and Kustaanmiekka (Gustav's Sword) are nowadays national monuments: with their forts and casemates, parks and walls, they form an historical entity that is unique in Finland.</segment>
		<segment id="s-3.11" xref="u-3.11">There is also a beach on Suomenlinna.</segment>
		<segment id="s-3.12" xref="u-3.12">The Walhalla Restaurant is in the Delwig bastion near the Royal Gate.</segment>
		<segment id="s-3.13" xref="u-3.13">Walhalla and the Piper Café are open only during the summer.</segment>
		<segment id="s-3.14" xref="u-3.14">There is a ferry from the Market Square to Suomenlinna every hour.</segment>
		<segment id="s-3.15" xref="u-3.15">In summer there are also additional connections by motor-boat.</segment>
		<segment id="s-3.16" xref="u-3.16">The trip takes about 15 minutes.</segment>
		<segment id="s-3.17" xref="u-3.17">For inquiries and guide reservations phone 668 131.</segment>
		<segment id="s-3.18" xref="u-3.18" alt="Illustration: Sun"/>
		<segment id="s-3.19" xref="u-3.19">Seurasaari</segment>
		<segment id="s-3.20" xref="u-3.20">The island of Seurasaari is a national park and an open-air museum a little to the west of the centre of Helsinki, reached by a footbridge from Meilahti.</segment>
		<segment id="s-3.21" xref="u-3.21">The museum, which is a part of the National Museum, was established in 1909.</segment>
		<segment id="s-3.22" xref="u-3.22">Eight fully furnished farmhouses from different parts of Finland have been brought here and re-erected.</segment>
		<segment id="s-3.23" xref="u-3.23">Two of them are complete with outbuildings.</segment>
		<segment id="s-3.24" xref="u-3.24">The museum also contains a wooden church from the 17th century, where services are held on summer Sundays, and an 18th century manor house with antique furniture, both from South-West Finland.</segment>
		<segment id="s-3.25" xref="u-3.25">There is also a "savusauna" (smoke sauna), a workshop, mills, barns of various kinds, church boats,swings, and a village store.</segment>
		<segment id="s-3.26" xref="u-3.26">In the near future a vicarage and a wind-mill will be completed.</segment>
		<segment id="s-3.27" xref="u-3.27">During the summer months there are outdoor performances on Seurasaari, such as folk-dancing and folk-concerts.</segment>
		<segment id="s-3.28" xref="u-3.28">The traditional Midsummer Festival is very popular.</segment>
		<segment id="s-3.29" xref="u-3.29">The activities on Seurasaari are organized by the Seurasaari Foundation.</segment>
		<segment id="s-3.30" xref="u-3.30">Seurasaari also has a restaurant and beaches.</segment>
		<segment id="s-3.31" xref="u-3.31">There is an information kiosk and a museum shop in the open-air museum.</segment>
		<segment id="s-3.32" xref="u-3.32">City bus No. 24 from Erottaja.</segment>
		<segment id="s-4.01" xref="u-4.01">Seurasaari</segment>
		<segment id="s-4.02" xref="u-4.02" alt="Illustration: Traditional dress"/>
		<segment id="s-4.03" xref="u-4.03" alt="Map"/>
		<segment id="s-5.01" xref="u-5.01">Korkeasaari</segment>
		<segment id="s-5.02" xref="u-5.02" alt="Illustration: Animals"/>
		<segment id="s-5.03" xref="u-5.03">Korkeasaari island is the home of Helsinki's zoo.</segment>
		<segment id="s-5.04" xref="u-5.04">It covers about 22 hectares and is one of the most northernly zoos in the world.</segment>
		<segment id="s-5.05" xref="u-5.05">Founded in 1889, the zoo today has mammals (100 species) and birds (150 species).</segment>
		<segment id="s-5.06" xref="u-5.06">Among the animals there are also several rarities, such as Siberian tigers, snow leopards, cheetahs, Saiga antelopes, musk oxen and rocky mountain goats.</segment>
		<segment id="s-5.07" xref="u-5.07">The zoo also boasts a large collection of Alpine ibex and a twilight house, which as mostly small Finnish mammals.</segment>
		<segment id="s-5.08" xref="u-5.08">There is a first-class restaurant, a self-service restaurant and a couple of small cafés on Korkeasaari.</segment>
		<segment id="s-5.09" xref="u-5.09">For the benefit of little visitors there are pony rides.</segment>
		<segment id="s-5.10" xref="u-5.10">You can get to Korkeasaari either by ferry or motor-boat from the North Harbour at the end of Aleksanterinkatu or by motor-boat from Hakaniemi Square.</segment>
		<segment id="s-5.11" xref="u-5.11">The boats are in operation from the beginning of May to the end of September.</segment>
		<segment id="s-5.12" xref="u-5.12">The first boats leave at 10 in the morning, at 9 on Sundays.</segment>
		<segment id="s-5.13" xref="u-5.13">The footbridge from Mustikkamaa island to Korkeasaari will be ready in autumn 1973.</segment>
		<segment id="s-5.15" xref="u-5.15" alt="Map"/>
		<segment id="s-6.01" xref="u-6.01">Pihlajasaari</segment>
		<segment id="s-6.02" xref="u-6.02" alt="Illustration: Beach"/>
		<segment id="s-6.03" xref="u-6.03" alt="Illustration: Fish"/>
		<segment id="s-6.04" xref="u-6.04">A couple of kilometers from the mainland at Merisatama, lie the Pihlajasaaret, Rowan Islands.</segment>
		<segment id="s-6.05" xref="u-6.05">These form a popular summer oasis with clear waters, sandy beaches, and smooth rocks which are excellent for swimming and basking in the sun.</segment>
		<segment id="s-6.06" xref="u-6.06">The Pihlajasaari area covers about 23 hectares.</segment>
		<segment id="s-6.07" xref="u-6.07">It is owned and maintained by the City.</segment>
		<segment id="s-6.08" xref="u-6.08">The western and the smaller eastern island are linked by a footbridge.</segment>
		<segment id="s-6.09" xref="u-6.09">The scenery on the island is rather varied.</segment>
		<segment id="s-6.10" xref="u-6.10">In addition to beaches there are deciduous and coniferous woods and rocky outcrops.</segment>
		<segment id="s-6.11" xref="u-6.11">The rocks in the south of the western Pihlajasaari offer a vast seascape.</segment>
		<segment id="s-6.12" xref="u-6.12">The beach on the western island has a kiosk, a café and bathing huts.</segment>
		<segment id="s-6.13" xref="u-6.13">In summer motor-boats ply between the mainland and Pihlajasaari at hourly intervals (and oftener if necessary).</segment>
		<segment id="s-6.14" xref="u-6.14">Departures from Merisatama, the end of Laivurinkatu.</segment>
		<segment id="s-6.15" xref="u-6.15">The boat trip takes 10-15 minutes.</segment>
		<segment id="s-6.16" xref="u-6.16" alt="Map"/>
	</segmentation>

	<rst-structure>
		<multi-span id="span-1.01" nuclei="s-1.01 s-1.02" relation="joint"/>
		<span id="span-1.02" nucleus="s-1.01" satellites="span-1.03 span-1.06" relation="motivation"/>
		<span id="span-1.03" nucleus="s-1.12" satellites="s-1.13" relation="enablement"><title xref="s-1.11"/></span>
		<span id="span-1.04" nucleus="s-1.12" satellites="span-1.05" relation="elaboration"/>
		<multi-span id="span-1.05" nuclei="s-1.14 s-1.15" relation="joint"/>
		<span id="span-1.06" nucleus="s-1.16" satellites="s-1.17" relation="enablement"/>
		
		<multi-span id="span-1.07" nuclei="s-1.18 s-1.19" relation="restatement"/>
		<multi-span id="span-1.08" nuclei="span-1.01 span-1.07" relation="joint"/>
		
		<span id="span-1.09" nucleus="s-1.01" satellites="span-1.10" relation="enablement"/>
		<span id="span-1.10" nucleus="s-1.20" satellites="s-1.21 s-1.22" relation="enablement"/>
	</rst-structure>
	<rst-structure>
		<multi-span id="span-2.01" nuclei="s-2.04 s-2.05" relation="restatement"/>
		<multi-span id="span-2.02" nuclei="s-2.04 s-2.01" relation="joint"/>
	</rst-structure>
	<rst-structure root="s-3.03">
		<multi-span id="span-3.02" nuclei="s-3.01 s-3.02" relation="restatement"/>
		<span id="span-3.03" nucleus="s-3.03" satellites="span-3.04 span-3.07" relation="elaboration">
			<title xref="s-3.02"/>
		</span>
		<multi-span id="span-3.04" nuclei="span-3.05 s-3.06 span-3.06 s-3.09 s-3.10" relation="sequence"/>
		<span id="span-3.05" nucleus="s-3.04" satellites="s-3.05" relation="elaboration"/>
		<span id="span-3.06" nucleus="s-3.07" satellites="s-3.08" relation="elaboration"/>
		
		<multi-span id="span-3.07" nuclei="s-3.11 span-3.08" relation="joint"/>
		<span id="span-3.08" nucleus="s-3.12" satellites="s-3.13" relation="elaboration"/>
		
		<span id="span-3.09" nucleus="s-3.03" satellites="span-3.12" relation="enablement"/>
		<span id="span-3.12" nucleus="s-3.14" satellites="s-3.15 s-3.16" relation="elaboration"/>
		<span id="span-3.14" nucleus="s-3.14" satellites="s-3.17" relation="enablement"/>
	</rst-structure>
	<rst-structure>
		<multi-span id="span-3.15" nuclei="s-3.18 s-3.19" relation="restatement"/>
		<span id="span-3.16" nucleus="s-3.20" satellites="span-3.17 span-3.20 span-3.21" relation="elaboration">
			<title xref="s-3.19"/>
		</span>
		<span id="span-3.17" nucleus="s-3.21" satellites="span-3.18" relation="elaboration"/>
		<span id="span-3.18" nucleus="s-3.22" satellites="span-3.19" relation="elaboration"/>
		<multi-span id="span-3.19" nuclei="s-3.23 s-3.24 s-3.25 s-3.26" relation="list"/>
		
		<span id="span-3.20" nucleus="s-3.27" satellites="s-3.28 s-3.29" relation="elaboration"/>
		
		<span id="span-3.21" nucleus="s-3.30" satellites="s-3.31" relation="elaboration"/>
		
		<span id="span-3.22" nucleus="s-3.20" satellites="s-3.32" relation="enablement"/>
	</rst-structure>
	<rst-structure>
		<multi-span id="span-4.01" nuclei="s-4.01 s-4.02" relation="restatement"/>
		<multi-span id="span-4.02" nuclei="s-4.01 s-4.03" relation="joint"/>
	</rst-structure>
	<rst-structure>
		<multi-span id="span-5.01" nuclei="s-5.01 s-5.02" relation="restatement"/>
		<span id="span-5.02" nucleus="s-5.03" satellites="s-5.04 span-5.03 span-5.05" relation="elaboration">
			<title xref="s-5.01"/>
		</span>
		<span id="span-5.03" nucleus="s-5.05" satellites="span-5.04" relation="elaboration"/>
		<span id="span-5.04" nucleus="s-5.06" satellites="s-5.07" relation="elaboration"/>
		
		<multi-span id="span-5.05" nuclei="s-5.08 s-5.09" relation="joint"/>
		
		<span id="span-5.06" nucleus="s-5.03" satellites="span-5.07" relation="enablement"/>
		<span id="span-5.07" nucleus="s-5.10" satellites="span-5.08" relation="elaboration"/>
		<multi-span id="span-5.08" nuclei="s-5.11 s-5.12 s-5.13" relation="joint"/>
		
		<multi-span id="span-5.09" nuclei="s-5.01 s-5.15" relation="joint"/>		
	</rst-structure>
	<rst-structure>
		<multi-span id="span-6.01" nuclei="s-6.01 s-6.02 s-6.03" relation="restatement"/>
		<span id="span-6.02" nucleus="s-6.04" satellites="span-6.03 span-6.05" relation="elaboration">
			<title xref="s-6.01"/>
		</span>
		<span id="span-6.03" nucleus="s-6.05" satellites="span-6.04" relation="elaboration"/>
		<multi-span id="span-6.04" nuclei="s-6.06 s-6.07 s-6.08" relation="joint"/>

		<span id="span-6.05" nucleus="s-6.09" satellites="span-6.06" relation="evidence"/>
		<multi-span id="span-6.06" nuclei="s-6.10 s-6.11 s-6.12" relation="joint"/>
		
		<span id="span-6.07" nucleus="s-6.04" satellites="span-6.08" relation="enablement"/>
		<span id="span-6.08" nucleus="s-6.13" satellites="s-6.14 s-6.15" relation="enablement"/>

		<multi-span id="span-6." nuclei="s-6.01 s-6.16" relation="joint"/>
	</rst-structure>
</gemRst>
