<?xml version="1.0" encoding="UTF-8"?>

<gemBase>
 <unit id="u-1.01">meet the sea</unit>
 <unit id="u-1.02" alt="Map: Helsinki's Four Tourist Islands"/>
 <unit id="u-1.02.8">Pihlajasaari</unit>
 <unit id="u-1.03">Boat Tours</unit>
 <unit id="u-1.04">In the summer months there are daily motor-boat trips around Helsinki.</unit>
 <unit id="u-1.05">Departures are from the Market Square, Pohjoisranta (North Harbour, the end of Aleksanterinkatu), and Hakaniemi Square.</unit>
 <unit id="u-1.06">On some tours it is possible to get off at Suomenlinna or Korkeasaari.</unit>
 <unit id="u-1.07">Taxi boats can also be hired.</unit>
 <unit id="u-1.08">Fishing in the Helsinki Area</unit>
 <unit id="u-1.09">Two permits are needed for fishing in Helsinki: <unit id="u-1.09.1">a general permit</unit>, available in any post office, and a <unit id="u-1.09.2">local permit</unit>, issued by the City Sports Department (Urheilu- ja ulkoiluvirasto), Toinen linja 4 A, phone 716 011.</unit>
 <unit id="u-1.18">Helsinki City Tourist Office</unit>
 <unit id="u-1.19">Pohjoisesplanadi 19, 00100 Helsinki 10, Finland</unit>
 <unit id="u-1.20">Phone 1623 217 and 174 008. Cables: citytourist</unit>
 <unit id="u-1.21">Yhteiskirjapaino Oy</unit>
 <unit id="u-1.22" alt="Illustration: Four Tourist Islands"/>
 <unit id="u-1.23">Helsinki's four tourist islands</unit>
 <unit id="u-2.01" alt="Map: Suomenlinna"/>
 <unit id="u-2.17">Suomenlinna</unit>
 <unit id="u-2.18" alt="Illustration: Suomenlinna"/>
 <unit id="u-3.01" alt="Illustration: Boat"/>
 <unit id="u-3.02">Suomenlinna</unit>
 <unit id="u-3.03">Suomenlinna is a group of five rocky islands to the south of the city centre.</unit>
 <unit id="u-3.04">In 1748, when Finland was a part of Sweden, construction of the fortress of Sveaborg, which was to be the main Finnish defence base, began.</unit>
 <unit id="u-3.05">The work was planned and directed by Marshal Augustin Ehrensvärd.</unit>
 <unit id="u-3.06">In the war of 1808 the fortress capitulated to the Russians.</unit>
 <unit id="u-3.07">An Anglo-French fleet bombarded the fortress during the Crimean War in 1855, but did not take it.</unit>
 <unit id="u-3.08">At that time the fortress was often called the Gibraltar of the North.</unit>
 <unit id="u-3.09">In 1918, after Finland became independent, the fortress was given its present Finnish name Suomenlinna (Finland's Fortress).</unit>
 <unit id="u-3.10"><unit id="u-3.10.1">The main sections of the fortification,</unit><unit id="u-3.10.2">Susisaari (Wolf Island) and Kustaanmiekka (Gustav's Sword) are nowadays national monuments: with their forts and casemates, parks and walls, they form an historical entity that is unique in Finland.</unit></unit>
 <unit id="u-3.11">There is also a beach on Suomenlinna.</unit>
 <unit id="u-3.12">The Walhalla Restaurant is in the Delwig bastion near the Royal Gate.</unit>
 <unit id="u-3.13">Walhalla and the Piper Café are open only during the summer.</unit>
 <unit id="u-3.14">There is a ferry from the Market Square to Suomenlinna every hour.</unit>
 <unit id="u-3.15">In summer there are also additional connections by motor-boat.</unit>
 <unit id="u-3.16">The trip takes about 15 minutes.</unit>
 <unit id="u-3.17">For inquiries and guide reservations phone 668 131.</unit>
 <unit id="u-3.18" alt="Illustration: Sun"/>
 <unit id="u-3.19">Seurasaari</unit>
 <unit id="u-3.20">The island of Seurasaari is a national park and an open-air museum a little to the west of the centre of Helsinki, reached by a footbridge from Meilahti.</unit>
 <unit id="u-3.21">The museum, which is a part of the National Museum, was established in 1909.</unit>
 <unit id="u-3.22">Eight fully furnished farmhouses from different parts of Finland have been brought here and re-erected.</unit>
 <unit id="u-3.23">Two of them are complete with outbuildings.</unit>
 <unit id="u-3.24">The museum also contains a wooden church from the 17th century, where services are held on summer Sundays, and an 18th century manor house with antique furniture, both from South-West Finland.</unit>
 <unit id="u-3.25"><unit id="u-3.25.1">There is also a "savusauna" (smoke sauna), a workshop, mills, barns of various kinds, church boats,</unit><unit id="u-2.35.2">swings, and a village store.</unit></unit>
 <unit id="u-3.26">In the near future a vicarage and a wind-mill will be completed.</unit>
 <unit id="u-3.27">During the summer months there are outdoor performances on Seurasaari, such as folk-dancing and folk-concerts.</unit>
 <unit id="u-3.28">The traditional Midsummer Festival is very popular.</unit>
 <unit id="u-3.29">The activities on Seurasaari are organized by the Seurasaari Foundation.</unit>
 <unit id="u-3.30">Seurasaari also has a restaurant and beaches.</unit>
 <unit id="u-3.31">There is an information kiosk and a museum shop in the open-air museum.</unit>
 <unit id="u-3.32">City bus No. 24 from Erottaja.</unit>
 <unit id="u-4.01"><unit id="u-4.01.1">Seura-</unit><unit id="u-4.01.2">saari</unit></unit>
 <unit id="u-4.02" alt="Illustration: Traditional dress"/>
 <unit id="u-4.03" alt="Map: Seurasaari"/>
 <unit id="u-5.01">Korkeasaari</unit>
 <unit id="u-5.02" alt="Illustration: Lion, bear, fox"/>
 <unit id="u-5.03">Korkeasaari island is the home of Helsinki's zoo.</unit>
 <unit id="u-5.04">It covers about 22 hectares and is one of the most northernly zoos in the world.</unit>
 <unit id="u-5.05">Founded in 1889, the zoo today has mammals (100 species) and birds (150 species).</unit>
 <unit id="u-5.06">Among the animals there are also several rarities, such as Siberian tigers, snow leopards, cheetahs, Saiga antelopes, musk oxen and rocky mountain goats.</unit>
 <unit id="u-5.07">The zoo also boasts a large collection of Alpine ibex and a twilight house, which as mostly small Finnish mammals.</unit>
 <unit id="u-5.08"><unit id="u-5.08.1">There is a first-class restaurant, a</unit><unit id="u-5.08.2">self-service restaurant and a couple of small cafés on Korkeasaari.</unit></unit>
 <unit id="u-5.09">For the benefit of little visitors there are pony rides.</unit>
 <unit id="u-5.10">You can get to Korkeasaari either by ferry or motor-boat from the North Harbour at the end of Aleksanterinkatu or by motor-boat from Hakaniemi Square.</unit>
 <unit id="u-5.11">The boats are in operation from the beginning of May to the end of September.</unit>
 <unit id="u-5.12">The first boats leave at 10 in the morning, at 9 on Sundays.</unit>
 <unit id="u-5.13">The footbridge from Mustikkamaa island to Korkeasaari will be ready in autumn 1973.</unit>
 <unit id="u-5.15" alt="Map: Korkeasaari"/>
 <unit id="u-6.01">Pihlajasaari</unit>
 <unit id="u-6.02" alt="Illustration: Beach"/>
 <unit id="u-6.03" alt="Illustration: Fish"/>
 <unit id="u-6.04">A couple of kilometers from the mainland at Merisatama, lie the Pihlajasaaret, Rowan Islands.</unit>
 <unit id="u-6.05">These form a popular summer oasis with clear waters, sandy beaches, and smooth rocks which are excellent for swimming and basking in the sun.</unit>
 <unit id="u-6.06">The Pihlajasaari area covers about 23 hectares.</unit>
 <unit id="u-6.07">It is owned and maintained by the City.</unit>
 <unit id="u-6.08">The western and the smaller eastern island are linked by a footbridge.</unit>
 <unit id="u-6.09"><unit id="u-6.09.1">The scenery on the island is rather</unit><unit id="u-6.09.2">varied.</unit></unit>
 <unit id="u-6.10">In addition to beaches there are deciduous and coniferous woods and rocky outcrops.</unit>
 <unit id="u-6.11">The rocks in the south of the western Pihlajasaari offer a vast seascape.</unit>
 <unit id="u-6.12">The beach on the western island has a kiosk, a café and bathing huts.</unit>
 <unit id="u-6.13">In summer motor-boats ply between the mainland and Pihlajasaari at hourly intervals (and oftener if necessary).</unit>
 <unit id="u-6.14">Departures from Merisatama, the end of Laivurinkatu.</unit>
 <unit id="u-6.15">The boat trip takes 10-15 minutes.</unit>
 <unit id="u-6.16" alt="Map: Pihlajasaari"/>
 </gemBase>
