<?xml version="1.0" encoding="UTF-8"?>

<gemLayout>
	<segmentation>
		<layout-unit id="lay-1.01" xref="u-1.01">meet the sea</layout-unit>
		<layout-unit id="lay-1.02" xref="u-1.02" alt="Map"/>
		<layout-unit id="lay-1.03" xref="u-1.03 u-1.04 u-1.05 u-1.06 u-1.07">
			<layout-unit id="lay-1.03.1" xref="u-1.03">Boat Tours</layout-unit>
			<layout-unit id="lay-1.03.2" xref="u-1.04 u-1.05 u-1.06 u-1.07"/>
		</layout-unit>
		<layout-unit id="lay-1.04" xref="u-1.08 u-1.09">
			<layout-unit id="lay-1.04.1" xref="u-1.08">Fishing in the Helsinki Area</layout-unit>
			<layout-unit id="lay-1.04.2" xref="u-1.09">
			<layout-unit id="lay-1.04.3" xref="u-1.09.1"/>
			<layout-unit id="lay-1.04.4" xref="u-1.09.2"/>
			</layout-unit>
		</layout-unit>
		<layout-unit id="lay-1.13" xref="u-1.18 u-1.19 u-1.20">
			<layout-unit id="lay-1.13.1" xref="u-1.18"/>
			<layout-unit id="lay-1.13.2" xref="u-1.19 u-1.20"/>
		</layout-unit>
		<layout-unit id="lay-1.14" xref="u-1.21"/>
		<layout-unit id="lay-1.15" xref="u-1.22" alt="Illustration: Cover"/>
		<layout-unit id="lay-1.16" xref="u-1.23">Helsinki's four tourist islands</layout-unit>
		
		<layout-unit id="lay-2.01" xref="u-2.01"/>
		<layout-unit id="lay-2.17" xref="u-2.17"/>
		<layout-unit id="lay-2.18" xref="u-2.18"/>
		
		<layout-unit id="lay-3.01" xref="u-3.01"/>
		<layout-unit id="lay-3.02" xref="u-3.02"/>
		<layout-unit id="lay-3.03" xref="u-3.03 u-3.04 u-3.05 u-3.06 u-3.07 u-3.08 u-3.09 u-3.10.1"/>
		<layout-unit id="lay-3.04" xref="u-3.10.1 u-3.11 u-3.12 u-3.13 u-3.14 u-3.15 u-3.16 u-3.17"/>
		<layout-unit id="lay-3.05" xref="u-3.18"/>
		<layout-unit id="lay-3.06" xref="u-3.19"/>
		<layout-unit id="lay-3.07" xref="u-3.20 u-3.21 u-3.22 u-3.23 u-3.24 u-3.25.1"/>
		<layout-unit id="lay-3.08" xref="u-3.26 u-3.27 u-3.28 u-3.29 u-3.30 u-3.31 u-3.32"/>
		
		<layout-unit id="lay-4.01" xref="u-4.01">
			<layout-unit id="lay-4.01.1" xref="u-4.01.1">Seura-</layout-unit>
			<layout-unit id="lay-4.01.2" xref="u-4.01.2">saari</layout-unit>
		</layout-unit>
		<layout-unit id="lay-4.02" xref="u-4.02" alt="Illustration: Traditional dress"/>
		<layout-unit id="lay-4.03" xref="u-4.03" alt="Map"/>
		
		<layout-unit id="lay-5.01" xref="u-5.01">Korkeasaari</layout-unit>
		<layout-unit id="lay-5.02" xref="u-5.02" alt="Illustration: Animals"/>
		<layout-unit id="lay-5.03" xref="u-5.03 u-5.04 u-5.05 u-5.06 u-5.07 u-5.08.1"/>
		<layout-unit id="lay-5.04" xref="u-5.08.2 u-5.09 u-5.10 u-5.11 u-5.12 u-5.13"/>
		<layout-unit id="lay-5.06" xref="u-5.15" alt="Map"/>
		
		<layout-unit id="lay-6.01" xref="u-6.01">Pihlajasaari</layout-unit>
		<layout-unit id="lay-6.02" xref="u-6.02" alt="Illustration: Beach"/>
		<layout-unit id="lay-6.03" xref="u-6.03" alt="Illustration: Fish"/>
		<layout-unit id="lay-6.04" xref="u-6.04 u-6.05 u-6.06 u-6.07 u-6.08 u-6.09.1"/>
		<layout-unit id="lay-6.05" xref="u-6.09.2 u-6.10 u-6.11 u-6.12 u-6.13 u-6.14 u-6.15"/>
		<layout-unit id="lay-6.06" xref="u-6.16" alt="Map"/>
	</segmentation>
	<layout-structure>
		
		<layout-root id="hft-1976-l-cover" orientation="landscape">
			<layout-chunk id="back-cover" location="multi" area-ref="cover-a-back">
				<layout-leaf xref="lay-1.02" location="multi" area-ref="cover-a-back"/>
				<layout-leaf xref="lay-1.14" location="cell-33" area-ref="cover-a-back" valign="right" halign="bottom"/>
				<layout-chunk id="back-cover-description" location="multi" area-ref="cover-a-back">
					<layout-leaf xref="lay-1.01" location="cell-21" area-ref="cover-a-back" halign="bottom" valign="left"/>
					<layout-chunk id="back-cover-description-entry-1" location="cell-33" area-ref="cover-a-back">
						<layout-leaf xref="lay-1.03.1" location="cell-33" area-ref="cover-a-back"/>
						<layout-leaf xref="lay-1.03.2" location="cell-33" area-ref="cover-a-back" vindent="5mm"/>
					</layout-chunk>
					<layout-chunk id="back-cover-description-entry-2" location="cell-33" area-ref="cover-a-back">
						<layout-leaf xref="lay-1.04.1" location="cell-33" area-ref="cover-a-back" vindent="3mm"/>
						<layout-leaf xref="lay-1.04.2" location="cell-33" area-ref="cover-a-back" vindent="5mm"/>						
					</layout-chunk>
				</layout-chunk>
				<layout-chunk id="back-cover-contact-details" location="cell-23" area-ref="cover-a-back">
					<layout-leaf xref="lay-1.13.1" location="cell-23" area-ref="cover-a-back" valign="left" halign="bottom"/>
					<layout-leaf xref="lay-1.13.2" location="cell-23" area-ref="cover-a-back" valign="left" halign="bottom" vindent="2mm"/>
				</layout-chunk>
			</layout-chunk>
			<layout-chunk id="front-cover" location="multi" area-ref="cover-a-front">
				<layout-leaf xref="lay-1.15" location="cell-22" area-ref="cover-a-front" halign="top" valign="right"/>
				<layout-leaf xref="lay-1.16" location="multi" area-ref="cover-a-front"/>
			</layout-chunk>
		</layout-root>
		
		<layout-root id="hft-1976-l-pages-1-2" orientation="portrait">
			<layout-leaf xref="lay-2.01" location="col-1" area-ref="hft-1976-a-pages-1-2"/>
			<layout-leaf xref="lay-2.17" location="col-2" area-ref="hft-1976-a-pages-1-2" valign="left"/>
			<layout-leaf xref="lay-2.18" location="col-3" area-ref="hft-1976-a-pages-1-2" valign="right" hindent="10mm"/>
		</layout-root>
		
		<layout-root id="hft-1976-l-pages-3-4" orientation="landscape">
			<layout-chunk id="page-3" location="multi" area-ref="hft-1976-a-pages-3-4">
				<layout-leaf xref="lay-3.01" location="cell-21" area-ref="hft-1976-a-pages-3-4" valign="center"/>
				<layout-chunk id="page-3-description" location="multi" area-ref="hft-1976-a-pages-3-4">
					<layout-leaf xref="lay-3.02" location="cell-22" area-ref="hft-1976-a-pages-3-4" valign="left"/>
					<layout-leaf xref="lay-3.03" location="col-1" area-ref="page-a-3"/>
					<layout-leaf xref="lay-3.04" location="col-3" area-ref="page-a-3"/>
				</layout-chunk>
			</layout-chunk>
			<layout-chunk id="page-4" location="multi" area-ref="hft-1976-a-pages-3-4">
				<layout-leaf xref="lay-3.05" location="cell-41" area-ref="hft-1976-a-pages-3-4" valign="left"/>
				<layout-chunk id="page-4-description" location="multi" area-ref="hft-1976-a-pages-3-4">
					<layout-leaf xref="lay-3.06" location="cell-42" area-ref="hft-1976-a-pages-3-4" valign="right" hindent="21mm"/>
					<layout-leaf xref="lay-3.07" location="col-1" area-ref="page-a-4"/>
					<layout-leaf xref="lay-3.08" location="col-3" area-ref="page-a-4"/>					
				</layout-chunk>
			</layout-chunk>
		</layout-root>

		<layout-root id="hft-1976-l-pages-5-6" orientation="portrait">
			<layout-chunk id="page-5-title" location="col-2" area-ref="page-a-5">
				<layout-leaf xref="lay-4.01.1" location="col-2" area-ref="page-a-5" valign="right" halign="top"/>
				<layout-leaf xref="lay-4.01.2" location="col-2" area-ref="page-a-5" valign="right" halign="top"/>
			</layout-chunk>
			<layout-leaf xref="lay-4.02" location="col-3" area-ref="page-a-5" valign="left"/>
			<layout-leaf xref="lay-4.03" location="row-2" area-ref="hft-1976-a-pages-5-6" halign="top" valign="center"/>
		</layout-root>

		<layout-root id="hft-1976-l-pages-7-8" orientation="landscape">
			<layout-chunk id="page-7" location="multi" area-ref="hft-1976-a-pages-7-8">
				<layout-leaf xref="lay-5.01" location="cell-22" area-ref="hft-1976-a-pages-7-8" valign="left" halign="top"/>
				<layout-leaf xref="lay-5.02" location="cell-22" area-ref="hft-1976-a-pages-7-8" valign="center" halign="center"/>
				<layout-chunk id="page-7-description" location="multi" area-ref="page-a-7">
					<layout-leaf xref="lay-5.03" location="col-1" area-ref="page-a-7"/>
					<layout-leaf xref="lay-5.04" location="col-3" area-ref="page-a-7"/>
				</layout-chunk>
			</layout-chunk>
			<layout-leaf xref="lay-5.06" location="cell-42" area-ref="hft-1976-a-pages-7-8" valign="center" halign="center"/>
		</layout-root>

		<layout-root id="hft-1976-l-pages-9-10" orientation="landscape">
			<layout-chunk id="page-9" location="multi" area-ref="hft-1976-a-pages-9-10">
				<layout-leaf xref="lay-6.01" location="cell-22" area-ref="hft-1976-a-pages-9-10" valign="left" halign="top"/>
				<layout-leaf xref="lay-6.02" location="cell-22" area-ref="hft-1976-a-pages-9-10" valign="left" halign="bottom" hindent="10mm" vindent="10mm"/>
				<layout-leaf xref="lay-6.03" location="cell-22" area-ref="hft-1976-a-pages-9-10" valign="right" halign="top"/>
				<layout-chunk id="page-9-description" location="multi" area-ref="page-a-9">
					<layout-leaf xref="lay-6.04" location="col-1" area-ref="page-a-9"/>
					<layout-leaf xref="lay-6.05" location="col-3" area-ref="page-a-9"/>
				</layout-chunk>		
			</layout-chunk>
			<layout-leaf xref="lay-6.06" location="cell-42" area-ref="hft-1976-a-pages-9-10" valign="center" halign="center"/>
		</layout-root>
		
	</layout-structure>
	
	<area-model>
		<area-root id="hft-1976-a-cover" cols="2" rows="1" hspacing="50 50" vspacing="100" width="394mm" height="198mm">
			<sub-area id="cover-a-back" location="col-1" width="198mm" height="198mm" cols="4" rows="3" hspacing="2 35 60 3" vspacing="7 3 90"/>
			<sub-area id="cover-a-front" location="col-2" width="198mm" height="198mm" cols="3" rows="2" hspacing="57 40 3" vspacing="3 97"/>
		</area-root>
		<area-root id="hft-1976-a-pages-1-2" cols="1" rows="3" hspacing="100" vspacing="74 5 21" height="198mm" width="394mm"/>
		
		<area-root id="hft-1976-a-pages-3-4" cols="5" rows="3" hspacing="33 6 61" vspacing="3 45 4 45 3" height="198mm" width="394mm">
			<sub-area id="page-a-3" location="cell-23" cols="3" rows="1" hspacing="48 4 48" vspacing="100" height="121mm" width="181mm"/>
			<sub-area id="page-a-4" location="cell-43" cols="3" rows="1" hspacing="48 4 48" vspacing="100" height="121mm" width="181mm"/>
		</area-root>
		
		<area-root id="hft-1976-a-pages-5-6" cols="1" rows="2" hspacing="100" vspacing="25 75" height="198mm" width="394mm">
			<sub-area id="page-a-5" location="row-1" cols="3" rows="1" hspacing="3 28 69" vspacing="100" height="98mm" width="198mm"/>
		</area-root>
		
		<area-root id="hft-1976-a-pages-7-8" cols="5" rows="3" hspacing="3 45 4 45 3" vspacing="3 93 4" height="198mm" width="394mm">
			<sub-area id="page-a-7" location="cell-23" rows="1" cols="3" hspacing="48 4 48" vspacing="100" width="181mm" height="89mm"/>
		</area-root>
		
		<area-root id="hft-1976-a-pages-9-10" cols="5" rows="3" hspacing="3 45 4 45 3" vspacing="3 93 4" width="394mm" height="198mm">
			<sub-area id="page-a-9" location="cell-23" cols="3" hspacing="48 4 48" rows="1" vspacing="100"/>
		</area-root>
		
	</area-model>
	
	<realization>
		<text xref="lay-1.01" font-family="serif" font-size="17" font-style="normal" font-weight="extra-bold" case="mixed" color="black"/>
		<graphics xref="lay-1.02" type="map" colors="mixed" width="198mm" height="198mm"/>
		<graphics xref="lay-1.15" type="illustration" colors="mixed" width="198mm" height="198mm"/>
		<text xref="lay-1.03.1 lay-1.04.1 lay-1.13.1" font-family="serif" font-size="6" font-style="normal" font-weight="extra-bold" case="mixed" color="black"/>
		<text xref="lay-1.03.2 lay-1.04.2 lay-1.13.2 lay-1.14" font-family="serif" font-size="4" font-style="normal" font-weight="normal" case="mixed" color="black"/>	
		<text xref="lay-1.16" font-family="other" font-size="23" font-style="normal" font-weight="normal" case="mixed" color="black"/>
		<hi-text xref="lay-1.04.3" context="lay-1.04.2" font-family="serif" font-size="4" font-style="italic" font-weight="normal" case="mixed" color="black"/>
		<hi-text xref="lay-1.04.4" context="lay-1.04.2" font-family="serif" font-size="4" font-style="italic" font-weight="normal" case="mixed" color="black"/>
		
		<graphics xref="lay-2.18" type="illustration" colors="mixed" height="89mm" width="122mm"/>
		<graphics xref="lay-2.01" type="map" colors="mixed" height="270mm" width="198mm"/>
		<text xref="lay-2.17" font-family="other" font-size="34" font-style="normal" font-weight="normal" case="mixed" color="black"/>
		
		<graphics xref="lay-3.01" type="illustration" colors="mixed" width="116mm" height="65mm"/>
		<graphics xref="lay-3.05" type="illustration" colors="mixed" width="84mm" height="74mm"/>
		<text xref="lay-3.02 lay-3.06" font-family="other" font-size="23" font-style="normal" font-weight="normal" case="mixed" color="black"/>
		<text xref="lay-3.03 lay-3.04 lay-3.07 lay-3.08" font-family="serif" font-size="8" font-style="normal" font-weight="normal" case="mixed" color="black"/>
	
		<graphics xref="lay-4.02" type="illustration" colors="mixed" width="99mm" height="90mm"/>
		<graphics xref="lay-4.03" type="map" colors="mixed" width="188mm" height="268mm"/>
		<text xref="lay-4.01.1 lay-4.01.2" font-family="other" font-size="34" font-style="normal" font-weight="normal" case="mixed" color="color"/>
		
		<text xref="lay-5.01" font-family="other" font-size="23" font-style="normal" font-weight="normal" case="mixed" color="black"/>
		<graphics xref="lay-5.02" type="illustration" colors="mixed" width="162mm" height="90mm"/>
		<graphics xref="lay-5.06" type="map" colors="mixed" width="182mm" height="182mm"/>
		<text xref="lay-5.03 lay-5.04" font-family="serif" font-size="8" font-style="normal" font-weight="normal" case="mixed" color="black"/>
		
		<text xref="lay-6.01" font-family="other" font-size="34" font-style="normal" font-weight="normal" case="mixed" color="black"/>
		<graphics xref="lay-6.02" type="illustration" colors="mixed" width="114mm" height="70mm"/>
		<graphics xref="lay-6.03" type="illustration" colors="mixed" width="57mm" height="40mm"/>
		<graphics xref="lay-6.06" type="map" colors="mixed" width="184mm" height="168mm"/>
		<text xref="lay-6.04 lay-6.05" font-family="serif" font-size="8" font-style="normal" font-weight="normal" case="mixed" color="black"/>
	</realization>
</gemLayout>
