<?xml version="1.0" encoding="UTF-8"?>

<gemLayout>
	<segmentation>
		<layout-unit id="lay-3.01" xref="u-3.01">By motor-boat</layout-unit>
		<layout-unit id="lay-3.02" xref="u-3.02.1 u-3.02.2 u-3.02.3">
			<layout-unit id="lay-3.02.1" xref="u-3.02.1">Departure:</layout-unit>
			<layout-unit id="lay-3.02.2" xref="u-3.02.2">Market Square.</layout-unit>
			<layout-unit id="lay-3.02.3" xref="u-3.02.3">Tel. 652 088.</layout-unit>
		</layout-unit>
		<layout-unit id="lay-3.03" xref="u-3.03.1 u-3.03.2">
			<layout-unit id="lay-3.03.1" xref="u-3.03.1">Vessels:</layout-unit>
			<layout-unit id="lay-3.03.2" xref="u-3.03.2">Standard, Standard 2, Katarina, Natalia.</layout-unit>
		</layout-unit>
		<layout-unit id="lay-3.04" xref="u-3.04">Daily tours, 1.6.---31.8.</layout-unit>
		<layout-unit id="lay-3.05" xref="u-3.05 u-3.06 u-3.07">Departure at 11 a.m., duration 1 hour 45 minutes.</layout-unit>
		<layout-unit id="lay-3.06" xref="u-3.08 u-3.09 u-3.10">Departure at 12.30 and at 3 p.m., duration 2 hours.</layout-unit>
		<layout-unit id="lay-3.07" xref="u-3.11">These tours include a stop-over at Suomenlinna Island.</layout-unit>
		<layout-unit id="lay-3.08" xref="u-3.12">Tours with lunch included, 1.6.---31.8.</layout-unit>
		<layout-unit id="lay-3.09" xref="u-3.13 u-3.14 u-3.15">Monday to Friday at 11 a.m., duration 3 1/2 hours.</layout-unit>
		<layout-unit id="lay-3.10" xref="u-3.16 u-3.16-m u-3.17 ">Daily at 12.30, duration 4 1/2 hours.</layout-unit>
		<layout-unit id="lay-3.11" xref="u-3.18 u-3.19 u-3.20">Outer archipelago, 14.5.---11.9.</layout-unit>
		<layout-unit id="lay-3.12" xref="u-3.21">This tour is not escorted.</layout-unit>
		<layout-unit id="lay-3.13" xref="u-3.22">Evening cruise, 28.6.---30.7.</layout-unit>
		<layout-unit id="lay-3.14" xref="u-3.23 u-3.24">Tuesdays, Thursdays and Saturdays at 6 p.m., duration 2 1/2 hours.</layout-unit>
		<layout-unit id="lay-3.15" xref="u-3.25">Stop-over in Seurasaari Open Air Museum and at Suomenlinna Island.</layout-unit>
		<layout-unit id="lay-3.16" xref="u-3.26.1 u-3.26.2 u-3.26.3">
			<layout-unit id="lay-3.16.1" xref="u-3.26.1">Departure:</layout-unit>
			<layout-unit id="lay-3.16.2" xref="u-3.26.2">North Harbour.</layout-unit>
			<layout-unit id="lay-3.16.3" xref="u-3.26.3">Tel. 635 574.</layout-unit>
		</layout-unit>
		<layout-unit id="lay-3.17" xref="u-3.27.1 u-3.27.2">
			<layout-unit id="lay-3.17.1" xref="u-3.27.1">Vessels:</layout-unit>
			<layout-unit id="lay-3.17.2" xref="u-3.27.2">Alexandra, Pasi.</layout-unit>
		</layout-unit>
		<layout-unit id="lay-3.18" xref="u-3.28">4.6.-31.8.</layout-unit>
		<layout-unit id="lay-3.19" xref="u-3.29 u-3.30 u-3.31 u-3.32 u-3.33">Daily at 10.30 a.m.</layout-unit>
		<layout-unit id="lay-3.20" xref="u-3.34 u-3.35 u-3.36 u-3.37">Daily at 2 p.m.</layout-unit>
		<layout-unit id="lay-3.21" xref="u-3.38 u-3.39 u-3.40 u-3.41">Daily at 6 p.m.</layout-unit>
		<layout-unit id="lay-3.21-m-1" xref="u-3.41-m-1.1 u-3.41-m-1.2 u-3.41-m-1.3">
			<layout-unit id="lay-3.21-m-1.1" xref="u-3.41-m-1.1"/>
			<layout-unit id="lay-3.21-m-1.2" xref="u-3.41-m-1.2"/>
			<layout-unit id="lay-3.21-m-1.3" xref="u-3.41-m-1.3"/>
		</layout-unit>
		<layout-unit id="lay-3.21-m-2" xref="u-3.41-m-2.1 u-3.41-m-2.2">
			<layout-unit id="lay-3.21-m-2.1" xref="u-3.41-m-2.1"/>
			<layout-unit id="lay-3.21-m-2.2" xref="u-3.41-m-2.2"/>
		</layout-unit>
		<layout-unit id="lay-3.21-m-3" xref="u-3.41-m-3 u-3.41-m-4 u-3.41-m-5 u-3.41-m-6 u-3.41-m-7">25.6.---14.8.</layout-unit>
		<layout-unit id="lay-3.22" xref="u-3.42">Helsinki --- Haikko --- Porvoo</layout-unit>
		<layout-unit id="lay-3.23" xref="u-3.43 u-3.44">1.6.---31.8.</layout-unit>
		<layout-unit id="lay-3.24" xref="u-3.45.1 u-3.45.2">
			<layout-unit id="lay-3.24.1" xref="u-3.45.1">Departure:</layout-unit>
			<layout-unit id="lay-3.24.2" xref="u-3.45.2">Market Square.</layout-unit>
		</layout-unit>
		<layout-unit id="lay-3.25" xref="u-3.46">at</layout-unit>
		<layout-unit id="lay-3.26" xref="u-3.47">10 a.m.</layout-unit>
		<layout-unit id="lay-3.27" xref="u-3.48">12.45 p.m.</layout-unit>
		<layout-unit id="lay-3.28" xref="u-3.49">1 p.m.</layout-unit>
		<layout-unit id="lay-3.29" xref="u-3.50" alt="Line: Arrow down"/>
		<layout-unit id="lay-3.30" xref="u-3.51">Helsinki</layout-unit>
		<layout-unit id="lay-3.31" xref="u-3.52">Haikko</layout-unit>
		<layout-unit id="lay-3.32" xref="u-3.53">Porvoo</layout-unit>
		<layout-unit id="lay-3.33" xref="u-3.54" alt="Line: Arrow up"/>
		<layout-unit id="lay-3.34" xref="u-3.55">at</layout-unit>
		<layout-unit id="lay-3.35" xref="u-3.56">6.30 p.m.</layout-unit>
		<layout-unit id="lay-3.36" xref="u-3.57">3.30 p.m.</layout-unit>
		<layout-unit id="lay-3.37" xref="u-3.58">3 p.m.</layout-unit>
		<layout-unit id="lay-3.38" xref="u-3.59">Return ticket: adults 38 mk, children 19 mk.</layout-unit>
		<layout-unit id="lay-3.39" xref="u-3.60">One way: adults 28 mk, children 14 mk.</layout-unit>
		<layout-unit id="lay-3.40" xref="u-3.61.1 u-3.61.2">
			<layout-unit id="lay-3.40.1" xref="u-3.61.1">Additional information:</layout-unit>
			<layout-unit id="lay-3.40.2" xref="u-3.61.2">Vuoristo-yhtiöt Oy, tel. 13 881.</layout-unit>
		</layout-unit>
		<layout-unit id="lay-3.41" xref="u-3.62">TOURIST TICKET
	</layout-unit>
		<layout-unit id="lay-3.42" xref="u-3.63" alt="Line: Horizontal"/>
		<layout-unit id="lay-3.43" xref="u-3.64.1 u-3.64.2 u-3.65 u-3.66">
			<layout-unit id="lay-3.43.1" xref="u-3.64.1">Tourist tickets</layout-unit>
			<layout-unit id="lay-3.43.2" xref="u-3.64.2">are sold by the City Transport offices, conductresses of all tram-lines and the City Tourist Office.</layout-unit>
		</layout-unit>
		<layout-unit id="lay-3.44" xref="u-3.67">4</layout-unit>
		<layout-unit id="lay-3.45" xref="u-3.68">TRAVEL AGENCIES</layout-unit>
		<layout-unit id="lay-3.46" xref="u-3.69" alt="Line: Horizontal"/>
		<layout-unit id="lay-3.47" xref="u-3.70">Ageba, Kauppiaankatu 8---10, tel. 661 123.</layout-unit>
		<layout-unit id="lay-3.48" xref="u-3.71">South Harbour, Passenger Pavilion, tel. 669 193.</layout-unit>
		<layout-unit id="lay-3.49" xref="u-3.72">AL Travel Bureau, Fabianinkatu 14, tel. 650 022.</layout-unit>
		<layout-unit id="lay-3.50" xref="u-3.73">Area, Pohjoisesplanadi 2, tel 661 491.</layout-unit>
		<layout-unit id="lay-3.51" xref="u-3.74">Area City, Kaivokatu 6, tel. 661 474.</layout-unit>
		<layout-unit id="lay-3.52" xref="u-3.75">Area Orfeus, Yrjönkatu 30, tel 643 316.</layout-unit>
		<layout-unit id="lay-3.53" xref="u-3.76">Area Marski, Mannerheimintie 10, tel. 661 491.</layout-unit>
		<layout-unit id="lay-3.54" xref="u-3.78">Area Arkadia, Runeberginkatu 23, tel. 718 133.</layout-unit>
		<layout-unit id="lay-3.55" xref="u-3.79">Area Hakaniemi, Siltasaarenkatu 18, tel. 718 133.</layout-unit>
		<layout-unit id="lay-3.56" xref="u-3.80">Finland Travel Bureau, Kaivokatu 10 A, tel. 170 515.</layout-unit>
		<layout-unit id="lay-3.57" xref="u-3.81">City, Keskuskatu 1, tel. 170 515.</layout-unit>
		<layout-unit id="lay-3.58" xref="u-3.82">Espa, Pohjoisesplanadi 25, tel. 170 515.</layout-unit>
		<layout-unit id="lay-3.59" xref="u-3.83">Opastinsilta 8 E, tel. 170 515.</layout-unit>
		<layout-unit id="lay-3.60" xref="u-3.84">Railway Station, tel. 170 515.</layout-unit>
		<layout-unit id="lay-3.61" xref="u-3.85">Stockmann Department Store, tel. 170 515.</layout-unit>
		<layout-unit id="lay-3.62" xref="u-3.86">Finnish Travel Association, Kalevankatu 1, tel 643 026.</layout-unit>
		<layout-unit id="lay-3.63" xref="u-3.87">Suvilahdenkatu 6, tel. 738 110.</layout-unit>
		<layout-unit id="lay-3.64" xref="u-3.88">Finnsov Tours, Bulevardi 2, tel. 642 722.</layout-unit>
		<layout-unit id="lay-3.65" xref="u-3.89">Finntourist, Iso Roobertinkatu 26, tel. 650 488.</layout-unit>
		<layout-unit id="lay-3.66" xref="u-3.90">Globaltravel, Yrjönkatu 8 A, tel. 171 202.</layout-unit>
		<layout-unit id="lay-3.67" xref="u-3.91">Kaleva, Rauhankatu 13, tel. 13 691.</layout-unit>
		<layout-unit id="lay-3.68" xref="u-3.92">Eteläranta 10, tel. 13 691.</layout-unit>
		<layout-unit id="lay-3.69" xref="u-3.93">Kluuvikatu 4, tel. 13 691.</layout-unit>
		<layout-unit id="lay-3.70" xref="u-3.94">Lauttasaarentie 28, tel. 13 691.</layout-unit>
		<layout-unit id="lay-3.71" xref="u-3.95">Mannerheimintie 5, tel. 13 691.</layout-unit>
		<layout-unit id="lay-3.72" xref="u-3.96">Opastinsilta 8 B, tel. 13 691.</layout-unit>
		<layout-unit id="lay-3.73" xref="u-3.97">LL Tourist Service, Uudenmaankatu 40, tel. 175 322.</layout-unit>
		<layout-unit id="lay-3.74" xref="u-3.98">Lomamatka, Simonkatu 8, tel. 649 311.</layout-unit>
		<layout-unit id="lay-3.75" xref="u-3.99">Matkarengas, Paasivuorenkatu 5, tel. 716 922.</layout-unit>
		<layout-unit id="lay-3.76" xref="u-3.100">Hakaniementori 1, tel. 716 922.</layout-unit>
		<layout-unit id="lay-3.77" xref="u-3.101">Travek, Eteläranta 16, tel. 171 900.</layout-unit>
		<layout-unit id="lay-3.78" xref="u-3.102">AIR TRAFFIC</layout-unit>
		<layout-unit id="lay-3.79" xref="u-3.103" alt="Line: Horizontal"/>
		<layout-unit id="lay-3.80" xref="u-3.104">Finnair, Air Terminal, Töölönkatu 21, tel. 410 411.</layout-unit>
		<layout-unit id="lay-3.81" xref="u-3.105">Head Office, Mannerheimintie 102, tel. 410 411.</layout-unit>
		<layout-unit id="lay-3.82" xref="u-3.106">Aleksanterinkatu 17, tel. 410 411.</layout-unit>
		<layout-unit id="lay-3.83" xref="u-3.107">Aeroflot, Mannerheimintie 5, tel. 659 655.</layout-unit>
		<layout-unit id="lay-3.84" xref="u-3.108">Air France, Pohjoisesplanadi 27 C, tel. 625 862.</layout-unit>
		<layout-unit id="lay-3.85" xref="u-3.109">Austrian Airlines, Yrjönkatu 9, tel. 643 001.</layout-unit>
		<layout-unit id="lay-3.86" xref="u-3.110">BEA British Europen Airways, Keskuskatu 5, tel. 657 986 and 650 677 (booking).</layout-unit>
		<layout-unit id="lay-3.87" xref="u-3.111">CSA Czechoslovak Airlines, Eerikinkatu 14, tel. 647 786.</layout-unit>
		<layout-unit id="lay-3.88" xref="u-3.112">Interflug, Yrjönkatu 31, tel. 603 561.</layout-unit>
		<layout-unit id="lay-3.89" xref="u-3.113">Kar-Air, Lönnrotinkatu 3, tel. 644 416.</layout-unit>
		<layout-unit id="lay-3.90" xref="u-3.114">Loftleidir, Töölöntorinkatu 5, tel. 444 033.</layout-unit>
		<layout-unit id="lay-3.91" xref="u-3.115">LOT Polish Airlines, Erottajankatu 19, tel. 640 613.</layout-unit>
		<layout-unit id="lay-3.92" xref="u-3.116">Lufthansa, Keskuskatu 5, tel. 175 133.</layout-unit>
		<layout-unit id="lay-3.93" xref="u-3.117">Malev, Frederikinkatu 43, tel. 601 220.</layout-unit>
		<layout-unit id="lay-3.94" xref="u-3.118">PAN AM Pan American World Airways, Mannerheimintie 40, tel. 496 500.</layout-unit>
		<layout-unit id="lay-3.95" xref="u-3.119">SAS Scandinavian Airlines System, Pohjoisesplanadi 27, tel. 13 443 and 175 611 (booking).</layout-unit>
		<layout-unit id="lay-3.96" xref="u-3.120">Swissair, Eteläesplanadi 22 B, tel. 647 335.</layout-unit>
		<layout-unit id="lay-3.97" xref="u-3.121">BOAT TRAFFIC</layout-unit>
		<layout-unit id="lay-3.98" xref="u-3.122" alt="Line: Horizontal"/>
		<layout-unit id="lay-3.99" xref="u-3.123">Effoa, Eteläranta 8, tel. 1718.</layout-unit>
		<layout-unit id="lay-3.100" xref="u-3.124">Finnlines, City-Passage, tel. 649 811 and 174 744 (booking).</layout-unit>
		<layout-unit id="lay-3.101" xref="u-3.125">Finnshipping, Pohjoisesplanadi 25, tel. 661 081.</layout-unit>
		<layout-unit id="lay-3.102" xref="u-3.126">Nurminen, Snellmaninkatu 13, tel. 16 251.</layout-unit>
		<layout-unit id="lay-3.103" xref="u-3.127">Silja Line,Eteläesplanadi 14, tel. 13 133.</layout-unit>
		<layout-unit id="lay-3.104" xref="u-3.128">Vikinglinja, Mannerheimintie 14, tel. 607 088 and 607 711 (booking).</layout-unit>
		<layout-unit id="lay-3.105" xref="u-3.129">5</layout-unit>
	</segmentation>
	<realization>
		<chunk xref="hti-1977-l-pages-4-5" background-color="#EEE28E"/>
		<text xref="lay-3.41 lay-3.45 lay-3.78 lay-3.97" font-family="sans-serif" font-size="5" font-style="normal" font-weight="bold" case="caps" color="black"/><!-- Section headers -->
		<graphics xref="lay-3.42 lay-3.46 lay-3.79 lay-3.98" type="two-d-element" two-d-element-type="line" colors="black" width="77mm"/><!-- Delimiter lines -->
		<graphics xref="lay-3.29" type="two-d-element" height="7mm" two-d-element-type="arrow" direction="down" colors="black"/><!-- Arrow #1 -->
		<graphics xref="lay-3.33" type="two-d-element" height="7mm" two-d-element-type="arrow" direction="up" colors="black"/><!-- Arrow #1 -->
		<text xref="lay-3.02.2 lay-3.02.3 lay-3.03.2 lay-3.04 lay-3.05 lay-3.06 lay-3.07 lay-3.08 lay-3.09 lay-3.10 lay-3.11 lay-3.12 lay-3.13 lay-3.14 lay-3.15 lay-3.16.2 lay-3.16.3 lay-3.17.2 lay-3.18 lay-3.19 lay-3.20 lay-3.21 lay-3.21-m-1.2 lay-3.21-m-1.3 lay-3.21-m-2.2 lay-3.21-m-3 lay-3.23 lay-3.24.2 lay-3.25 lay-3.26 lay-3.27 lay-3.28 lay-3.30 lay-3.31 lay-3.32 lay-3.34 lay-3.35 lay-3.36 lay-3.37 lay-3.38 lay-3.39 lay-3.40.2 lay-3.43.2 lay-3.47 lay-3.48 lay-3.49 lay-3.50 lay-3.51 lay-3.52 lay-3.53 lay-3.54 lay-3.55 lay-3.56 lay-3.57 lay-3.58 lay-3.59 lay-3.60 lay-3.61 lay-3.62 lay-3.63 lay-3.64 lay-3.65 lay-3.66 lay-3.67 lay-3.68 lay-3.69 lay-3.70 lay-3.71 lay-3.72 lay-3.73 lay-3.74 lay-3.75 lay-3.76 lay-3.77 lay-3.79 lay-3.80 lay-3.81 lay-3.82 lay-3.83 lay-3.84 lay-3.85 lay-3.86 lay-3.87 lay-3.88 lay-3.89 lay-3.90 lay-3.91 lay-3.92 lay-3.93 lay-3.94 lay-3.95 lay-3.96 lay-3.98 lay-3.99 lay-3.100 lay-3.101 lay-3.102 lay-3.103 lay-3.104" font-family="sans-serif" font-size="3" font-style="normal" font-weight="normal" case="mixed" color="black"/><!-- Body text -->
		<text xref="lay-3.01 lay-3.02.1 lay-3.03.1 lay-3.16.1 lay-3.17.1 lay-3.21-m-1.1 lay-3.21-m-2.1 lay-3.22 lay-3.24.1 lay-3.40.1 lay-3.43.1" font-family="sans-serif" font-size="3" font-style="normal" font-weight="bold" case="mixed" color="black"/><!-- Highlights -->
		<text xref="lay-3.44 lay-3.105" font-family="sans-serif" font-size="4" font-style="normal" font-weight="normal" case="mixed" color="black"/><!-- Page numbers -->
	</realization>
	<area-model>
		<area-root id="hti-1977-a-pages-4-5" cols="3" rows="3" hspacing="6 88 6" vspacing="5 90 5" height="204mm" width="191mm">
			<sub-area id="pages-a-4-5" location="cell-22" cols="3" rows="1" hspacing="46 8 46" vspacing="100" height="184mm" width="168mm">
				<sub-area id="page-a-4" location="col-1" cols="1" rows="10" hspacing="100" vspacing="3 15 23 14 11 7 5 11 2 9" height="184mm" width="77mm">
					<sub-area id="page-a-4-b" location="row-7" cols="5" rows="1" hspacing="24 12 20 12 32" vspacing="100" width="77mm" height="10mm"/>
				</sub-area>
				<sub-area id="page-a-5" location="col-3" cols="1" rows="6" hspacing="100" vspacing="2 48 2 34 2 12" height="184mm" width="77mm"/>
			</sub-area>
		</area-root>
	</area-model>
	<layout-structure>
		<layout-root id="hti-1977-l-pages-4-5" orientation="portrait">
			<layout-chunk id="page-4" location="multi" area-ref="page-a-4">
				<layout-chunk id="page-4-section-1" location="multi" area-ref="page-a-4">
					<layout-leaf xref="lay-3.01" location="row-1" area-ref="page-a-4" halign="top" valign="left"/>
					<layout-chunk id="page-4-section-1-entry-1" location="row-2" area-ref="page-a-4" halign="top" valign="left">
						<layout-leaf xref="lay-3.02" location="row-2" area-ref="page-a-4"/>
						<layout-leaf xref="lay-3.03" location="row-2" area-ref="page-a-4"/>
						<layout-leaf xref="lay-3.04" location="row-2" area-ref="page-a-4"/>
						<layout-leaf xref="lay-3.05" location="row-2" area-ref="page-a-4"/>
						<layout-leaf xref="lay-3.06" location="row-2" area-ref="page-a-4"/>
						<layout-leaf xref="lay-3.07" location="row-2" area-ref="page-a-4"/>
					</layout-chunk>
					<layout-chunk id="page-4-section-1-entry-2" location="row-3" area-ref="page-a-4" halign="top" valign="left">
						<layout-leaf xref="lay-3.08" location="row-3" area-ref="page-a-4"/>
						<layout-leaf xref="lay-3.09" location="row-3" area-ref="page-a-4"/>
						<layout-leaf xref="lay-3.10" location="row-3" area-ref="page-a-4"/>
						<layout-leaf xref="lay-3.11" location="row-3" area-ref="page-a-4"/>
						<layout-leaf xref="lay-3.12" location="row-3" area-ref="page-a-4"/>
						<layout-leaf xref="lay-3.13" location="row-3" area-ref="page-a-4"/>
						<layout-leaf xref="lay-3.14" location="row-3" area-ref="page-a-4"/>
						<layout-leaf xref="lay-3.15" location="row-3" area-ref="page-a-4"/>
					</layout-chunk>
					<layout-chunk id="page-4-section-1-entry-3" location="row-4" area-ref="page-a-4" halign="top" valign="left">
						<layout-leaf xref="lay-3.16" location="row-4" area-ref="page-a-4"/>
						<layout-leaf xref="lay-3.17" location="row-4" area-ref="page-a-4"/>
						<layout-leaf xref="lay-3.18" location="row-4" area-ref="page-a-4"/>
						<layout-leaf xref="lay-3.19" location="row-4" area-ref="page-a-4"/>
						<layout-leaf xref="lay-3.20" location="row-4" area-ref="page-a-4"/>
						<layout-leaf xref="lay-3.21" location="row-4" area-ref="page-a-4"/>
					</layout-chunk>
					<layout-chunk id="page-4-section-1-entry-4" location="row-5" area-ref="page-a-4" halign="top" valign="left">
						<layout-leaf xref="lay-3.21-m-1" location="row-5" area-ref="page-a-4"/>
						<layout-leaf xref="lay-3.21-m-2" location="row-5" area-ref="page-a-4"/>
						<layout-leaf xref="lay-3.21-m-3" location="row-5" area-ref="page-a-4"/>
					</layout-chunk>
					<layout-chunk id="page-4-section-1-entry-5" location="row-6" area-ref="page-a-4" halign="top" valign="left">
						<layout-leaf xref="lay-3.22" location="row-6" area-ref="page-a-4"/>
						<layout-leaf xref="lay-3.23" location="row-6" area-ref="page-a-4"/>
						<layout-leaf xref="lay-3.24" location="row-6" area-ref="page-a-4"/>
						<layout-chunk id="page-4-entry-5-table" location="multi" area-ref="page-a-4-b">
							<layout-chunk id="p4e5-table-col-1" location="col-1" area-ref="page-a-4-b" halign="top" valign="left">
								<layout-leaf xref="lay-3.25" location="col-1" area-ref="page-a-4-b"/>
								<layout-leaf xref="lay-3.26" location="col-1" area-ref="page-a-4-b"/>
								<layout-leaf xref="lay-3.27" location="col-1" area-ref="page-a-4-b"/>
								<layout-leaf xref="lay-3.28" location="col-1" area-ref="page-a-4-b"/>
							</layout-chunk>
							<layout-leaf xref="lay-3.29" location="col-2" area-ref="page-a-4-b" valign="left" halign="bottom"/>
							<layout-chunk id="p4e5-table-col-3" location="col-3" area-ref="page-a-4-b" valign="left" halign="bottom">
								<layout-leaf xref="lay-3.30" location="col-3" area-ref="page-a-4-b"/>
								<layout-leaf xref="lay-3.31" location="col-3" area-ref="page-a-4-b"/>
								<layout-leaf xref="lay-3.32" location="col-3" area-ref="page-a-4-b"/>
							</layout-chunk>
							<layout-leaf xref="lay-3.33" location="col-4" area-ref="page-a-4-b" valign="left" halign="bottom"/>
							<layout-chunk id="p4e5-table-col-5" location="col-5" area-ref="page-a-4-b" valign="left" halign="top">
								<layout-leaf xref="lay-3.34" location="col-5" area-ref="page-a-4-b"/>
								<layout-leaf xref="lay-3.35" location="col-5" area-ref="page-a-4-b"/>
								<layout-leaf xref="lay-3.36" location="col-5" area-ref="page-a-4-b"/>
								<layout-leaf xref="lay-3.37" location="col-5" area-ref="page-a-4-b"/>
							</layout-chunk>
						</layout-chunk>
						<layout-leaf xref="lay-3.38" location="row-8" area-ref="page-a-4"/>
						<layout-leaf xref="lay-3.39" location="row-8" area-ref="page-a-4"/>
						<layout-leaf xref="lay-3.40" location="row-8" area-ref="page-a-4"/>
					</layout-chunk>
				</layout-chunk>
				<layout-chunk id="page-4-section-2" location="multi" area-ref="page-a-4">
					<layout-chunk id="page-4-section-2-header" location="row-9" area-ref="page-a-4">
						<layout-leaf xref="lay-3.41" location="row-9" area-ref="page-a-4" halign="top" valign="left"/>
						<layout-leaf xref="lay-3.42" delimiter-after="row-9" delimiter-before="row-10" location="delimiter" area-ref="page-a-4"/>
					</layout-chunk>
					<layout-leaf xref="lay-3.43" location="row-10" area-ref="page-a-4"/>
				</layout-chunk>
				<layout-leaf xref="lay-3.44" location="cell-22" area-ref="pages-a-4-5" valign="left" halign="top"/>
			</layout-chunk>
			<layout-chunk id="page-5" location="multi" area-ref="page-a-5">
				<layout-chunk id="page-5-section-1" location="multi" area-ref="page-a-5">
					<layout-chunk id="page-5-section-1-header" location="row-1" area-ref="page-a-5">
						<layout-leaf xref="lay-3.45" location="row-1" area-ref="page-a-5" halign="top" valign="left"/>
						<layout-leaf xref="lay-3.46" delimiter-after="row-1" delimiter-before="row-2" location="delimiter" area-ref="page-a-5"/>
					</layout-chunk>
					<layout-chunk id="page-5-list-1" location="row-2" vindent="3mm" area-ref="page-a-5">
						<layout-leaf xref="lay-3.47" location="row-3" valign="left" area-ref="page-a-5"/>
						<layout-leaf xref="lay-3.48" location="row-3" valign="left" hindent="2mm" area-ref="page-a-5"/>
						<layout-leaf xref="lay-3.49" location="row-3" valign="left" area-ref="page-a-5"/>
						<layout-leaf xref="lay-3.50" location="row-3" valign="left" area-ref="page-a-5"/>
						<layout-leaf xref="lay-3.51" location="row-3" valign="left" hindent="2mm" area-ref="page-a-5"/>
						<layout-leaf xref="lay-3.52" location="row-3" valign="left" hindent="2mm" area-ref="page-a-5"/>
						<layout-leaf xref="lay-3.53" location="row-3" valign="left" hindent="2mm" area-ref="page-a-5"/>
						<layout-leaf xref="lay-3.54" location="row-3" valign="left" hindent="2mm" area-ref="page-a-5"/>
						<layout-leaf xref="lay-3.55" location="row-3" valign="left" hindent="2mm" area-ref="page-a-5"/>
						<layout-leaf xref="lay-3.56" location="row-3" valign="left" area-ref="page-a-5"/>
						<layout-leaf xref="lay-3.57" location="row-3" valign="left" hindent="2mm" area-ref="page-a-5"/>
						<layout-leaf xref="lay-3.58" location="row-3" valign="left" hindent="2mm" area-ref="page-a-5"/>
						<layout-leaf xref="lay-3.59" location="row-3" valign="left" hindent="2mm" area-ref="page-a-5"/>
						<layout-leaf xref="lay-3.60" location="row-3" valign="left" hindent="2mm" area-ref="page-a-5"/>
						<layout-leaf xref="lay-3.61" location="row-3" valign="left" hindent="2mm" area-ref="page-a-5"/>
						<layout-leaf xref="lay-3.62" location="row-3" valign="left" hindent="2mm" area-ref="page-a-5"/>
						<layout-leaf xref="lay-3.63" location="row-3" valign="left" area-ref="page-a-5"/>
						<layout-leaf xref="lay-3.64" location="row-3" valign="left" hindent="2mm" area-ref="page-a-5"/>
						<layout-leaf xref="lay-3.65" location="row-3" valign="left" area-ref="page-a-5"/>
						<layout-leaf xref="lay-3.66" location="row-3" valign="left" area-ref="page-a-5"/>
						<layout-leaf xref="lay-3.67" location="row-3" valign="left" area-ref="page-a-5"/>
						<layout-leaf xref="lay-3.68" location="row-3" valign="left" hindent="2mm" area-ref="page-a-5"/>
						<layout-leaf xref="lay-3.69" location="row-3" valign="left" hindent="2mm" area-ref="page-a-5"/>
						<layout-leaf xref="lay-3.70" location="row-3" valign="left" hindent="2mm" area-ref="page-a-5"/>
						<layout-leaf xref="lay-3.71" location="row-3" valign="left" hindent="2mm" area-ref="page-a-5"/>
						<layout-leaf xref="lay-3.72" location="row-3" valign="left" hindent="2mm" area-ref="page-a-5"/>
						<layout-leaf xref="lay-3.73" location="row-3" valign="left" area-ref="page-a-5"/>
						<layout-leaf xref="lay-3.74" location="row-3" valign="left" area-ref="page-a-5"/>
						<layout-leaf xref="lay-3.75" location="row-3" valign="left" area-ref="page-a-5"/>
						<layout-leaf xref="lay-3.76" location="row-3" valign="left" hindent="2mm" area-ref="page-a-5"/>
						<layout-leaf xref="lay-3.77" location="row-3" valign="left" area-ref="page-a-5"/>
					</layout-chunk>
				</layout-chunk>
				<layout-chunk id="page-5-section-2" location="multi" area-ref="page-a-5">
					<layout-chunk id="page-5-section-2-header" location="row-1" area-ref="page-a-5">
						<layout-leaf xref="lay-3.78" location="row-3" area-ref="page-a-5" halign="top" valign="left"/>
						<layout-leaf xref="lay-3.79" delimiter-after="row-3" delimiter-before="row-4" location="delimiter" area-ref="page-a-5"/>
					</layout-chunk>
					<layout-chunk id="page-5-list-2" location="row-5" vindent="3mm" area-ref="page-a-5">
						<layout-leaf xref="lay-3.80" location="row-5" valign="left" area-ref="page-a-5"/>
						<layout-leaf xref="lay-3.81" location="row-5" hindent="2mm" valign="left" area-ref="page-a-5"/>
						<layout-leaf xref="lay-3.82" location="row-5" hindent="2mm" valign="left" area-ref="page-a-5"/>
						<layout-leaf xref="lay-3.83" location="row-5" valign="left" area-ref="page-a-5"/>
						<layout-leaf xref="lay-3.84" location="row-5" valign="left" area-ref="page-a-5"/>
						<layout-leaf xref="lay-3.85" location="row-5" valign="left" area-ref="page-a-5"/>
						<layout-leaf xref="lay-3.86" location="row-5" valign="left" area-ref="page-a-5"/>
						<layout-leaf xref="lay-3.87" location="row-5" valign="left" area-ref="page-a-5"/>
						<layout-leaf xref="lay-3.88" location="row-5" valign="left" area-ref="page-a-5"/>
						<layout-leaf xref="lay-3.89" location="row-5" valign="left" area-ref="page-a-5"/>
						<layout-leaf xref="lay-3.90" location="row-5" valign="left" area-ref="page-a-5"/>
						<layout-leaf xref="lay-3.91" location="row-5" valign="left" area-ref="page-a-5"/>
						<layout-leaf xref="lay-3.92" location="row-5" valign="left" area-ref="page-a-5"/>
						<layout-leaf xref="lay-3.93" location="row-5" valign="left" area-ref="page-a-5"/>
						<layout-leaf xref="lay-3.94" location="row-5" valign="left" area-ref="page-a-5"/>
						<layout-leaf xref="lay-3.95" location="row-5" valign="left" area-ref="page-a-5"/>
						<layout-leaf xref="lay-3.96" location="row-5" valign="left" area-ref="page-a-5"/>
					</layout-chunk>
				</layout-chunk>
				<layout-chunk id="page-5-section-3" location="multi" area-ref="page-a-5">
					<layout-chunk id="page-5-section-3-header" location="row-1" area-ref="page-a-5">
						<layout-leaf xref="lay-3.97" location="row-5" area-ref="page-a-5" halign="top" valign="left"/>
						<layout-leaf xref="lay-3.98" delimiter-after="row-5" delimiter-before="row-6" location="delimiter" area-ref="page-a-5"/>
					</layout-chunk>
					<layout-chunk id="page-5-list-3" location="row-6" area-ref="page-a-5" vindent="3mm">
						<layout-leaf xref="lay-3.99" location="row-6" valign="left" area-ref="page-a-5"/>
						<layout-leaf xref="lay-3.100" location="row-6" valign="left" area-ref="page-a-5"/>
						<layout-leaf xref="lay-3.101" location="row-6" valign="left" area-ref="page-a-5"/>
						<layout-leaf xref="lay-3.102" location="row-6" valign="left" area-ref="page-a-5"/>
						<layout-leaf xref="lay-3.103" location="row-6" valign="left" area-ref="page-a-5"/>
						<layout-leaf xref="lay-3.104" location="row-6" valign="left" area-ref="page-a-5"/>
					</layout-chunk>
				</layout-chunk>
				<layout-leaf xref="lay-3.105" location="cell-22" area-ref="pages-a-4-5" valign="right" halign="top"/>
			</layout-chunk>
		</layout-root>
	</layout-structure>
</gemLayout>
