<?xml version="1.0" encoding="UTF-8"?>

<gemNav>
	<pointer id="p-3.01" type="cross-reference" from="s-3.02" to="" range="phone">
		<content xref="u-3.02.3"/>
		<address xref="u-3.02.3" address-precision="start-only"/>
	</pointer>
	<pointer id="p-3.02" type="cross-reference" from="s-3.26" to="" range="phone">
		<content xref="u-3.26.3"/>
		<address xref="u-3.26.3" address-precision="start-only"/>
	</pointer>
	<pointer id="p-3.04" type="cross-reference" from="s-3.42" to="" range="phone">
		<content xref="u-3.41-m-1.3"/>
		<address xref="u-3.41-m-1.3" address-precision="start-only"/>
	</pointer>
	<pointer id="p-3.05" type="cross-reference" from="s-3.68" to="" range="phone">
		<content xref="u-3.61.2"/>
		<address xref="u-3.61.2" address-precision="start-only"/>
	</pointer>
	<pointer id="p-3.06" type="cross-reference" from="s-3.74" to="" range="phone">
		<content xref="u-3.70"/>
		<address xref="u-3.70" address-precision="start-only"/>
	</pointer>
	<pointer id="p-3.07" type="cross-reference" from="s-3.75" to="" range="phone">
		<content xref="u-3.71"/>
		<address xref="u-3.71" address-precision="start-only"/>
	</pointer>
	<pointer id="p-3.08" type="cross-reference" from="s-3.76" to="" range="phone">
		<content xref="u-3.72"/>
		<address xref="u-3.72" address-precision="start-only"/>
	</pointer>
	<pointer id="p-3.09" type="cross-reference" from="s-3.77" to="" range="phone">
		<content xref="u-3.73"/>
		<address xref="u-3.73" address-precision="start-only"/>
	</pointer>
	<pointer id="p-3.10" type="cross-reference" from="s-3.78" to="" range="phone">
		<content xref="u-3.74"/>
		<address xref="u-3.74" address-precision="start-only"/>
	</pointer>
	<pointer id="p-3.11" type="cross-reference" from="s-3.79" to="" range="phone">
		<content xref="u-3.75"/>
		<address xref="u-3.75" address-precision="start-only"/>
	</pointer>
	<pointer id="p-3.12" type="cross-reference" from="s-3.80" to="" range="phone">
		<content xref="u-3.76"/>
		<address xref="u-3.76" address-precision="start-only"/>
	</pointer>
	<pointer id="p-3.13" type="cross-reference" from="s-3.81" to="" range="phone">
		<content xref="u-3.78"/>
		<address xref="u-3.78" address-precision="start-only"/>
	</pointer>
	<pointer id="p-3.14" type="cross-reference" from="s-3.82" to="" range="phone">
		<content xref="u-3.79"/>
		<address xref="u-3.79" address-precision="start-only"/>
	</pointer>
	<pointer id="p-3.15" type="cross-reference" from="s-3.83" to="" range="phone">
		<content xref="u-3.80"/>
		<address xref="u-3.80" address-precision="start-only"/>
	</pointer>
	<pointer id="p-3.16" type="cross-reference" from="s-3.84" to="" range="phone">
		<content xref="u-3.81"/>
		<address xref="u-3.81" address-precision="start-only"/>
	</pointer>
	<pointer id="p-3.17" type="cross-reference" from="s-3.85" to="" range="phone">
		<content xref="u-3.82"/>
		<address xref="u-3.82" address-precision="start-only"/>
	</pointer>
	<pointer id="p-3.18" type="cross-reference" from="s-3.86" to="" range="phone">
		<content xref="u-3.83"/>
		<address xref="u-3.83" address-precision="start-only"/>
	</pointer>
	<pointer id="p-3.19" type="cross-reference" from="s-3.87" to="" range="phone">
		<content xref="u-3.84"/>
		<address xref="u-3.84" address-precision="start-only"/>
	</pointer>
	<pointer id="p-3.20" type="cross-reference" from="s-3.88" to="" range="phone">
		<content xref="u-3.85"/>
		<address xref="u-3.85" address-precision="start-only"/>
	</pointer>
	<pointer id="p-3.21" type="cross-reference" from="s-3.89" to="" range="phone">
		<content xref="u-3.86"/>
		<address xref="u-3.86" address-precision="start-only"/>
	</pointer>
	<pointer id="p-3.22" type="cross-reference" from="s-3.90" to="" range="phone">
		<content xref="u-3.87"/>
		<address xref="u-3.87" address-precision="start-only"/>
	</pointer>
	<pointer id="p-3.23" type="cross-reference" from="s-3.91" to="" range="phone">
		<content xref="u-3.88"/>
		<address xref="u-3.88" address-precision="start-only"/>
	</pointer>
	<pointer id="p-3.24" type="cross-reference" from="s-3.92" to="" range="phone">
		<content xref="u-3.89"/>
		<address xref="u-3.89" address-precision="start-only"/>
	</pointer>
	<pointer id="p-3.25" type="cross-reference" from="s-3.93" to="" range="phone">
		<content xref="u-3.90"/>
		<address xref="u-3.90" address-precision="start-only"/>
	</pointer>
	<pointer id="p-3.26" type="cross-reference" from="s-3.94" to="" range="phone">
		<content xref="u-3.91"/>
		<address xref="u-3.91" address-precision="start-only"/>
	</pointer>
	<pointer id="p-3.27" type="cross-reference" from="s-3.95" to="" range="phone">
		<content xref="u-3.92"/>
		<address xref="u-3.92" address-precision="start-only"/>
	</pointer>
	<pointer id="p-3.28" type="cross-reference" from="s-3.96" to="" range="phone">
		<content xref="u-3.93"/>
		<address xref="u-3.93" address-precision="start-only"/>
	</pointer>
	<pointer id="p-3.29" type="cross-reference" from="s-3.97" to="" range="phone">
		<content xref="u-3.94"/>
		<address xref="u-3.94" address-precision="start-only"/>
	</pointer>
	<pointer id="p-3.30" type="cross-reference" from="s-3.98" to="" range="phone">
		<content xref="u-3.95"/>
		<address xref="u-3.95" address-precision="start-only"/>
	</pointer>
	<pointer id="p-3.31" type="cross-reference" from="s-3.99" to="" range="phone">
		<content xref="u-3.96"/>
		<address xref="u-3.96" address-precision="start-only"/>
	</pointer>
	<pointer id="p-3.32" type="cross-reference" from="s-3.100" to="" range="phone">
		<content xref="u-3.97"/>
		<address xref="u-3.97" address-precision="start-only"/>
	</pointer>
	<pointer id="p-3.33" type="cross-reference" from="s-3.101" to="" range="phone">
		<content xref="u-3.98"/>
		<address xref="u-3.98" address-precision="start-only"/>
	</pointer>
	<pointer id="p-3.34" type="cross-reference" from="s-3.102" to="" range="phone">
		<content xref="u-3.99"/>
		<address xref="u-3.99" address-precision="start-only"/>
	</pointer>
	<pointer id="p-3.35" type="cross-reference" from="s-3.103" to="" range="phone">
		<content xref="u-3.100"/>
		<address xref="u-3.100" address-precision="start-only"/>
	</pointer>
	<pointer id="p-3.36" type="cross-reference" from="s-3.104" to="" range="phone">
		<content xref="u-3.101"/>
		<address xref="u-3.101" address-precision="start-only"/>
	</pointer>
	<pointer id="p-3.37" type="cross-reference" from="s-3.106" to="" range="phone">
		<content xref="u-3.104"/>
		<address xref="u-3.104" address-precision="start-only"/>
	</pointer>
	<pointer id="p-3.38" type="cross-reference" from="s-3.107" to="" range="phone">
		<content xref="u-3.105"/>
		<address xref="u-3.105" address-precision="start-only"/>
	</pointer>
	<pointer id="p-3.39" type="cross-reference" from="s-3.108" to="" range="phone">
		<content xref="u-3.106"/>
		<address xref="u-3.106" address-precision="start-only"/>
	</pointer>
	<pointer id="p-3.40" type="cross-reference" from="s-3.109" to="" range="phone">
		<content xref="u-3.107"/>
		<address xref="u-3.107" address-precision="start-only"/>
	</pointer>
	<pointer id="p-3.41" type="cross-reference" from="s-3.110" to="" range="phone">
		<content xref="u-3.108"/>
		<address xref="u-3.108" address-precision="start-only"/>
	</pointer>
	<pointer id="p-3.42" type="cross-reference" from="s-3.111" to="" range="phone">
		<content xref="u-3.109"/>
		<address xref="u-3.109" address-precision="start-only"/>
	</pointer>
	<pointer id="p-3.43" type="cross-reference" from="s-3.112" to="" range="phone">
		<content xref="u-3.110"/>
		<address xref="u-3.110" address-precision="start-only"/>
	</pointer>
	<pointer id="p-3.44" type="cross-reference" from="s-3.113" to="" range="phone">
		<content xref="u-3.111"/>
		<address xref="u-3.111" address-precision="start-only"/>
	</pointer>
	<pointer id="p-3.45" type="cross-reference" from="s-3.114" to="" range="phone">
		<content xref="u-3.112"/>
		<address xref="u-3.112" address-precision="start-only"/>
	</pointer>
	<pointer id="p-3.46" type="cross-reference" from="s-3.115" to="" range="phone">
		<content xref="u-3.113"/>
		<address xref="u-3.113" address-precision="start-only"/>
	</pointer>
	<pointer id="p-3.47" type="cross-reference" from="s-3.116" to="" range="phone">
		<content xref="u-3.114"/>
		<address xref="u-3.114" address-precision="start-only"/>
	</pointer>
	<pointer id="p-3.48" type="cross-reference" from="s-3.117" to="" range="phone">
		<content xref="u-3.115"/>
		<address xref="u-3.115" address-precision="start-only"/>
	</pointer>
	<pointer id="p-3.49" type="cross-reference" from="s-3.118" to="" range="phone">
		<content xref="u-3.116"/>
		<address xref="u-3.116" address-precision="start-only"/>
	</pointer>
	<pointer id="p-3.50" type="cross-reference" from="s-3.119" to="" range="phone">
		<content xref="u-3.117"/>
		<address xref="u-3.117" address-precision="start-only"/>
	</pointer>
	<pointer id="p-3.51" type="cross-reference" from="s-3.120" to="" range="phone">
		<content xref="u-3.118"/>
		<address xref="u-3.118" address-precision="start-only"/>
	</pointer>
	<pointer id="p-3.52" type="cross-reference" from="s-3.121" to="" range="phone">
		<content xref="u-3.119"/>
		<address xref="u-3.119" address-precision="start-only"/>
	</pointer>
	<pointer id="p-3.53" type="cross-reference" from="s-3.122" to="" range="phone">
		<content xref="u-3.120"/>
		<address xref="u-3.120" address-precision="start-only"/>
	</pointer>
	<pointer id="p-3.54" type="cross-reference" from="s-3.124" to="" range="phone">
		<content xref="u-3.123"/>
		<address xref="u-3.123" address-precision="start-only"/>
	</pointer>	
	<pointer id="p-3.55" type="cross-reference" from="s-3.125" to="" range="phone">
		<content xref="u-3.124"/>
		<address xref="u-3.124" address-precision="start-only"/>
	</pointer>
	<pointer id="p-3.56" type="cross-reference" from="s-3.126" to="" range="phone">
		<content xref="u-3.125"/>
		<address xref="u-3.125" address-precision="start-only"/>
	</pointer>
	<pointer id="p-3.57" type="cross-reference" from="s-3.127" to="" range="phone">
		<content xref="u-3.126"/>
		<address xref="u-3.126" address-precision="start-only"/>
	</pointer>
	<pointer id="p-3.58" type="cross-reference" from="s-3.128" to="" range="phone">
		<content xref="u-3.127"/>
		<address xref="u-3.127" address-precision="start-only"/>
	</pointer>	
	<pointer id="p-3.59" type="cross-reference" from="s-3.129" to="" range="phone">
		<content xref="u-3.128"/>
		<address xref="u-3.128" address-precision="start-only"/>
	</pointer>	
</gemNav>

