<?xml version="1.0" encoding="UTF-8"?>
<gemBase>
	<unit id="u-3.01">By motor-boat</unit>
	<unit id="u-3.02">
		<unit id="u-3.02.1">Departure:</unit>
		<unit id="u-3.02.2">Market Square.</unit>
		<unit id="u-3.02.3">Tel. 652 088.</unit>
	</unit>
	<unit id="u-3.03">
		<unit id="u-3.03.1">Vessels:</unit>
		<unit id="u-3.03.2">Standard, Standard 2, Katarina, Natalia.</unit>
	</unit>
	<unit id="u-3.04">Daily tours, 1.6.---31.8.</unit>
	<unit id="u-3.05">Departure at 11 a.m., duration 1 hour 45 minutes.</unit>
	<unit id="u-3.06">Helsinki archipelago.</unit>
	<unit id="u-3.07">Adults 18 mk.</unit>
	<unit id="u-3.08">Departure at 12.30 and at 3 p.m., duration 2 hours.</unit>
	<unit id="u-3.09">Helsinki archipelago.</unit>
	<unit id="u-3.10">Adults 18 mk.</unit>
	<unit id="u-3.11">These tours include a stop-over at Suomenlinna Island.</unit>
	<unit id="u-3.12">Tours with lunch included, 1.6.---31.8.</unit>
	<unit id="u-3.13">Monday to Friday at 11 a.m., duration 3 1/2 hours.</unit>
	<unit id="u-3.14">Adults 53 mk.</unit>
	<unit id="u-3.15">Lunch at Restaurant Kulosaaren Kasino.</unit>
	<unit id="u-3.16">Daily at 12.30, duration 4 1/2 hours.</unit>
	<unit id="u-3.16-m">Adults 45 mk.</unit>
	<unit id="u-3.17">Lunch at Seurasaari Restaurant.</unit>
	<unit id="u-3.18">Outer archipelago, 14.5.---11.9.</unit>
	<unit id="u-3.19">Saturdays and Sundays at 2 p.m., duration 2 hours.</unit>
	<unit id="u-3.20">Adults 18 mk.</unit>
	<unit id="u-3.21">This tour is not escorted.</unit>
	<unit id="u-3.22">Evening cruise, 28.6.---30.7.</unit>
	<unit id="u-3.23">Tuesdays, Thursdays and Saturdays at 6 p.m., duration 2 1/2 hours.</unit>
	<unit id="u-3.24">Adults 12 mk.</unit>
	<unit id="u-3.25">Stop-over in Seurasaari Open Air Museum and at Suomenlinna Island.</unit>
	<unit id="u-3.26">
		<unit id="u-3.26.1">Departure:</unit>
		<unit id="u-3.26.2">North Harbour.</unit>
		<unit id="u-3.26.3">Tel. 635 574.</unit>
	</unit>
	<unit id="u-3.27">
		<unit id="u-3.27.1">Vessels:</unit>
		<unit id="u-3.27.2">Alexandra, Pasi.</unit>
	</unit>
	<unit id="u-3.28">4.6.-31.8.</unit>
	<unit id="u-3.29">Daily at 10.30 a.m.</unit>
	<unit id="u-3.30">Duration 1 1/2 hours.</unit>
	<unit id="u-3.31">Helsinki archipelago.</unit>
	<unit id="u-3.32">Adults 12 mk.</unit>
	<unit id="u-3.33">It is possible to stay on Korkeasaari.</unit>
	<unit id="u-3.34">Daily at 2 p.m.</unit>
	<unit id="u-3.35">Duration 2 hours.</unit>
	<unit id="u-3.36">Eastern archipelago.</unit>
	<unit id="u-3.37">Adults 15 mk.</unit>
	<unit id="u-3.38">Daily at 6 p.m.</unit>
	<unit id="u-3.39">Duration 2 hours.</unit>
	<unit id="u-3.40">Helsinki archipelago.</unit>
	<unit id="u-3.41">Adults 15 mk.</unit>
	<unit id="u-3.41-m-1">
		<unit id="u-3.41-m-1.1">Departure:</unit>
		<unit id="u-3.41-m-1.2">Hakaniemenranta</unit>
		<unit id="u-3.41-m-1.3">Tel.6982 517.</unit>
	</unit>
	<unit id="u-3.41-m-2">
		<unit id="u-3.41-m-2.1">Vessel:</unit>
		<unit id="u-3.41-m-2.2">Tuulispää</unit>
	</unit>
	<unit id="u-3.41-m-3">25.6.---14.8.</unit>
	<unit id="u-3.41-m-4">Daily at 11 a.m. and at 2 p.m.</unit>
	<unit id="u-3.41-m-5">Duration 2 hours.</unit>
	<unit id="u-3.41-m-6">Helsinki archipelago.</unit>
	<unit id="u-3.41-m-7">Adults 15 mk.</unit>
	<unit id="u-3.42">Helsinki --- Haikko --- Porvoo</unit>
	<unit id="u-3.43">1.6.---31.8.</unit>
	<unit id="u-3.44">Wednesdays, Fridays, Saturdays and Sundays.</unit>
	<unit id="u-3.45">
		<unit id="u-3.45.1">Departure:</unit>
		<unit id="u-3.45.2">Market Square.</unit>
	</unit>
	<unit id="u-3.46">at</unit>
	<unit id="u-3.47">10 a.m.</unit>
	<unit id="u-3.48">12.45 p.m.</unit>
	<unit id="u-3.49">1 p.m.</unit>
	<unit id="u-3.50" alt="Line: Arrow down"/>
	<unit id="u-3.51">Helsinki</unit>
	<unit id="u-3.52">Haikko</unit>
	<unit id="u-3.53">Porvoo</unit>
	<unit id="u-3.54" alt="Line: Arrow up"/>
	<unit id="u-3.55">at</unit>
	<unit id="u-3.56">6.30 p.m.</unit>
	<unit id="u-3.57">3.30 p.m.</unit>
	<unit id="u-3.58">3 p.m.</unit>
	<unit id="u-3.59">Return ticket: adults 38 mk, children 19 mk.</unit>
	<unit id="u-3.60">One way: adults 28 mk, children 14 mk.</unit>
	<unit id="u-3.61">
		<unit id="u-3.61.1">Additional information:</unit>
		<unit id="u-3.61.2">Vuoristo-yhtiöt Oy, tel. 13 881.</unit>
	</unit>
	<unit id="u-3.62">TOURIST TICKET
	</unit>
	<unit id="u-3.63" alt="Line: Horizontal"/>
	<unit id="u-3.64">
		<unit id="u-3.64.1">Tourist tickets</unit>
		<unit id="u-3.64.2">are sold by the City Transport offices, conductresses of all tram-lines and the City Tourist Office.</unit>
	</unit>
	<unit id="u-3.65">The ticket entitles you to unlimited travel on all City Transport lines and is valid for 24 hours from thetime of stamping the ticket.</unit>
	<unit id="u-3.66">Price of the ticket: 10 mk.</unit>
	<unit id="u-3.67">4</unit>
	<unit id="u-3.68">TRAVEL AGENCIES</unit>
	<unit id="u-3.69" alt="Line: Horizontal"/>
	<unit id="u-3.70">Ageba, Kauppiaankatu 8---10, tel. 661 123.</unit>
	<unit id="u-3.71">South Harbour, Passenger Pavilion, tel. 669 193.</unit>
	<unit id="u-3.72">AL Travel Bureau, Fabianinkatu 14, tel. 650 022.</unit>
	<unit id="u-3.73">Area, Pohjoisesplanadi 2, tel 661 491.</unit>
	<unit id="u-3.74">Area City, Kaivokatu 6, tel. 661 474.</unit>
	<unit id="u-3.75">Area Orfeus, Yrjönkatu 30, tel 643 316.</unit>
	<unit id="u-3.76">Area Marski, Mannerheimintie 10, tel. 661 491.</unit>
	<unit id="u-3.78">Area Arkadia, Runeberginkatu 23, tel. 718 133.</unit>
	<unit id="u-3.79">Area Hakaniemi, Siltasaarenkatu 18, tel. 718 133.</unit>
	<unit id="u-3.80">Finland Travel Bureau, Kaivokatu 10 A, tel. 170 515.</unit>
	<unit id="u-3.81">City, Keskuskatu 1, tel. 170 515.</unit>
	<unit id="u-3.82">Espa, Pohjoisesplanadi 25, tel. 170 515.</unit>
	<unit id="u-3.83">Opastinsilta 8 E, tel. 170 515.</unit>
	<unit id="u-3.84">Railway Station, tel. 170 515.</unit>
	<unit id="u-3.85">Stockmann Department Store, tel. 170 515.</unit>
	<unit id="u-3.86">Finnish Travel Association, Kalevankatu 1, tel 643 026.</unit>
	<unit id="u-3.87">Suvilahdenkatu 6, tel. 738 110.</unit>
	<unit id="u-3.88">Finnsov Tours, Bulevardi 2, tel. 642 722.</unit>
	<unit id="u-3.89">Finntourist, Iso Roobertinkatu 26, tel. 650 488.</unit>
	<unit id="u-3.90">Globaltravel, Yrjönkatu 8 A, tel. 171 202.</unit>
	<unit id="u-3.91">Kaleva, Rauhankatu 13, tel. 13 691.</unit>
	<unit id="u-3.92">Eteläranta 10, tel. 13 691.</unit>
	<unit id="u-3.93">Kluuvikatu 4, tel. 13 691.</unit>
	<unit id="u-3.94">Lauttasaarentie 28, tel. 13 691.</unit>
	<unit id="u-3.95">Mannerheimintie 5, tel. 13 691.</unit>
	<unit id="u-3.96">Opastinsilta 8 B, tel. 13 691.</unit>
	<unit id="u-3.97">LL Tourist Service, Uudenmaankatu 40, tel. 175 322.</unit>
	<unit id="u-3.98">Lomamatka, Simonkatu 8, tel. 649 311.</unit>
	<unit id="u-3.99">Matkarengas, Paasivuorenkatu 5, tel. 716 922.</unit>
	<unit id="u-3.100">Hakaniementori 1, tel. 716 922.</unit>
	<unit id="u-3.101">Travek, Eteläranta 16, tel. 171 900.</unit>
	<unit id="u-3.102">AIR TRAFFIC</unit>
	<unit id="u-3.103" alt="Line: Horizontal"/>
	<unit id="u-3.104">Finnair, Air Terminal, Töölönkatu 21, tel. 410 411.</unit>
	<unit id="u-3.105">Head Office, Mannerheimintie 102, tel. 410 411.</unit>
	<unit id="u-3.106">Aleksanterinkatu 17, tel. 410 411.</unit>
	<unit id="u-3.107">Aeroflot, Mannerheimintie 5, tel. 659 655.</unit>
	<unit id="u-3.108">Air France, Pohjoisesplanadi 27 C, tel. 625 862.</unit>
	<unit id="u-3.109">Austrian Airlines, Yrjönkatu 9, tel. 643 001.</unit>
	<unit id="u-3.110">BEA British Europen Airways, Keskuskatu 5, tel. 657 986 and 650 677 (booking).</unit>
	<unit id="u-3.111">CSA Czechoslovak Airlines, Eerikinkatu 14, tel. 647 786.</unit>
	<unit id="u-3.112">Interflug, Yrjönkatu 31, tel. 603 561.</unit>
	<unit id="u-3.113">Kar-Air, Lönnrotinkatu 3, tel. 644 416.</unit>
	<unit id="u-3.114">Loftleidir, Töölöntorinkatu 5, tel. 444 033.</unit>
	<unit id="u-3.115">LOT Polish Airlines, Erottajankatu 19, tel. 640 613.</unit>
	<unit id="u-3.116">Lufthansa, Keskuskatu 5, tel. 175 133.</unit>
	<unit id="u-3.117">Malev, Frederikinkatu 43, tel. 601 220.</unit>
	<unit id="u-3.118">PAN AM Pan American World Airways, Mannerheimintie 40, tel. 496 500.</unit>
	<unit id="u-3.119">SAS Scandinavian Airlines System, Pohjoisesplanadi 27, tel. 13 443 and 175 611 (booking).</unit>
	<unit id="u-3.120">Swissair, Eteläesplanadi 22 B, tel. 647 335.</unit>
	<unit id="u-3.121">BOAT TRAFFIC</unit>
	<unit id="u-3.122" alt="Line: Horizontal"/>
	<unit id="u-3.123">Effoa, Eteläranta 8, tel. 1718.</unit>
	<unit id="u-3.124">Finnlines, City-Passage, tel. 649 811 and 174 744 (booking).</unit>
	<unit id="u-3.125">Finnshipping, Pohjoisesplanadi 25, tel. 661 081.</unit>
	<unit id="u-3.126">Nurminen, Snellmaninkatu 13, tel. 16 251.</unit>
	<unit id="u-3.127">Silja Line,Eteläesplanadi 14, tel. 13 133.</unit>
	<unit id="u-3.128">Vikinglinja, Mannerheimintie 14, tel. 607 088 and 607 711 (booking).</unit>
	<unit id="u-3.129">5</unit>
</gemBase>
