<?xml version="1.0" encoding="UTF-8"?>

<gemNav>
	<pointer id="p-1.01" type="cross-reference" from="s-1.04" to="e-2.01" range="document-internal">
		<content xref="u-1.04.2"/>
		<address xref="e-2.01" address-precision="start-end"/>
	</pointer>
	<pointer id="p-1.02" type="cross-reference" from="s-1.07" to="e-2.01" range="document-internal">
		<content xref="u-1.07.1"/>
		<address xref="e-2.01" address-precision="start-end"/>
	</pointer>	
	<pointer id="p-1.03" type="cross-reference" from="s-1.27" to="e-2.01" range="document-internal">
		<content xref="u-1.27.1"/>
		<address xref="e-2.01" address-precision="start-end"/>
	</pointer>
	<pointer id="p-1.04" type="cross-reference" from="s-1.30" to="e-2.01" range="document-internal">
		<content xref="u-1.30.2"/>
		<address xref="e-2.01" address-precision="start-end"/>
	</pointer>
	<pointer id="p-1.05" type="cross-reference" from="s-1.36" to="e-2.01" range="document-internal">
		<content xref="u-1.36.2"/>
		<address xref="e-2.01" address-precision="start-end"/>
	</pointer>	
	<pointer id="p-1.06" type="cross-reference" from="s-1.44" to="e-2.01" range="document-internal">
		<content xref="u-1.44.1"/>
		<address xref="e-2.01" address-precision="start-end"/>
	</pointer>	
	<pointer id="p-1.07" type="cross-reference" from="s-1.49" to="e-2.01" range="document-internal">
		<content xref="u-1.49.2"/>
		<address xref="e-2.01" address-precision="start-end"/>
	</pointer>
	<pointer id="p-1.08" type="cross-reference" from="s-1.53" to="e-2.01" range="document-internal">
		<content xref="u-1.53.2"/>
		<address xref="e-2.01" address-precision="start-end"/>
	</pointer>	
	<pointer id="p-1.09" type="cross-reference" from="s-1.56" to="e-2.01" range="document-internal">
		<content xref="u-1.56.2"/>
		<address xref="e-2.01" address-precision="start-end"/>
	</pointer>
	<pointer id="p-1.10" type="cross-reference" from="s-1.59" to="e-2.01" range="document-internal">
		<content xref="u-1.59.2"/>
		<address xref="e-2.01" address-precision="start-end"/>
	</pointer>
	<pointer id="p-1.11" type="cross-reference" from="s-1.63" to="e-2.01" range="document-internal">
		<content xref="u-1.63.2"/>
		<address xref="e-2.01" address-precision="start-end"/>
	</pointer>
	<pointer id="p-1.12" type="cross-reference" from="s-1.75" to="e-2.01" range="document-internal">
		<content xref="u-1.75.2"/>
		<address xref="e-2.01" address-precision="start-end"/>
	</pointer>
	<pointer id="p-1.13" type="cross-reference" from="s-1.76" to="e-2.01" range="document-internal">
		<content xref="u-1.76.1"/>
		<address xref="e-2.01" address-precision="start-end"/>
	</pointer>
	<pointer id="p-2.01" type="cross-reference" from="s-2.05" to="e-2.01" range="document-internal">
		<content xref="u-2.05.1"/>
		<address xref="e-2.01" address-precision="start-end"/>
	</pointer>
	<pointer id="p-2.02" type="cross-reference" from="s-2.12" to="e-2.01" range="document-internal">
		<content xref="u-2.12.2"/>
		<address xref="e-2.01" address-precision="start-end"/>
	</pointer>
	<pointer id="p-2.03" type="cross-reference" from="s-2.15" to="e-2.01" range="document-internal">
		<content xref="u-2.15.2"/>
		<address xref="e-2.01" address-precision="start-end"/>
	</pointer>
	<pointer id="p-2.04" type="cross-reference" from="s-2.25" to="e-2.01" range="document-internal">
		<content xref="u-2.25.1"/>
		<address xref="e-2.01" address-precision="start-end"/>
	</pointer>
	<pointer id="p-2.05" type="cross-reference" from="s-2.30" to="e-2.01" range="document-internal">
		<content xref="u-2.30.2"/>
		<address xref="e-2.01" address-precision="start-end"/>
	</pointer>
	<pointer id="p-2.06" type="cross-reference" from="s-2.32" to="e-2.01" range="document-internal">
		<content xref="u-2.32.2"/>
		<address xref="e-2.01" address-precision="start-end"/>
	</pointer>
	<pointer id="p-2.07" type="cross-reference" from="s-2.35" to="e-2.01" range="document-internal">
		<content xref="u-2.35.2"/>
		<address xref="e-2.01" address-precision="start-end"/>
	</pointer>
	<pointer id="p-2.08" type="cross-reference" from="s-2.37" to="e-2.01" range="document-internal">
		<content xref="u-2.37.2"/>
		<address xref="e-2.01" address-precision="start-end"/>
	</pointer>
	<pointer id="p-2.09" type="cross-reference" from="s-2.43" to="" range="phone">
		<content xref="u-2.44"/>
		<address xref="" address-precision="start-only"/>
	</pointer>			
	<entry id="e-2.01" xref="u-2.50" rst-span="s-2.48"/>
</gemNav>
