<?xml version="1.0" encoding="UTF-8"?>

<gemLayout>
	<segmentation>
		<layout-unit id="lay-1.01" xref="u-1.01">SCULPTURES AND MONUMENTS</layout-unit>
		<layout-unit id="lay-1.02" xref="u-1.02">IN HELSINKI</layout-unit>
		<layout-unit id="lay-1.03" xref="u-1.03" alt="Illustration: Havis Amanda and Esplanade"/>
		<layout-unit id="lay-1.04" xref="u-1.04">Publisher:</layout-unit>
		<layout-unit id="lay-1.05" xref="u-1.05 u-1.06 u-1.07 u-1.08 u-1.09">Helsinki City Tourist Office</layout-unit>
		<layout-unit id="lay-1.06" xref="u-1.10">1982</layout-unit>
		<layout-unit id="lay-2.01-m" xref="u-2.11"/>
		<layout-unit id="lay-2.01" xref="u-2.12 u-2.13 u-2.14 u-2.15">
			<layout-unit id="lay-2.01.1" xref="u-2.12 u-2.13">BUCK</layout-unit>
			<layout-unit id="lay-2.01.2" xref="u-2.14">Unknown</layout-unit>
			<layout-unit id="lay-2.01.3" xref="u-2.15">1900</layout-unit>
		</layout-unit>
		<layout-unit id="lay-2.02" xref="u-2.16 u-2.17 u-2.18 u-2.19">
			<layout-unit id="lay-2.02.1" xref="u-2.16 u-2.17">ELIAS LÖNNROT</layout-unit>
			<layout-unit id="lay-2.02.2" xref="u-2.18">Emil Wikström</layout-unit>
			<layout-unit id="lay-2.02.3" xref="u-2.19">1902</layout-unit>
		</layout-unit>
		<layout-unit id="lay-2.03" xref="u-2.20 u-2.21 u-2.22 u-2.23">
			<layout-unit id="lay-2.03.1" xref="u-2.20 u-2.21">ALEXANDER I AND THE PORVOO DIET 1809</layout-unit>
			<layout-unit id="lay-2.03.2" xref="u-2.22">Emil Wikström</layout-unit>
			<layout-unit id="lay-2.03.3" xref="u-2.23">1903</layout-unit>
		</layout-unit>
		<layout-unit id="lay-2.04" xref="u-2.24 u-2.25 u-2.26 u-2.27 u-2.28">
			<layout-unit id="lay-2.04.1" xref="u-2.24 u-2.225 u-2.226">MERMAID "HAVIS AMANDA"</layout-unit>
			<layout-unit id="lay-2.04.2" xref="u-2.27">Ville Vallgren</layout-unit>
			<layout-unit id="lay-2.04.3" xref="u-2.28">1908</layout-unit>
		</layout-unit>
		<layout-unit id="lay-2.05" xref="u-2.29 u-2.30 u-2.31 u-2.32">
			<layout-unit id="lay-2.05.1" xref="u-2.29 u-2.30">J. af LINDFORS</layout-unit>
			<layout-unit id="lay-2.05.2" xref="u-2.31">Walter Runeberg</layout-unit>
			<layout-unit id="lay-2.05.3" xref="u-2.32">1909</layout-unit>
		</layout-unit>
		<layout-unit id="lay-2.06" xref="u-2.33 u-2.34 u-2.35 u-2.36">
			<layout-unit id="lay-2.06.1" xref="u-2.33 u-2.34">AU REVOIR</layout-unit>
			<layout-unit id="lay-2.06.2" xref="u-2.35">J. Sörensen-Ringi</layout-unit>
			<layout-unit id="lay-2.06.3" xref="u-2.36">1910</layout-unit>
		</layout-unit>
		<layout-unit id="lay-2.07" xref="u-2.37 u-2.38 u-2.39 u-2.40">
			<layout-unit id="lay-2.07.1" xref="u-2.37 u-2.38">LA JOIE DE LA MATERNITE</layout-unit>
			<layout-unit id="lay-2.07.2" xref="u-2.39">J. Sörensen-Ringi</layout-unit>
			<layout-unit id="lay-2.07.3" xref="u-2.40">1911</layout-unit>
		</layout-unit>
		<layout-unit id="lay-2.08" xref="u-2.41 u-2.42 u-2.43 u-2.44 u-2.45 u-2.46">
			<layout-unit id="lay-2.08.1" xref="u-2.41 u-2.42">THREE GENIUSES</layout-unit>
			<layout-unit id="lay-2.08.2" xref="u-2.43 u-2.44">C.E. Sjöstrand</layout-unit>
			<layout-unit id="lay-2.08.3" xref="u-2.45 u-2.46">1889</layout-unit>
		</layout-unit>
		<layout-unit id="lay-2.09" xref="u-2.47 u-2.48 u-2.49 u-2.50">
			<layout-unit id="lay-2.09.1" xref="u-2.47 u-2.48">FIGHTER</layout-unit>
			<layout-unit id="lay-2.09.2" xref="u-2.49">Viktor Jansson</layout-unit>
			<layout-unit id="lay-2.09.3" xref="u-2.50">1915</layout-unit>
		</layout-unit>
		<layout-unit id="lay-2.10" xref="u-2.51 u-2.52 u-2.53 u-2.54 u-2.55">
			<layout-unit id="lay-2.10.1" xref="u-2.51 u-2.52 u-2.53">FISHING BEAR</layout-unit>
			<layout-unit id="lay-2.10.2" xref="u-2.54">Bertel Nilsson</layout-unit>
			<layout-unit id="lay-2.10.3" xref="u-2.55">1916</layout-unit>
		</layout-unit>
		<layout-unit id="lay-2.11" xref="u-2.56 u-2.57 u-2.58 u-2.59 u-2.60 u-2.61 u-2.62">
			<layout-unit id="lay-2.11.1" xref="u-2.56 u-2.57 u-2.58">BEAR</layout-unit>
			<layout-unit id="lay-2.11.2" xref="u-2.59 u-2.60">Emil Wikström</layout-unit>
			<layout-unit id="lay-2.11.3" xref="u-2.61 u-2.62">1918</layout-unit>
		</layout-unit>
		<layout-unit id="lay-2.12" xref="u-2.63 u-2.64 u-2.65 u-2.66">
			<layout-unit id="lay-2.12.1" xref="u-2.63 u-2.64">FINNISH SOLDIERS' MEMORIAL</layout-unit>
			<layout-unit id="lay-2.12.2" xref="u-2.65">Elias Ilkka and Erik Bryggman</layout-unit>
			<layout-unit id="lay-2.12.3" xref="u-2.66">1920</layout-unit>
		</layout-unit>
		<layout-unit id="lay-2.13" xref="u-2.67 u-2.68 u-2.69 u-2.70">
			<layout-unit id="lay-2.13.1" xref="u-2.67 u-2.68">GERMAN SOLDIERS' MEMORIAL</layout-unit>
			<layout-unit id="lay-2.13.2" xref="u-2.69">Gunnar Finne and J.S. Siren</layout-unit>
			<layout-unit id="lay-2.13.3" xref="u-2.70">1920</layout-unit>
		</layout-unit>
		<layout-unit id="lay-2.14" xref="u-2.71 u-2.72 u-2.73 u-2.73-m">
			<layout-unit id="lay-2.14.1" xref="u-2.71 u-2.72">MONUMENT OF THE ESTONIAN VOLUNTEERS</layout-unit>
			<layout-unit id="lay-2.14.2" xref="u-2.73">Into Saxelin and J.S. Siren</layout-unit>
			<layout-unit id="lay-2.14.3" xref="u-2.73-m">1921</layout-unit>
		</layout-unit>
		<layout-unit id="lay-2.15" xref="u-2.74 u-2.75 u-2.76 u-2.77">
			<layout-unit id="lay-2.15.1" xref="u-2.74 u-2.75">BATTLE OF PELLINKI (1908) MONUMENT</layout-unit>
			<layout-unit id="lay-2.15.2" xref="u-2.76">Gunnar Finne and Armas Lindgren</layout-unit>
			<layout-unit id="lay-2.15.3" xref="u-2.77">1921</layout-unit>
		</layout-unit>
		<layout-unit id="lay-2.16" xref="u-2.78">- 5 -</layout-unit>
		<layout-unit id="lay-2.17" xref="u-2.79 u-2.80 u-2.81 u-2.82">
			<layout-unit id="lay-2.17.1" xref="u-2.79 u-2.80">M.A. CASTREN</layout-unit>
			<layout-unit id="lay-2.17.2" xref="u-2.81">Alpo Sailo</layout-unit>
			<layout-unit id="lay-2.17.3" xref="u-2.82">1921</layout-unit>
		</layout-unit>
		<layout-unit id="lay-2.18" xref="u-2.83 u-2.84 u-2.85 u-2.86 u-2.87 u-2.88">
			<layout-unit id="lay-2.18.1" xref="u-2.83 u-2.84">J.W. SNELLMAN</layout-unit>
			<layout-unit id="lay-2.18.2" xref="u-2.85 u-2.86">Emil Wikström</layout-unit>
			<layout-unit id="lay-2.18.3" xref="u-2.87 u-2.88">1923</layout-unit>
		</layout-unit>
		<layout-unit id="lay-2.19" xref="u-2.89 u-2.90 u-2.91 u-2.92">
			<layout-unit id="lay-2.19.1" xref="u-2.89 u-2.90">WATERCARRIER</layout-unit>
			<layout-unit id="lay-2.19.2" xref="u-2.91">Viktor Malmberg</layout-unit>
			<layout-unit id="lay-2.19.3" xref="u-2.92">1924</layout-unit>
		</layout-unit>
		<layout-unit id="lay-2.20" xref="u-2.93 u-2.94 u-2.95 u-2.96">
			<layout-unit id="lay-2.20.1" xref="u-2.93 u-2.94">WADER</layout-unit>
			<layout-unit id="lay-2.20.2" xref="u-2.95">Wäinö Aaltonen</layout-unit>
			<layout-unit id="lay-2.20.3" xref="u-2.96">1925</layout-unit>
		</layout-unit>
		<layout-unit id="lay-2.21" xref="u-2.97 u-2.98 u-2.99 u-2.100">
			<layout-unit id="lay-2.21.1" xref="u-2.97 u-2.98">ALBERT EDELFELT</layout-unit>
			<layout-unit id="lay-2.21.2" xref="u-2.99">Ville Vallgren</layout-unit>
			<layout-unit id="lay-2.21.3" xref="u-2.100">1927</layout-unit>
		</layout-unit>
		<layout-unit id="lay-2.22" xref="u-2.101 u-2.102 u-2.103 u-2.104">
			<layout-unit id="lay-2.22.1" xref="u-2.101 u-2.102">TELLERVO</layout-unit>
			<layout-unit id="lay-2.22.2" xref="u-2.103">Yrjö Liipola</layout-unit>
			<layout-unit id="lay-2.22.3" xref="u-2.104">1928</layout-unit>
		</layout-unit>
		<layout-unit id="lay-2.23" xref="u-2.105 u-2.106 u-2.107 u-2.108">
			<layout-unit id="lay-2.23.1" xref="u-2.105 u-2.106">MOTHER LOVE</layout-unit>
			<layout-unit id="lay-2.23.2" xref="u-2.107">Emil Cedercreutz</layout-unit>
			<layout-unit id="lay-2.23.3" xref="u-2.108">1930</layout-unit>
		</layout-unit>
		<layout-unit id="lay-2.24" xref="u-2.109 u-2.110 u-2.111 u-2.112">
			<layout-unit id="lay-2.24.1" xref="u-2.109 u-2.110">YOUNG ELK</layout-unit>
			<layout-unit id="lay-2.24.2" xref="u-2.111">Jussi Mäntynen</layout-unit>
			<layout-unit id="lay-2.24.3" xref="u-2.112">1930</layout-unit>
		</layout-unit>
		<layout-unit id="lay-2.25" xref="u-2.113 u-2.114 u-2.115 u-2.116">
			<layout-unit id="lay-2.25.1" xref="u-2.113 u-2.114">CONVOLVULUS</layout-unit>
			<layout-unit id="lay-2.25.2" xref="u-2.115">Viktor Jansson</layout-unit>
			<layout-unit id="lay-2.25.3" xref="u-2.116">1931</layout-unit>
		</layout-unit>
		<layout-unit id="lay-2.26" xref="u-2.117 u-2.118 u-2.119 u-2.120">
			<layout-unit id="lay-2.26.1" xref="u-2.117 u-2.118">BEAR AT AN ANTHILL</layout-unit>
			<layout-unit id="lay-2.26.2" xref="u-2.119">Jussi Mäntynen</layout-unit>
			<layout-unit id="lay-2.26.3" xref="u-2.120">1931</layout-unit>
		</layout-unit>
		<layout-unit id="lay-2.27" xref="u-2.121 u-2.122 u-2.122-m u-2.123">
			<layout-unit id="lay-2.27.1" xref="u-2.121 u-2.122">MONUMENT UNDER THE SPRUCE OF INDEPENDENCE</layout-unit>
			<layout-unit id="lay-2.27.2" xref="u-2.122-m">Unknown</layout-unit>
			<layout-unit id="lay-2.27.3" xref="u-2.123">1931</layout-unit>
		</layout-unit>
		<layout-unit id="lay-2.28" xref="u-2.124 u-2.125 u-2.126 u-2.127">
			<layout-unit id="lay-2.28.1" xref="u-2.124">SUNDIAL</layout-unit>
			<layout-unit id="lay-2.28.2" xref="u-2.126">Gerda Qvist</layout-unit>
			<layout-unit id="lay-2.28.3" xref="u-2.127">1931</layout-unit>
		</layout-unit>
		<layout-unit id="lay-2.29" xref="u-2.128 u-2.129 u-2.130 u-2.131">
			<layout-unit id="lay-2.29.1" xref="u-2.128 u-2.129">ALEXANDER I</layout-unit>
			<layout-unit id="lay-2.29.2" xref="u-2.130">Ivan Martos</layout-unit>
			<layout-unit id="lay-2.29.3" xref="u-2.131">1932</layout-unit>
		</layout-unit>
		<layout-unit id="lay-2.30" xref="u-2.132 u-2.133 u-2.134 u-2.135">
			<layout-unit id="lay-2.30.1" xref="u-2.132 u-2.133">BOXERS</layout-unit>
			<layout-unit id="lay-2.30.2" xref="u-2.134">Johannes Haapasalo</layout-unit>
			<layout-unit id="lay-2.30.3" xref="u-2.135">1932</layout-unit>
		</layout-unit>
		<layout-unit id="lay-2.31" xref="u-2.136 u-2.137 u-2.138 u-2.139">
			<layout-unit id="lay-2.31.1" xref="u-2.136 u-2.137">THREE SMITHS</layout-unit>
			<layout-unit id="lay-2.31.2" xref="u-2.138">Felix Nylund</layout-unit>
			<layout-unit id="lay-2.31.3" xref="u-2.139">1932</layout-unit>
		</layout-unit>
		<layout-unit id="lay-2.32" xref="u-2.140 u-2.141 u-2.142 u-2.143 u-2.144">
			<layout-unit id="lay-2.32.1" xref="u-2.140 u-2.141 u-2.142">FACT AND FABLE</layout-unit>
			<layout-unit id="lay-2.32.2" xref="u-2.143">Gunnar Finne</layout-unit>
			<layout-unit id="lay-2.32.3" xref="u-2.144">1932</layout-unit>
		</layout-unit>
		<layout-unit id="lay-2.33" xref="u-2.145 u-2.146 u-2.147 u-2.148 u-2.149 u-2.150">
			<layout-unit id="lay-2.33.1" xref="u-2.145 u-2.146">TOPELIUS AND CHILDREN</layout-unit>
			<layout-unit id="lay-2.33.2" xref="u-2.147 u-2.148">Ville Vallgren</layout-unit>
			<layout-unit id="lay-2.33.3" xref="u-2.149 u-2.150">1932</layout-unit>
		</layout-unit>
	</segmentation>
	<layout-structure>
		<layout-root id="smh-1982-l-cover" orientation="landscape">
			<layout-chunk id="cover" location="multi" area-ref="page-a-cover">
				<layout-chunk id="title" location="multi" area-ref="page-a-cover">
					<layout-leaf xref="lay-1.01" location="col-2" area-ref="page-a-cover-b"/>
					<layout-leaf xref="lay-1.02" location="col-2" area-ref="page-a-cover-c"/>
				</layout-chunk>
				<layout-leaf xref="lay-1.03" location="row-5" area-ref="page-a-cover"/>
				<layout-chunk id="contact-details" location="row-8" area-ref="page-a-cover">
					<layout-leaf xref="lay-1.04" location="col-1" area-ref="page-a-cover-d" valign="center"/>
					<layout-leaf xref="lay-1.05" location="col-1" area-ref="page-a-cover-d" valign="center"/>
					<layout-leaf xref="lay-1.06" location="col-1" area-ref="page-a-cover-d" valign="center"/>
				</layout-chunk>
			</layout-chunk>
		</layout-root>
		<layout-root id="smh-1982-l-pages-4-5" orientation="landscape">
			<layout-chunk id="page-4" location="multi" area-ref="smh-1982-a-pages-4-5">
				<layout-leaf xref="lay-2.01-m" location="col-2" area-ref="pages-a-4-5-header" halign="bottom"/>
				<layout-chunk id="p4-table" location="multi" area-ref="page-a-4">
					<layout-chunk id="p4-table-entry-1" location="multi" area-ref="page-a-4">
						<layout-leaf xref="lay-2.01.1" location="cell-12" area-ref="page-a-4" halign="top" valign="left"/>
						<layout-leaf xref="lay-2.01.2" location="cell-22" area-ref="page-a-4" halign="top" valign="left"/>
						<layout-leaf xref="lay-2.01.3" location="cell-32" area-ref="page-a-4" halign="top" valign="left"/>
					</layout-chunk>
					<layout-chunk id="p4-table-entry-2" location="multi" area-ref="page-a-4">
						<layout-leaf xref="lay-2.02.1" location="cell-13" area-ref="page-a-4" halign="top" valign="left"/>
						<layout-leaf xref="lay-2.02.2" location="cell-23" area-ref="page-a-4" halign="top" valign="left"/>
						<layout-leaf xref="lay-2.02.3" location="cell-33" area-ref="page-a-4" halign="top" valign="left"/>
					</layout-chunk>
					<layout-chunk id="p4-table-entry-3" location="multi" area-ref="page-a-4">
						<layout-leaf xref="lay-2.03.1" location="cell-14" area-ref="page-a-4" halign="top" valign="left"/>
						<layout-leaf xref="lay-2.03.2" location="cell-24" area-ref="page-a-4" halign="top" valign="left"/>
						<layout-leaf xref="lay-2.03.3" location="cell-34" area-ref="page-a-4" halign="top" valign="left"/>
					</layout-chunk>
					<layout-chunk id="p4-table-entry-4" location="multi" area-ref="page-a-4">
						<layout-leaf xref="lay-2.04.1" location="cell-15" area-ref="page-a-4" halign="top" valign="left"/>
						<layout-leaf xref="lay-2.04.2" location="cell-25" area-ref="page-a-4" halign="top" valign="left"/>
						<layout-leaf xref="lay-2.04.3" location="cell-35" area-ref="page-a-4" halign="top" valign="left"/>
					</layout-chunk>
					<layout-chunk id="p4-table-entry-5" location="multi" area-ref="page-a-4">
						<layout-leaf xref="lay-2.05.1" location="cell-16" area-ref="page-a-4" halign="top" valign="left"/>
						<layout-leaf xref="lay-2.05.2" location="cell-26" area-ref="page-a-4" halign="top" valign="left"/>
						<layout-leaf xref="lay-2.05.3" location="cell-36" area-ref="page-a-4" halign="top" valign="left"/>
					</layout-chunk>
					<layout-chunk id="p4-table-entry-6" location="multi" area-ref="page-a-4">
						<layout-leaf xref="lay-2.06.1" location="cell-17" area-ref="page-a-4" halign="top" valign="left"/>
						<layout-leaf xref="lay-2.06.2" location="cell-27" area-ref="page-a-4" halign="top" valign="left"/>
						<layout-leaf xref="lay-2.06.3" location="cell-37" area-ref="page-a-4" halign="top" valign="left"/>
					</layout-chunk>
					<layout-chunk id="p4-table-entry-7" location="multi" area-ref="page-a-4">
						<layout-leaf xref="lay-2.07.1" location="cell-18" area-ref="page-a-4" halign="top" valign="left"/>
						<layout-leaf xref="lay-2.07.2" location="cell-28" area-ref="page-a-4" halign="top" valign="left"/>
						<layout-leaf xref="lay-2.07.3" location="cell-38" area-ref="page-a-4" halign="top" valign="left"/>
					</layout-chunk>
					<layout-chunk id="p4-table-entry-8" location="multi" area-ref="page-a-4">
						<layout-leaf xref="lay-2.08.1" location="cell-19" area-ref="page-a-4" halign="top" valign="left"/>
						<layout-leaf xref="lay-2.08.2" location="cell-29" area-ref="page-a-4" halign="top" valign="left"/>
						<layout-leaf xref="lay-2.08.3" location="cell-39" area-ref="page-a-4" halign="top" valign="left"/>
					</layout-chunk>
					<layout-chunk id="p4-table-entry-9" location="multi" area-ref="page-a-4">
						<layout-leaf xref="lay-2.09.1" location="cell-110" area-ref="page-a-4" halign="top" valign="left"/>
						<layout-leaf xref="lay-2.09.2" location="cell-210" area-ref="page-a-4" halign="top" valign="left"/>
						<layout-leaf xref="lay-2.09.3" location="cell-310" area-ref="page-a-4" halign="top" valign="left"/>
					</layout-chunk>
					<layout-chunk id="p4-table-entry-10" location="multi" area-ref="page-a-4">
						<layout-leaf xref="lay-2.10.1" location="cell-111" area-ref="page-a-4" halign="top" valign="left"/>
						<layout-leaf xref="lay-2.10.2" location="cell-211" area-ref="page-a-4" halign="top" valign="left"/>
						<layout-leaf xref="lay-2.10.3" location="cell-311" area-ref="page-a-4" halign="top" valign="left"/>
					</layout-chunk>
					<layout-chunk id="p4-table-entry-11" location="multi" area-ref="page-a-4">
						<layout-leaf xref="lay-2.11.1" location="cell-112" area-ref="page-a-4" halign="top" valign="left"/>
						<layout-leaf xref="lay-2.11.2" location="cell-212" area-ref="page-a-4" halign="top" valign="left"/>
						<layout-leaf xref="lay-2.11.3" location="cell-312" area-ref="page-a-4" halign="top" valign="left"/>
					</layout-chunk>
					<layout-chunk id="p4-table-entry-12" location="multi" area-ref="page-a-4">
						<layout-leaf xref="lay-2.12.1" location="cell-113" area-ref="page-a-4" halign="top" valign="left"/>
						<layout-leaf xref="lay-2.12.2" location="cell-213" area-ref="page-a-4" halign="top" valign="left"/>
						<layout-leaf xref="lay-2.12.3" location="cell-313" area-ref="page-a-4" halign="top" valign="left"/>
					</layout-chunk>
					<layout-chunk id="p4-table-entry-13" location="multi" area-ref="page-a-4">
						<layout-leaf xref="lay-2.13.1" location="cell-114" area-ref="page-a-4" halign="top" valign="left"/>
						<layout-leaf xref="lay-2.13.2" location="cell-214" area-ref="page-a-4" halign="top" valign="left"/>
						<layout-leaf xref="lay-2.13.3" location="cell-314" area-ref="page-a-4" halign="top" valign="left"/>
					</layout-chunk>
					<layout-chunk id="p4-table-entry-14" location="multi" area-ref="page-a-4">
						<layout-leaf xref="lay-2.14.1" location="cell-115" area-ref="page-a-4" halign="top" valign="left"/>
						<layout-leaf xref="lay-2.14.2" location="cell-215" area-ref="page-a-4" halign="top" valign="left"/>
						<layout-leaf xref="lay-2.14.3" location="cell-315" area-ref="page-a-4" halign="top" valign="left"/>
					</layout-chunk>
					<layout-chunk id="p4-table-entry-15" location="multi" area-ref="page-a-4">
						<layout-leaf xref="lay-2.15.1" location="cell-116" area-ref="page-a-4" halign="top" valign="left"/>
						<layout-leaf xref="lay-2.15.2" location="cell-216" area-ref="page-a-4" halign="top" valign="left"/>
						<layout-leaf xref="lay-2.15.3" location="cell-316" area-ref="page-a-4" halign="top" valign="left"/>
					</layout-chunk>
				</layout-chunk>
			</layout-chunk>
			<layout-chunk id="page-5" location="multi" area-ref="smh-1982-a-pages-4-5">
				<layout-leaf xref="lay-2.16" location="col-4" area-ref="pages-a-4-5-header" halign="bottom"/>
				<layout-chunk id="p5-table" location="multi" area-ref="page-a-5">
					<layout-chunk id="p5-table-entry-1" location="multi" area-ref="page-a-4">
						<layout-leaf xref="lay-2.17.1" location="cell-12" area-ref="page-a-4" halign="top" valign="left"/>
						<layout-leaf xref="lay-2.17.2" location="cell-22" area-ref="page-a-4" halign="top" valign="left"/>
						<layout-leaf xref="lay-2.17.3" location="cell-32" area-ref="page-a-4" halign="top" valign="left"/>
					</layout-chunk>
					<layout-chunk id="p5-table-entry-2" location="multi" area-ref="page-a-4">
						<layout-leaf xref="lay-2.18.1" location="cell-13" area-ref="page-a-4" halign="top" valign="left"/>
						<layout-leaf xref="lay-2.18.2" location="cell-23" area-ref="page-a-4" halign="top" valign="left"/>
						<layout-leaf xref="lay-2.18.3" location="cell-33" area-ref="page-a-4" halign="top" valign="left"/>
					</layout-chunk>
					<layout-chunk id="p5-table-entry-3" location="multi" area-ref="page-a-4">
						<layout-leaf xref="lay-2.19.1" location="cell-13" area-ref="page-a-4" halign="top" valign="left"/>
						<layout-leaf xref="lay-2.19.2" location="cell-23" area-ref="page-a-4" halign="top" valign="left"/>
						<layout-leaf xref="lay-2.19.3" location="cell-33" area-ref="page-a-4" halign="top" valign="left"/>
					</layout-chunk>
					<layout-chunk id="p5-table-entry-4" location="multi" area-ref="page-a-4">
						<layout-leaf xref="lay-2.20.1" location="cell-14" area-ref="page-a-4" halign="top" valign="left"/>
						<layout-leaf xref="lay-2.20.2" location="cell-24" area-ref="page-a-4" halign="top" valign="left"/>
						<layout-leaf xref="lay-2.20.3" location="cell-34" area-ref="page-a-4" halign="top" valign="left"/>
					</layout-chunk>
					<layout-chunk id="p5-table-entry-5" location="multi" area-ref="page-a-4">
						<layout-leaf xref="lay-2.21.1" location="cell-15" area-ref="page-a-4" halign="top" valign="left"/>
						<layout-leaf xref="lay-2.21.2" location="cell-25" area-ref="page-a-4" halign="top" valign="left"/>
						<layout-leaf xref="lay-2.21.3" location="cell-35" area-ref="page-a-4" halign="top" valign="left"/>
					</layout-chunk>
					<layout-chunk id="p5-table-entry-6" location="multi" area-ref="page-a-4">
						<layout-leaf xref="lay-2.22.1" location="cell-16" area-ref="page-a-4" halign="top" valign="left"/>
						<layout-leaf xref="lay-2.22.2" location="cell-26" area-ref="page-a-4" halign="top" valign="left"/>
						<layout-leaf xref="lay-2.22.3" location="cell-36" area-ref="page-a-4" halign="top" valign="left"/>
					</layout-chunk>
					<layout-chunk id="p5-table-entry-7" location="multi" area-ref="page-a-4">
						<layout-leaf xref="lay-2.23.1" location="cell-17" area-ref="page-a-4" halign="top" valign="left"/>
						<layout-leaf xref="lay-2.23.2" location="cell-27" area-ref="page-a-4" halign="top" valign="left"/>
						<layout-leaf xref="lay-2.23.3" location="cell-37" area-ref="page-a-4" halign="top" valign="left"/>
					</layout-chunk>
					<layout-chunk id="p5-table-entry-8" location="multi" area-ref="page-a-4">
						<layout-leaf xref="lay-2.24.1" location="cell-18" area-ref="page-a-4" halign="top" valign="left"/>
						<layout-leaf xref="lay-2.24.2" location="cell-28" area-ref="page-a-4" halign="top" valign="left"/>
						<layout-leaf xref="lay-2.24.3" location="cell-38" area-ref="page-a-4" halign="top" valign="left"/>
					</layout-chunk>
					<layout-chunk id="p5-table-entry-9" location="multi" area-ref="page-a-4">
						<layout-leaf xref="lay-2.25.1" location="cell-19" area-ref="page-a-4" halign="top" valign="left"/>
						<layout-leaf xref="lay-2.25.2" location="cell-29" area-ref="page-a-4" halign="top" valign="left"/>
						<layout-leaf xref="lay-2.25.3" location="cell-39" area-ref="page-a-4" halign="top" valign="left"/>
					</layout-chunk>
					<layout-chunk id="p5-table-entry-10" location="multi" area-ref="page-a-4">
						<layout-leaf xref="lay-2.26.1" location="cell-19" area-ref="page-a-4" halign="top" valign="left"/>
						<layout-leaf xref="lay-2.26.2" location="cell-29" area-ref="page-a-4" halign="top" valign="left"/>
						<layout-leaf xref="lay-2.26.3" location="cell-39" area-ref="page-a-4" halign="top" valign="left"/>
					</layout-chunk>
					<layout-chunk id="p5-table-entry-11" location="multi" area-ref="page-a-4">
						<layout-leaf xref="lay-2.27.1" location="cell-110" area-ref="page-a-4" halign="top" valign="left"/>
						<layout-leaf xref="lay-2.27.2" location="cell-210" area-ref="page-a-4" halign="top" valign="left"/>
						<layout-leaf xref="lay-2.27.3" location="cell-310" area-ref="page-a-4" halign="top" valign="left"/>
					</layout-chunk>
					<layout-chunk id="p5-table-entry-12" location="multi" area-ref="page-a-4">
						<layout-leaf xref="lay-2.28.1" location="cell-111" area-ref="page-a-4" halign="top" valign="left"/>
						<layout-leaf xref="lay-2.28.2" location="cell-211" area-ref="page-a-4" halign="top" valign="left"/>
						<layout-leaf xref="lay-2.28.3" location="cell-311" area-ref="page-a-4" halign="top" valign="left"/>
					</layout-chunk>
					<layout-chunk id="p5-table-entry-13" location="multi" area-ref="page-a-4">
						<layout-leaf xref="lay-2.29.1" location="cell-112" area-ref="page-a-4" halign="top" valign="left"/>
						<layout-leaf xref="lay-2.29.2" location="cell-212" area-ref="page-a-4" halign="top" valign="left"/>
						<layout-leaf xref="lay-2.29.3" location="cell-312" area-ref="page-a-4" halign="top" valign="left"/>
					</layout-chunk>
					<layout-chunk id="p5-table-entry-14" location="multi" area-ref="page-a-4">
						<layout-leaf xref="lay-2.30.1" location="cell-113" area-ref="page-a-4" halign="top" valign="left"/>
						<layout-leaf xref="lay-2.30.2" location="cell-213" area-ref="page-a-4" halign="top" valign="left"/>
						<layout-leaf xref="lay-2.30.3" location="cell-313" area-ref="page-a-4" halign="top" valign="left"/>
					</layout-chunk>
					<layout-chunk id="p5-table-entry-15" location="multi" area-ref="page-a-4">
						<layout-leaf xref="lay-2.31.1" location="cell-114" area-ref="page-a-4" halign="top" valign="left"/>
						<layout-leaf xref="lay-2.31.2" location="cell-214" area-ref="page-a-4" halign="top" valign="left"/>
						<layout-leaf xref="lay-2.31.3" location="cell-314" area-ref="page-a-4" halign="top" valign="left"/>
					</layout-chunk>
					<layout-chunk id="p5-table-entry-16" location="multi" area-ref="page-a-4">
						<layout-leaf xref="lay-2.32.1" location="cell-115" area-ref="page-a-4" halign="top" valign="left"/>
						<layout-leaf xref="lay-2.32.2" location="cell-215" area-ref="page-a-4" halign="top" valign="left"/>
						<layout-leaf xref="lay-2.32.3" location="cell-315" area-ref="page-a-4" halign="top" valign="left"/>
					</layout-chunk>
					<layout-chunk id="p5-table-entry-17" location="multi" area-ref="page-a-4">
						<layout-leaf xref="lay-2.33.1" location="cell-116" area-ref="page-a-4" halign="top" valign="left"/>
						<layout-leaf xref="lay-2.33.2" location="cell-216" area-ref="page-a-4" halign="top" valign="left"/>
						<layout-leaf xref="lay-2.33.3" location="cell-316" area-ref="page-a-4" halign="top" valign="left"/>
					</layout-chunk>
				</layout-chunk>
			</layout-chunk>
		</layout-root>
	</layout-structure>
	<area-model>
		<area-root id="smh-1982-a-cover" cols="3" rows="1" hspacing="62 32 6" vspacing="100" width="295mm" height="205mm">
			<sub-area id="page-a-cover" location="col-2" cols="1" rows="9" hspacing="100" vspacing="17 3 3 3 9 34 6 18 7" width="94mm" height="205mm">
				<sub-area id="page-a-cover-b" location="row-2" cols="3" rows="1" hspacing="5 67 28" vspacing="100" height="5mm" width="94mm"/>
				<sub-area id="page-a-cover-c" location="row-4" cols="3" rows="1" hspacing="26 27 47" vspacing="100" height="5mm" width="94mm"/>
				<sub-area id="page-a-cover-d" location="row-8" cols="2" rows="1" hspacing="77 23" vspacing="100" height="37mm" width="94mm"/>
			</sub-area>
		</area-root>
		<area-root id="smh-1982-a-pages-4-5" cols="1" rows="3" hspacing="100" vspacing="6 88 6" width="295mm" height="205mm">
			<sub-area id="pages-a-4-5-header" location="row-1" cols="5" rows="1" hspacing="20 4 46 4 26" vspacing="100" height="12mm" width="295mm"/>
			<sub-area id="pages-a-4-5" location="row-2" cols="5" rows="1" hspacing="4 38 12 38 8" vspacing="100" width="295mm" height="181mm">
				<sub-area id="page-a-4" location="col-2" cols="3" rows="16" hspacing="53 40 7" vspacing="1 6 6 7 9 6 6 7 7 5 7 7 7 7 7 5" width="112mm" height="181mm"/>
				<sub-area id="page-a-5" location="col-4" cols="3" rows="18" hspacing="53 40 7" vspacing="1 5 5 5 5 5 10 5 5 5 5 7 5 5 5 6 7 9" width="112mm" height="181mm"/>
			</sub-area>
		</area-root>
	</area-model>
	<realization>
		<text xref="lay-1.01 lay-1.02" font-family="sans-serif" font-size="8" font-style="normal" font-weight="bold" case="caps" color="black"/>
		<graphics xref="lay-1.03" type="illustration" colors="black" height="70mm" width="94mm"/>
		<text xref="lay-1.04 lay-1.05 lay-1.06" font-family="sans-serif" font-size="6" font-style="normal" font-weight="bold" case="mixed" color="black"/>
		<text xref="lay-2.01-m lay-2.01.1 lay-2.02.1 lay-2.03.1 lay-2.04.1 lay-2.06.1 lay-2.07.1 lay-2.08.1 lay-2.09.1 lay-2.10.1 lay-2.11.1 lay-2.12.1 lay-2.13.1 lay-2.14.1 lay-2.15.1 lay-2.16 lay-2.17.1 lay-2.18.1 lay-2.19.1 lay-2.20.1 lay-2.21.1 lay-2.22.1 lay-2.23.1 lay-2.24.1 lay-2.25.1 lay-2.26.1 lay-2.27.1 lay-2.28.1 lay-2.29.1 lay-2.30.1 lay-2.31.1 lay-2.32.1 lay-2.33.1" font-family="serif" font-size="6" font-style="normal" font-weight="normal" case="caps" color="black"/>
		<text xref="lay-2.01.2 lay-2.02.2 lay-2.03.2 lay-2.04.2 lay-2.06.2 lay-2.07.2 lay-2.08.2 lay-2.09.2 lay-2.10.2 lay-2.11.2 lay-2.12.2 lay-2.13.2 lay-2.14.2  lay-2.15.2 lay-2.17.2 lay-2.18.2 lay-2.19.2 lay-2.20.2 lay-2.21.2 lay-2.22.2 lay-2.23.2 lay-2.24.2 lay-2.25.2 lay-2.26.2 lay-2.27.2  lay-2.28.2 lay-2.29.2 lay-2.30.2 lay-2.31.2 lay-2.32.2 lay-2.33.2 lay-2.01.3 lay-2.02.3 lay-2.03.3 lay-2.04.3 lay-2.06.3 lay-2.07.3 lay-2.08.3 lay-2.09.3 lay-2.10.3 lay-2.11.3 lay-2.12.3 lay-2.13.3 lay-2.14.3  lay-2.15.3 lay-2.17.3 lay-2.18.3 lay-2.19.3 lay-2.20.3 lay-2.21.3 lay-2.22.3 lay-2.23.3 lay-2.24.3 lay-2.25.3 lay-2.26.3 lay-2.27.3  lay-2.28.3 lay-2.29.3 lay-2.30.3 lay-2.31.3 lay-2.32.3 lay-2.33.3" font-family="serif" font-size="6" font-style="normal" font-weight="normal" case="mixed" color="black"/>
	</realization>
</gemLayout>
