<?xml version="1.0" encoding="UTF-8"?>

<gemBase>
	<unit id="u-1.01">SCULPTURES AND MONUMENTS</unit>
	<unit id="u-1.02">IN HELSINKI</unit>
	<unit id="u-1.03" alt="Illustration: Havis Amanda and Esplanade"/>
	<unit id="u-1.04">Publisher:</unit>
	<unit id="u-1.05">Helsinki City Tourist Office</unit>
	<unit id="u-1.06">Pohjoisesplanadi 19</unit>
	<unit id="u-1.07">00100 Helsinki 10</unit>
	<unit id="u-1.08">Finland</unit>
	<unit id="u-1.09">tel. 169 3757 and 174 088</unit>
	<unit id="u-1.10">1982</unit>
	<unit id="u-2.11">- 4 -</unit>
	<unit id="u-2.12">BUCK</unit>
	<unit id="u-2.13">Korkeasaari Zoo</unit>
	<unit id="u-2.14">Unknown</unit>
	<unit id="u-2.15">1900</unit>
	<unit id="u-2.16">ELIAS LÖNNROT</unit>
	<unit id="u-2.17">Lönnrotin puistikko park</unit>
	<unit id="u-2.18">Emil Wikström</unit>
	<unit id="u-2.19">1902</unit>
	<unit id="u-2.20">ALEXANDER I AND THE PORVOO DIET 1809</unit>
	<unit id="u-2.21">Snellmanninkatu 9-11</unit>
	<unit id="u-2.22">Emil Wikström</unit>
	<unit id="u-2.23">1903</unit>
	<unit id="u-2.24">MERMAID "HAVIS AMANDA"</unit>
	<unit id="u-2.25">fountain</unit>
	<unit id="u-2.26">Market Square</unit>
	<unit id="u-2.27">Ville Vallgren</unit>
	<unit id="u-2.28">1908</unit>
	<unit id="u-2.29">J. af LINDFORS</unit>
	<unit id="u-2.30">City Conservatories</unit>
	<unit id="u-2.31">Walter Runeberg</unit>
	<unit id="u-2.32">1909</unit>
	<unit id="u-2.33">AU REVOIR</unit>
	<unit id="u-2.34">Merikatu 23</unit>
	<unit id="u-2.35">J. Sörensen-Ringi</unit>
	<unit id="u-2.36">1910</unit>
	<unit id="u-2.37">LA JOIE DE LA MATERNITE</unit>
	<unit id="u-2.38">Merikatu 23</unit>
	<unit id="u-2.39">J. Sörensen-Ringi</unit>
	<unit id="u-2.40">1911</unit>
	<unit id="u-2.41">THREE GENIUSES</unit>
	<unit id="u-2.42">Rauhankatu 17</unit>
	<unit id="u-2.43">C.E. Sjöstrand</unit>
	<unit id="u-2.44">Reproduction: Johannes Haapasalo</unit>
	<unit id="u-2.45">1889</unit>
	<unit id="u-2.46">1914</unit>
	<unit id="u-2.47">FIGHTER</unit>
	<unit id="u-2.48">Wecksellintie 1</unit>
	<unit id="u-2.49">Viktor Jansson</unit>
	<unit id="u-2.50">1915</unit>
	<unit id="u-2.51">FISHING BEAR</unit>
	<unit id="u-2.52">fountain</unit>
	<unit id="u-2.53">Kaivopuisto Park</unit>
	<unit id="u-2.54">Bertel Nilsson</unit>
	<unit id="u-2.55">1916</unit>
	<unit id="u-2.56">BEAR</unit>
	<unit id="u-2.57">National Museum</unit>
	<unit id="u-2.58">Mannerheimintie 34</unit>
	<unit id="u-2.59">Emil Wikström</unit>
	<unit id="u-2.60">(year of completion</unit>
	<unit id="u-2.61">1918</unit>
	<unit id="u-2.62">1910</unit>
	<unit id="u-2.63">FINNISH SOLDIERS' MEMORIAL</unit>
	<unit id="u-2.64">Vanha kirkkopuisto Park</unit>
	<unit id="u-2.65">Elias Ilkka and Erik Bryggman</unit>
	<unit id="u-2.66">1920</unit>
	<unit id="u-2.67">GERMAN SOLDIERS' MEMORIAL</unit>
	<unit id="u-2.68">Vanha kirkkopuisto Park</unit>
	<unit id="u-2.69">Gunnar Finne and J.S. Siren</unit>
	<unit id="u-2.70">1920</unit>
	<unit id="u-2.71">MONUMENT OF THE ESTONIAN VOLUNTEERS</unit>
	<unit id="u-2.72">Vanha kirkkopuisto Park</unit>
	<unit id="u-2.73">Into Saxelin and J.S. Siren</unit>
	<unit id="u-2.73-m">1921</unit>
	<unit id="u-2.74">BATTLE OF PELLINKI (1908) MONUMENT</unit>
	<unit id="u-2.75">Liisanpuistikko Park</unit>
	<unit id="u-2.76">Gunnar Finne and Armas Lindgren</unit>
	<unit id="u-2.77">1921</unit>
	<unit id="u-2.78">- 5 -</unit>
	<unit id="u-2.79">M.A. CASTREN</unit>
	<unit id="u-2.80">Matiaksenlehto Park</unit>
	<unit id="u-2.81">Alpo Sailo</unit>
	<unit id="u-2.82">1921</unit>
	<unit id="u-2.83">J.W. SNELLMAN</unit>
	<unit id="u-2.84">Snellmaninaukio Square</unit>
	<unit id="u-2.85">Emil Wikström</unit>
	<unit id="u-2.86">(year of completion</unit>
	<unit id="u-2.87">1923</unit>
	<unit id="u-2.88">1915)</unit>
	<unit id="u-2.89">WATERCARRIER</unit>
	<unit id="u-2.90">Katajanokan puisto Park</unit>
	<unit id="u-2.91">Viktor Malmberg</unit>
	<unit id="u-2.92">1924</unit>
	<unit id="u-2.93">WADER</unit>
	<unit id="u-2.94">Tähtitornin vuori Hill</unit>
	<unit id="u-2.95">Wäinö Aaltonen</unit>
	<unit id="u-2.96">1925</unit>
	<unit id="u-2.97">ALBERT EDELFELT</unit>
	<unit id="u-2.98">Juhani Ahon tie</unit>
	<unit id="u-2.99">Ville Vallgren</unit>
	<unit id="u-2.100">1927</unit>
	<unit id="u-2.101">TELLERVO</unit>
	<unit id="u-2.102">Kolmikulma Park</unit>
	<unit id="u-2.103">Yrjö Liipola</unit>
	<unit id="u-2.104">1928</unit>
	<unit id="u-2.105">MOTHER LOVE</unit>
	<unit id="u-2.106">Varsapuistikko Park</unit>
	<unit id="u-2.107">Emil Cedercreutz</unit>
	<unit id="u-2.108">1930</unit>
	<unit id="u-2.109">YOUNG ELK</unit>
	<unit id="u-2.110">Kaisaniemi Park</unit>
	<unit id="u-2.111">Jussi Mäntynen</unit>
	<unit id="u-2.112">1930</unit>
	<unit id="u-2.113">CONVOLVULUS</unit>
	<unit id="u-2.114">Kaisaniemi Park</unit>
	<unit id="u-2.115">Viktor Jansson</unit>
	<unit id="u-2.116">1931</unit>
	<unit id="u-2.117">BEAR AT AN ANTHILL</unit>
	<unit id="u-2.118">Karhupuisto Park</unit>
	<unit id="u-2.119">Jussi Mäntynen</unit>
	<unit id="u-2.120">1931</unit>
	<unit id="u-2.121">MONUMENT UNDER THE SPRUCE OF INDEPENDENCE</unit>
	<unit id="u-2.122">Kaivopuisto Park</unit>
	<unit id="u-2.122-m">Unknown</unit>
	<unit id="u-2.123">1931</unit>
	<unit id="u-2.124">SUNDIAL</unit>
	<unit id="u-2.125">Hietaranta Beach</unit>
	<unit id="u-2.126">Gerda Qvist</unit>
	<unit id="u-2.127">1931</unit>
	<unit id="u-2.128">ALEXANDER I</unit>
	<unit id="u-2.129">Unioninkatu 36</unit>
	<unit id="u-2.130">Ivan Martos</unit>
	<unit id="u-2.131">1932</unit>
	<unit id="u-2.132">BOXERS</unit>
	<unit id="u-2.133">Paasivuoren puistikko Park</unit>
	<unit id="u-2.134">Johannes Haapasalo</unit>
	<unit id="u-2.135">1932</unit>
	<unit id="u-2.136">THREE SMITHS</unit>
	<unit id="u-2.137">Kolmen sepän aukio Square</unit>
	<unit id="u-2.138">Felix Nylund</unit>
	<unit id="u-2.139">1932</unit>
	<unit id="u-2.140">FACT AND FABLE</unit>
	<unit id="u-2.141">(Z. Topelius)</unit>
	<unit id="u-2.142">Esplanadipuisto Park</unit>
	<unit id="u-2.143">Gunnar Finne</unit>
	<unit id="u-2.144">1932</unit>
	<unit id="u-2.145">TOPELIUS AND CHILDREN</unit>
	<unit id="u-2.146">Koulupuistikko Park</unit>
	<unit id="u-2.147">Ville Vallgren</unit>
	<unit id="u-2.148">(year of completion</unit>
	<unit id="u-2.149">1932</unit>
	<unit id="u-2.150">1909)</unit>
</gemBase>


