<?xml version="1.0" encoding="UTF-8"?>

<gemRst>
	<segmentation>
		<segment id="s-1.01" xref="u-1.01">SCULPTURES AND MONUMENTS</segment>
		<segment id="s-1.02" xref="u-1.02">IN HELSINKI</segment>
		<segment id="s-1.03" xref="u-1.03" alt="Illustration: Havis Amanda and Esplanade"/>
		<segment id="s-1.04" xref="u-1.04">Publisher:</segment>
		<segment id="s-1.05" xref="u-1.05">Helsinki City Tourist Office</segment>
		<segment id="s-1.06" xref="u-1.06">Pohjoisesplanadi 19</segment>
		<segment id="s-1.07" xref="u-1.07">00100 Helsinki 10</segment>
		<segment id="s-1.08" xref="u-1.08">Finland</segment>
		<segment id="s-1.09" xref="u-1.09">tel. 169 3757 and 174 088</segment>
		<segment id="s-1.10" xref="u-1.10">1982</segment>
		<segment id="s-2.01" xref="u-2.12">BUCK</segment>
		<segment id="s-2.02" xref="u-2.13">Korkeasaari Zoo</segment>
		<segment id="s-2.03" xref="u-2.14">Unknown</segment>
		<segment id="s-2.04" xref="u-2.15">1900</segment>
		<segment id="s-2.05" xref="u-2.16">ELIAS LÖNNROT</segment>
		<segment id="s-2.06" xref="u-2.17">Lönnrotin puistikko park</segment>
		<segment id="s-2.07" xref="u-2.18">Emil Wikström</segment>
		<segment id="s-2.08" xref="u-2.19">1902</segment>
		<segment id="s-2.09" xref="u-2.20">ALEXANDER I AND THE PORVOO DIET 1809</segment>
		<segment id="s-2.10" xref="u-2.21">Snellmanninkatu 9-11</segment>
		<segment id="s-2.11" xref="u-2.22">Emil Wikström</segment>
		<segment id="s-2.12" xref="u-2.23">1903</segment>
		<segment id="s-2.13" xref="u-2.24">MERMAID "HAVIS AMANDA"</segment>
		<segment id="s-2.14" xref="u-2.25">fountain</segment>
		<segment id="s-2.15" xref="u-2.26">Market Square</segment>
		<segment id="s-2.16" xref="u-2.27">Ville Vallgren</segment>
		<segment id="s-2.17" xref="u-2.28">1908</segment>
		<segment id="s-2.18" xref="u-2.29">J. af LINDFORS</segment>
		<segment id="s-2.19" xref="u-2.30">City Conservatories</segment>
		<segment id="s-2.20" xref="u-2.31">Walter Runeberg</segment>
		<segment id="s-2.21" xref="u-2.32">1909</segment>
		<segment id="s-2.22" xref="u-2.33">AU REVOIR</segment>
		<segment id="s-2.23" xref="u-2.34">Merikatu 23</segment>
		<segment id="s-2.24" xref="u-2.35">J. Sörensen-Ringi</segment>
		<segment id="s-2.25" xref="u-2.36">1910</segment>
		<segment id="s-2.26" xref="u-2.37">LA JOIE DE LA MATERNITE</segment>
		<segment id="s-2.27" xref="u-2.38">Merikatu 23</segment>
		<segment id="s-2.28" xref="u-2.39">J. Sörensen-Ringi</segment>
		<segment id="s-2.29" xref="u-2.40">1911</segment>
		<segment id="s-2.30" xref="u-2.41">THREE GENIUSES</segment>
		<segment id="s-2.31" xref="u-2.42">Rauhankatu 17</segment>
		<segment id="s-2.32" xref="u-2.43">C.E. Sjöstrand</segment>
		<segment id="s-2.33" xref="u-2.44">Reproduction: Johannes Haapasalo</segment>
		<segment id="s-2.34" xref="u-2.45">1889</segment>
		<segment id="s-2.35" xref="u-2.46">1914</segment>
		<segment id="s-2.36" xref="u-2.47">FIGHTER</segment>
		<segment id="s-2.37" xref="u-2.48">Wecksellintie 1</segment>
		<segment id="s-2.38" xref="u-2.49">Viktor Jansson</segment>
		<segment id="s-2.39" xref="u-2.50">1915</segment>
		<segment id="s-2.40" xref="u-2.51">FISHING BEAR</segment>
		<segment id="s-2.41" xref="u-2.52">fountain</segment>
		<segment id="s-2.42" xref="u-2.53">Kaivopuisto Park</segment>
		<segment id="s-2.43" xref="u-2.54">Bertel Nilsson</segment>
		<segment id="s-2.44" xref="u-2.55">1916</segment>
		<segment id="s-2.45" xref="u-2.56">BEAR</segment>
		<segment id="s-2.46" xref="u-2.57">National Museum</segment>
		<segment id="s-2.47" xref="u-2.58">Mannerheimintie 34</segment>
		<segment id="s-2.48" xref="u-2.59">Emil Wikström</segment>
		<segment id="s-2.49" xref="u-2.60">(year of completion</segment>
		<segment id="s-2.50" xref="u-2.61">1918</segment>
		<segment id="s-2.51" xref="u-2.62">1910</segment>
		<segment id="s-2.52" xref="u-2.63">FINNISH SOLDIERS' MEMORIAL</segment>
		<segment id="s-2.53" xref="u-2.64">Vanha kirkkopuisto Park</segment>
		<segment id="s-2.54" xref="u-2.65">Elias Ilkka and Erik Bryggman</segment>
		<segment id="s-2.55" xref="u-2.66">1920</segment>
		<segment id="s-2.56" xref="u-2.67">GERMAN SOLDIERS' MEMORIAL</segment>
		<segment id="s-2.57" xref="u-2.68">Vanha kirkkopuisto Park</segment>
		<segment id="s-2.58" xref="u-2.69">Gunnar Finne and J.S. Siren</segment>
		<segment id="s-2.59" xref="u-2.70">1920</segment>
		<segment id="s-2.60" xref="u-2.71">MONUMENT OF THE ESTONIAN VOLUNTEERS</segment>
		<segment id="s-2.61" xref="u-2.72">Vanha kirkkopuisto Park</segment>
		<segment id="s-2.62" xref="u-2.73">Into Saxelin and J.S. Siren</segment>
		<segment id="s-2.63" xref="u-2.73-m">1921</segment>
		<segment id="s-2.64" xref="u-2.74">BATTLE OF PELLINKI (1908) MONUMENT</segment>
		<segment id="s-2.65" xref="u-2.75">Liisanpuistikko Park</segment>
		<segment id="s-2.66" xref="u-2.76">Gunnar Finne and Armas Lindgren</segment>
		<segment id="s-2.67" xref="u-2.77">1921</segment>
		<segment id="s-2.68" xref="u-2.79">M.A. CASTREN</segment>
		<segment id="s-2.69" xref="u-2.80">Matiaksenlehto Park</segment>
		<segment id="s-2.70" xref="u-2.81">Alpo Sailo</segment>
		<segment id="s-2.71" xref="u-2.82">1921</segment>
		<segment id="s-2.72" xref="u-2.83">J.W. SNELLMAN</segment>
		<segment id="s-2.73" xref="u-2.84">Snellmaninaukio Square</segment>
		<segment id="s-2.74" xref="u-2.85">Emil Wikström</segment>
		<segment id="s-2.75" xref="u-2.86">(year of completion</segment>
		<segment id="s-2.76" xref="u-2.87">1923</segment>
		<segment id="s-2.77" xref="u-2.88">1915)</segment>
		<segment id="s-2.78" xref="u-2.89">WATERCARRIER</segment>
		<segment id="s-2.79" xref="u-2.90">Katajanokan puisto Park</segment>
		<segment id="s-2.80" xref="u-2.91">Viktor Malmberg</segment>
		<segment id="s-2.81" xref="u-2.92">1924</segment>
		<segment id="s-2.82" xref="u-2.93">WADER</segment>
		<segment id="s-2.83" xref="u-2.94">Tähtitornin vuori Hill</segment>
		<segment id="s-2.84" xref="u-2.95">Wäinö Aaltonen</segment>
		<segment id="s-2.85" xref="u-2.96">1925</segment>
		<segment id="s-2.86" xref="u-2.97">ALBERT EDELFELT</segment>
		<segment id="s-2.87" xref="u-2.98">Juhani Ahon tie</segment>
		<segment id="s-2.88" xref="u-2.99">Ville Vallgren</segment>
		<segment id="s-2.89" xref="u-2.100">1927</segment>
		<segment id="s-2.90" xref="u-2.101">TELLERVO</segment>
		<segment id="s-2.91" xref="u-2.102">Kolmikulma Park</segment>
		<segment id="s-2.92" xref="u-2.103">Yrjö Liipola</segment>
		<segment id="s-2.93" xref="u-2.104">1928</segment>
		<segment id="s-2.94" xref="u-2.105">MOTHER LOVE</segment>
		<segment id="s-2.95" xref="u-2.106">Varsapuistikko Park</segment>
		<segment id="s-2.96" xref="u-2.107">Emil Cedercreutz</segment>
		<segment id="s-2.97" xref="u-2.108">1930</segment>
		<segment id="s-2.98" xref="u-2.109">YOUNG ELK</segment>
		<segment id="s-2.99" xref="u-2.110">Kaisaniemi Park</segment>
		<segment id="s-2.100" xref="u-2.111">Jussi Mäntynen</segment>
		<segment id="s-2.101" xref="u-2.112">1930</segment>
		<segment id="s-2.102" xref="u-2.113">CONVOLVULUS</segment>
		<segment id="s-2.103" xref="u-2.114">Kaisaniemi Park</segment>
		<segment id="s-2.104" xref="u-2.115">Viktor Jansson</segment>
		<segment id="s-2.105" xref="u-2.116">1931</segment>
		<segment id="s-2.106" xref="u-2.117">BEAR AT AN ANTHILL</segment>
		<segment id="s-2.107" xref="u-2.118">Karhupuisto Park</segment>
		<segment id="s-2.108" xref="u-2.119">Jussi Mäntynen</segment>
		<segment id="s-2.109" xref="u-2.120">1931</segment>
		<segment id="s-2.110" xref="u-2.121">MONUMENT UNDER THE SPRUCE OF INDEPENDENCE</segment>
		<segment id="s-2.111" xref="u-2.122">Kaivopuisto Park</segment>
		<segment id="s-2.112" xref="u-2.122-m">Unknown</segment>
		<segment id="s-2.113" xref="u-2.123">1931</segment>
		<segment id="s-2.114" xref="u-2.124">SUNDIAL</segment>
		<segment id="s-2.115" xref="u-2.125">Hietaranta Beach</segment>
		<segment id="s-2.116" xref="u-2.126">Gerda Qvist</segment>
		<segment id="s-2.117" xref="u-2.127">1931</segment>
		<segment id="s-2.118" xref="u-2.128">ALEXANDER I</segment>
		<segment id="s-2.119" xref="u-2.129">Unioninkatu 36</segment>
		<segment id="s-2.120" xref="u-2.130">Ivan Martos</segment>
		<segment id="s-2.121" xref="u-2.131">1932</segment>
		<segment id="s-2.122" xref="u-2.132">BOXERS</segment>
		<segment id="s-2.123" xref="u-2.133">Paasivuoren puistikko Park</segment>
		<segment id="s-2.124" xref="u-2.134">Johannes Haapasalo</segment>
		<segment id="s-2.125" xref="u-2.135">1932</segment>
		<segment id="s-2.126" xref="u-2.136">THREE SMITHS</segment>
		<segment id="s-2.127" xref="u-2.137">Kolmen sepän aukio Square</segment>
		<segment id="s-2.128" xref="u-2.138">Felix Nylund</segment>
		<segment id="s-2.129" xref="u-2.139">1932</segment>
		<segment id="s-2.130" xref="u-2.140">FACT AND FABLE</segment>
		<segment id="s-2.131" xref="u-2.141">(Z. Topelius)</segment>
		<segment id="s-2.132" xref="u-2.142">Esplanadipuisto Park</segment>
		<segment id="s-2.133" xref="u-2.143">Gunnar Finne</segment>
		<segment id="s-2.134" xref="u-2.144">1932</segment>
		<segment id="s-2.135" xref="u-2.145">TOPELIUS AND CHILDREN</segment>
		<segment id="s-2.136" xref="u-2.146">Koulupuistikko Park</segment>
		<segment id="s-2.137" xref="u-2.147">Ville Vallgren</segment>
		<segment id="s-2.138" xref="u-2.148">(year of completion</segment>
		<segment id="s-2.139" xref="u-2.149">1932</segment>
		<segment id="s-2.140" xref="u-2.150">1909)</segment>
	</segmentation>
	<rst-structure>
		<multi-span id="span-1.01" nuclei="s-1.01 s-1.02" relation="joint"/>
		<multi-span id="span-1.02" nuclei="span-1.01 s-1.03" relation="restatement"/>
		<multi-span id="span-1.03" nuclei="span-1.02 span-1.04" relation="joint"/>
		<multi-span id="span-1.04" nuclei="s-1.04 span-1.05 s-1.10" relation="joint"/>
		<span id="span-1.05" nucleus="s-1.05" satellites="s-1.06 s-1.07 s-1.08 s-1.09" relation="enablement"/>
	</rst-structure>
	<rst-structure>
		<multi-span id="span-2.01-m" nuclei="span-2.01 span-2.03 span-2.05 span-2.07 span-2.09 span-2.11 span-2.13 span-2.15 span-2.19 span-2.21 span-2.23 span-2.27 span-2.29 span-2.31 span-2.33 span-2.35 span-2.37 span-2.41 span-2.43 span-2.45 span-2.47 span-2.49 span-2.51 span-2.53 span-2.55 span-2.57 span-2.59 span-2.61 span-2.63 span-2.65 span-2.67 span-2.70" relation="list"/>
		<multi-span id="span-2.01" nuclei="span-2.02 s-2.03 s-2.04" relation="joint"/>
		<span id="span-2.02" nucleus="s-2.01" satellites="s-2.02" relation="enablement"/>
		
		<multi-span id="span-2.03" nuclei="span-2.04 s-2.07 s-2.08" relation="joint"/>
		<span id="span-2.04" nucleus="s-2.05" satellites="s-2.06" relation="enablement"/>
		
		<multi-span id="span-2.05" nuclei="span-2.06 s-2.11 s-2.12" relation="joint"/>
		<span id="span-2.06" nucleus="s-2.09" satellites="s-2.10" relation="enablement"/>
		
		<multi-span id="span-2.07" nuclei="span-2.08 s-2.16 s-2.17" relation="joint"/>
		<span id="span-2.08" nucleus="s-2.13" satellites="s-2.14 s-2.15" relation="enablement"/>
		
		<multi-span id="span-2.09" nuclei="span-2.10 s-2.20 s-2.21" relation="joint"/>
		<span id="span-2.10" nucleus="s-2.18" satellites="s-2.19" relation="enablement"/>
		
		<multi-span id="span-2.11" nuclei="span-2.12 s-2.24 s-2.25" relation="joint"/>
		<span id="span-2.12" nucleus="s-2.22" satellites="s-2.23" relation="enablement"/>
		
		<multi-span id="span-2.13" nuclei="span-2.14 s-2.28 s-2.29" relation="joint"/>
		<span id="span-2.14" nucleus="s-2.26" satellites="s-2.27" relation="enablement"/>
		
		<multi-span id="span-2.15" nuclei="span-2.16 span-2.17 span-2.18" relation="joint"/>
		<span id="span-2.16" nucleus="s-2.30" satellites="s-2.31" relation="enablement"/>
		<multi-span id="span-2.17" nuclei="s-2.32 s-2.34" relation="joint"/>
		<multi-span id="span-2.18" nuclei="s-2.33 s-2.35" relation="joint"/>
		
		<multi-span id="span-2.19" nuclei="span-2.20 s-2.38 s-2.39" relation="joint"/>
		<span id="span-2.20" nucleus="s-2.36" satellites="s-2.37" relation="enablement"/>
		
		<multi-span id="span-2.21" nuclei="span-2.22 s-2.43 s-2.44" relation="joint"/>
		<span id="span-2.22" nucleus="s-2.40" satellites="s-2.41 s-2.42" relation="enablement"/>
		
		<multi-span id="span-2.23" nuclei="span-2.24 span-2.25 span-2.26" relation="joint"/>
		<span id="span-2.24" nucleus="s-2.45" satellites="s-2.46 s-2.47" relation="enablement"/>
		<multi-span id="span-2.25" nuclei="s-2.48 s-2.50" relation="joint"/>
		<multi-span id="span-2.26" nuclei="s-2.49 s-2.51" relation="joint"/>
		
		<multi-span id="span-2.27" nuclei="span-2.28 s-2.54 s-2.55" relation="joint"/>
		<span id="span-2.28" nucleus="s-2.52" satellites="s-2.53" relation="enablement"/>
		
		<multi-span id="span-2.29" nuclei="span-2.30 s-2.58 s-2.59" relation="joint"/>
		<span id="span-2.30" nucleus="s-2.56" satellites="s-2.57" relation="enablement"/>

		<multi-span id="span-2.31" nuclei="span-2.32 s-2.62 s-2.63" relation="joint"/>
		<span id="span-2.32" nucleus="s-2.60" satellites="s-2.61" relation="enablement"/>
		
		<multi-span id="span-2.33" nuclei="span-2.34 s-2.66 s-2.67" relation="joint"/>
		<span id="span-2.34" nucleus="s-2.64" satellites="s-2.65" relation="enablement"/>
		
		<multi-span id="span-2.35" nuclei="span-2.36 s-2.70 s-2.71" relation="joint"/>
		<span id="span-2.36" nucleus="s-2.68" satellites="s-2.69" relation="enablement"/>
		
		<multi-span id="span-2.37" nuclei="span-2.38 span-2.39 span-2.40" relation="joint"/>
		<span id="span-2.38" nucleus="s-2.72" satellites="s-2.73" relation="enablement"/>
		<multi-span id="span-2.39" nuclei="s-2.74 s-2.76" relation="joint"/>
		<multi-span id="span-2.40" nuclei="s-2.75 s-2.77" relation="joint"/>
		
		<multi-span id="span-2.41" nuclei="span-2.42 s-2.80 s-2.81" relation="joint"/>
		<span id="span-2.42" nucleus="s-2.78" satellites="s-2.79" relation="enablement"/>
		
		<multi-span id="span-2.43" nuclei="span-2.44 s-2.84 s-2.85" relation="joint"/>
		<span id="span-2.44" nucleus="s-2.82" satellites="s-2.83" relation="enablement"/>
		
		<multi-span id="span-2.45" nuclei="span-2.46 s-2.88 s-2.89" relation="joint"/>
		<span id="span-2.46" nucleus="s-2.86" satellites="s-2.87" relation="enablement"/>
		
		<multi-span id="span-2.47" nuclei="span-2.48 s-2.92 s-2.93" relation="joint"/>
		<span id="span-2.48" nucleus="s-2.90" satellites="s-2.91" relation="enablement"/>
		
		<multi-span id="span-2.49" nuclei="span-2.50 s-2.96 s-2.97" relation="joint"/>
		<span id="span-2.50" nucleus="s-2.94" satellites="s-2.95" relation="enablement"/>
		
		<multi-span id="span-2.51" nuclei="span-2.52 s-2.100 s-2.101" relation="joint"/>
		<span id="span-2.52" nucleus="s-2.98" satellites="s-2.99" relation="enablement"/>
		
		<multi-span id="span-2.53" nuclei="span-2.54 s-2.104 s-2.105" relation="joint"/>
		<span id="span-2.54" nucleus="s-2.102" satellites="s-2.103" relation="enablement"/>
		
		<multi-span id="span-2.55" nuclei="span-2.56 s-2.108 s-2.109" relation="joint"/>
		<span id="span-2.56" nucleus="s-2.106" satellites="s-2.107" relation="enablement"/>
		
		<multi-span id="span-2.57" nuclei="span-2.58 s-2.112 s-2.113" relation="joint"/>
		<span id="span-2.58" nucleus="s-2.110" satellites="s-2.111" relation="enablement"/>
		
		<multi-span id="span-2.59" nuclei="span-2.60 s-2.116 s-2.117" relation="joint"/>
		<span id="span-2.60" nucleus="s-2.114" satellites="s-2.115" relation="enablement"/>
		
		<multi-span id="span-2.61" nuclei="span-2.62 s-2.120 s-2.121" relation="joint"/>
		<span id="span-2.62" nucleus="s-2.118" satellites="s-2.119" relation="enablement"/>
		
		<multi-span id="span-2.63" nuclei="span-2.64 s-2.124 s-2.125" relation="joint"/>
		<span id="span-2.64" nucleus="s-2.122" satellites="s-2.123" relation="enablement"/>
		
		<multi-span id="span-2.65" nuclei="span-2.66 s-2.128 s-2.129" relation="joint"/>
		<span id="span-2.66" nucleus="s-2.126" satellites="s-2.127" relation="enablement"/>
		
		<multi-span id="span-2.67" nuclei="span-2.68 s-2.133 s-2.134" relation="joint"/>
		<span id="span-2.68" nucleus="s-2.130" satellites="s-2.131" relation="elaboration"/>
		<span id="span-2.69" nucleus="span-2.68" satellites="s-2.132" relation="enablement"/>
		
		<multi-span id="span-2.70" nuclei="span-2.71 span-2.72 span-2.73" relation="joint"/>
		<span id="span-2.71" nucleus="s-2.135" satellites="s-2.136" relation="enablement"/>
		<multi-span id="span-2.72" nuclei="s-2.137 s-2.139" relation="joint"/>
		<multi-span id="span-2.73" nuclei="s-2.138 s-2.140" relation="joint"/>
	</rst-structure>
</gemRst>
