<?xml version="1.0" encoding="UTF-8"?>

<gemNav>
	<pointer id="p-2.01" type="cross-reference" from="s-2.02" to="e-1.01" range="document-internal">
		<content xref="u-2.02.2"/>
		<address xref="e-1.01" address-precision="start-only"/>
	</pointer>
	<pointer id="p-2.02" type="cross-reference" from="s-2.05" to="e-1.01" range="document-internal">
		<content xref="u-2.05.1"/>
		<address xref="e-1.01" address-precision="start-only"/>
	</pointer>
	<pointer id="p-2.03" type="cross-reference" from="s-2.05" to="e-1.01" range="document-internal">
		<content xref="u-2.05.3"/>
		<address xref="e-1.01" address-precision="start-only"/>
	</pointer>
	<pointer id="p-2.05" type="cross-reference" from="s-2.10" to="e-1.01" range="document-internal">
		<content xref="u-2.10.1"/>
		<address xref="e-1.01" address-precision="start-only"/>
	</pointer>
	<pointer id="p-2.06" type="cross-reference" from="s-2.11" to="e-1.01" range="document-internal">
		<content xref="u-2.11.2"/>
		<address xref="e-1.01" address-precision="start-only"/>
	</pointer>
	<pointer id="p-2.07" type="cross-reference" from="s-2.14" to="e-1.01" range="document-internal">
		<content xref="u-2.14.2"/>
		<address xref="e-1.01" address-precision="start-only"/>
	</pointer>
	<pointer id="p-2.08" type="cross-reference" from="s-2.16" to="e-1.01" range="document-internal">
		<content xref="u-2.16.2"/>
		<address xref="e-1.01" address-precision="start-only"/>
	</pointer>
	<pointer id="p-2.09" type="cross-reference" from="s-2.16" to="e-1.01" range="document-internal">
		<content xref="u-2.16.3"/>
		<address xref="e-1.01" address-precision="start-only"/>
	</pointer>
	<pointer id="p-2.10" type="cross-reference" from="s-2.16" to="e-1.01" range="document-internal">
		<content xref="u-2.16.4"/>
		<address xref="e-1.01" address-precision="start-only"/>
	</pointer>
	<pointer id="p-2.11" type="cross-reference" from="s-2.20" to="e-1.01" range="document-internal">
		<content xref="u-2.20.1"/>
		<address xref="e-1.01" address-precision="start-only"/>
	</pointer>
	<pointer id="p-2.12" type="cross-reference" from="s-2.21" to="e-1.01" range="document-internal">
		<content xref="u-2.21.2"/>
		<address xref="e-1.01" address-precision="start-only"/>
	</pointer>
	<pointer id="p-2.13" type="cross-reference" from="s-2.23" to="e-1.01" range="document-internal">
		<content xref="u-2.23.2"/>
		<address xref="e-1.01" address-precision="start-only"/>
	</pointer>
	<pointer id="p-2.14" type="cross-reference" from="s-2.24" to="e-1.01" range="document-internal">
		<content xref="u-2.24.1"/>
		<address xref="e-1.01" address-precision="start-only"/>
	</pointer>
	<pointer id="p-2.15" type="cross-reference" from="s-2.27" to="e-1.01" range="document-internal">
		<content xref="u-2.27.1"/>
		<address xref="e-1.01" address-precision="start-only"/>
	</pointer>
	<pointer id="p-2.16" type="cross-reference" from="s-2.30" to="e-1.01" range="document-internal">
		<content xref="u-2.30.2"/>
		<address xref="e-1.01" address-precision="start-only"/>
	</pointer>
	<pointer id="p-2.17" type="cross-reference" from="s-2.31" to="e-1.01" range="document-internal">
		<content xref="u-2.31.2"/>
		<address xref="e-1.01" address-precision="start-only"/>
	</pointer>
	<pointer id="p-2.18" type="cross-reference" from="s-2.33" to="e-1.01" range="document-internal">
		<content xref="u-2.33.2"/>
		<address xref="e-1.01" address-precision="start-only"/>
	</pointer>
	<pointer id="p-2.19" type="cross-reference" from="s-2.38" to="e-1.01" range="document-internal">
		<content xref="u-2.38.2"/>
		<address xref="e-1.01" address-precision="start-only"/>
	</pointer>
	<pointer id="p-2.20" type="cross-reference" from="s-2.43" to="e-1.01" range="document-internal">
		<content xref="u-2.43.2"/>
		<address xref="e-1.01" address-precision="start-only"/>
	</pointer>
	<pointer id="p-2.21" type="cross-reference" from="s-2.44" to="e-1.01" range="document-internal">
		<content xref="u-2.44.2"/>
		<address xref="e-1.01" address-precision="start-only"/>
	</pointer>
	<pointer id="p-2.22" type="cross-reference" from="s-2.44" to="e-1.01" range="document-internal">
		<content xref="u-2.44.4"/>
		<address xref="e-1.01" address-precision="start-only"/>
	</pointer>
	<pointer id="p-2.23" type="cross-reference" from="s-2.49" to="e-1.01" range="document-internal">
		<content xref="u-2.49.1"/>
		<address xref="e-1.01" address-precision="start-only"/>
	</pointer>
	<pointer id="p-2.24" type="cross-reference" from="s-2.52" to="e-1.01" range="document-internal">
		<content xref="u-2.52.1"/>
		<address xref="e-1.01" address-precision="start-only"/>
	</pointer>
	<pointer id="p-2.25" type="cross-reference" from="s-2.54" to="e-1.01" range="document-internal">
		<content xref="u-2.54.2"/>
		<address xref="e-1.01" address-precision="start-only"/>
	</pointer>
	<pointer id="p-2.26" type="cross-reference" from="s-2.59" to="e-1.01" range="document-internal">
		<content xref="u-2.59.1"/>
		<address xref="e-1.01" address-precision="start-only"/>
	</pointer>
	<pointer id="p-2.27" type="cross-reference" from="s-2.63" to="e-1.01" range="document-internal">
		<content xref="u-2.63.1"/>
		<address xref="e-1.01" address-precision="start-only"/>
	</pointer>
	<pointer id="p-2.28" type="cross-reference" from="s-2.64" to="e-1.01" range="document-internal">
		<content xref="s-2.64.1"/>
		<address xref="e-1.01" address-precision="start-only"/>
	</pointer>
	<pointer id="p-2.29" type="cross-reference" from="s-2.66" to="e-1.01" range="document-internal">
		<content xref="u-2.66.2"/>
		<address xref="e-1.01" address-precision="start-only"/>
	</pointer>
	<pointer id="p-2.30" type="cross-reference" from="s-2.69" to="e-1.01" range="document-internal">
		<content xref="s-2.69.2"/>
		<address xref="e-1.01" address-precision="start-only"/>
	</pointer>
	<pointer id="p-2.31" type="cross-reference" from="s-2.73" to="e-1.01" range="document-internal">
		<content xref="u-2.73.1"/>
		<address xref="e-1.01" address-precision="start-only"/>
	</pointer>
	<pointer id="p-2.32" type="cross-reference" from="s-2.73" to="e-1.01" range="document-internal">
		<content xref="u-2.73.3"/>
		<address xref="e-1.01" address-precision="start-only"/>
	</pointer>
	<pointer id="p-2.33" type="cross-reference" from="s-2.76" to="e-1.01" range="document-internal">
		<content xref="u-2.76.2"/>
		<address xref="e-1.01" address-precision="start-only"/>
	</pointer>
	<entry id="e-1.01" xref="u-1.12" rst-span="s-1.09"/>
</gemNav>
