<?xml version="1.0" encoding="UTF-8"?>

<gemRst>
	<segmentation><!-- Front and back covers -->
		<segment id="s-1.01" xref="u-1.02">Publisher:</segment>
		<segment id="s-1.02" xref="u-1.03">Helsinki City Tourist Office</segment>
		<segment id="s-1.03" xref="u-1.04">Pohjoisesplanadi 19</segment>
		<segment id="s-1.04" xref="u-1.05">00100 Helsinki 10</segment>
		<segment id="s-1.05" xref="u-1.06">Tel. 169 3757 and 174 088</segment>
		<segment id="s-1.06" xref="u-1.08">A walking tour in Helsinki</segment>
		<segment id="s-1.07" xref="u-1.09">ELÄINTARHA - TÖÖLÖ</segment>
		<segment id="s-1.08" xref="u-1.10" alt="Illustration: Route length"/>
		<segment id="s-1.09" xref="u-1.12" alt="Map: Area and route map"/>
		<segment id="s-2.01" xref="u-2.01">ELÄINTARHA AND TÖÖLÖ</segment><!-- Pages 1-2 --><!-- SEQUENCE -->
		<segment id="s-2.02" xref="u-2.02">To begin our walking tour of Eläintarha we shall assemble in front of the NATIONAL THEATRE (1)</segment>.
		<segment id="s-2.03" xref="u-2.03">The theatre was built to the plans of Professor Onni Tarjanne in 1902; the frescoes in the parterre are by Juho Rissanen and the paintings on the ceiling by Yrjö Ollila.</segment><!-- SEQUENCE -->
		<segment id="s-2.04" xref="u-2.04">We can set off on our walking trip by going along the alley on the western side of the theatre, i.e. Läntinen Teatterikuja.</segment>
		<segment id="s-2.05" xref="u-2.05">On our left we have the administrative building (2) of the NATIONAL BOARD OF RAILWAYS, completed in 1910, and on the right a quadrangular building (3) containing the Minor Auditorium of the National Theatre and the Theatrical School.</segment><!-- SEQUENCE -->
		<segment id="s-2.06" xref="u-2.06">We continue straight through Kaisaniemi Park, with the fountain pool "Convolvulus" by Viktor Jansson and a bust of the composer Frederik Pacius by Emil Wikström to the right and on the slope to the left a sculpture, "The Elk", by Jussi Mäntynen.</segment>
		<segment id="s-2.07" xref="u-2.07">If we continue our journey we can see to the left a smoky railway marshalling yard and to the right, in sharp contrast, a verdant park, playing fields, and at the north-eastern corner of the larger of the playing fields, a grave to Major Frederik Granatenhjelm, a leading Freemason who died in 1784.</segment>
		<segment id="s-2.08" xref="u-2.08">His tombstone bears this inscription: "It doesn't matter whether the world knows who rests here. God knows of his deeds and the wretched bless his memory".</segment>
		<segment id="s-2.09" xref="u-2.09">The park itself dates from the 19th century and acquired its name from Kajsa Wahllund, who once kept a restaurant popular with students there.</segment>
		<segment id="s-2.10" xref="u-2.10">The restaurant (4) is now well over a hundred years old.</segment>
		<segment id="s-2.11" xref="u-2.11">We shall leave it to our left as we proceed to the waterfront and then turn sharp right, noticing on our left one of the BOTANICAL GARDENS OF THE UNIVERSITY of Helsinki (5).</segment>
		<segment id="s-2.12" xref="u-2.12">The grounds of the Botanical Gardens contain a stone table used by the Freemasons for their meetings.</segment><!-- SEQUENCE -->
		<segment id="s-2.13" xref="u-2.13">Turning left we cross over the Pitkäsilta or "Long Bridge", which was completed in 1912 and from which one can see Kaisaniemi Bay on the left, while the newer Hakaniemi Bridge is visible on the right.</segment>
		<segment id="s-2.14" xref="u-2.14">Directly in front of us is Lars Sonck's grey granite KALLIO CHURCH (6), completed in 1912.</segment>
		<segment id="s-2.15" xref="u-2.15">Its steeple rises to a height of 95 metres above sea level.</segment>
		<segment id="s-2.16" xref="u-2.16">On continuing our journey we pass the restaurant Sillankorva (7) and the department store Elanto Centrum (8) on the left and on the right the shopping and office complex Meritalo (9).</segment>
		<segment id="s-2.17" xref="u-2.17">It has a total volume of 100.000 m3 and contains numerous shops, offices and the hotel and restaurant "Merihotelli Cumulus".</segment><!-- SEQUENCE -->
		<segment id="s-2.18" xref="u-2.18">Thus we will have arrived at the corner of Hakaniemi Square.</segment>
		<segment id="s-2.19" xref="u-2.19">The flourishing market has had to shrink somewhat to make way for traffic and on the fringes of the square new buildings have arisen in place of the older ones being demolished.</segment>
		<segment id="s-2.20" xref="u-2.20">If we turn left into Paasivuorenkatu we shall see the small Paasivuori Park containing a statue called "The Boxers" by Johannes Haapasalo (1930) (10).</segment>
		<segment id="s-2.21" xref="u-2.21">An impressive sight in this district of Siltasaari is the TYÖVÄENTALO ("Workers' House") (11), with its grey granite walls, red roof and steep pinnacles, which was completed in 1908 to the plans of the architect Karl Lindahl.</segment>
		<segment id="s-2.22" xref="u-2.22">We leave this building on our right as we proceed along the quay called Säästöpankinranta and arrive back at Hakaniemi Square.</segment>
		<segment id="s-2.23" xref="u-2.23">Directly in front of us we can see the HAKANIEMI MARKET HALL (12), an indoor market, and opposite it a three-pinnacled apartment building, Arena, designed by Lars Sonck.</segment>
		<segment id="s-2.24" xref="u-2.24">On our right-hand side is the office building belonging to the Postal Bank (13).</segment>
		<segment id="s-2.25" xref="u-2.25">This modern building was designed by the architect team of Pernaja and Sandell.</segment><!-- SEQUENCE -->
		<segment id="s-2.26" xref="u-2.26">We now turn sharply to the left to follow the shoreline of the bay called "Eläintarhanlahti".</segment>
		<segment id="s-2.27" xref="u-2.27">The first building on our right is the circular building "Ympyrätalo" (The Round House) (14), which was designed by Kaija and Heikki Siren.</segment>
		<segment id="s-2.28" xref="u-2.28">Owned by Kansallis-Osake-Pankki (a bank), this building has 9 overground stories and two underground levels.</segment>
		<segment id="s-2.29" xref="u-2.29">Its total volume is 125.000 m3.</segment>
		<segment id="s-2.30" xref="u-2.30">Having passed the Round House, we come to the CITY ADMINISTRATIVE BUILDING (15), which was designed by Heikki Siren.</segment>
		<segment id="s-2.31" xref="u-2.31">The CITY THEATRE (16), a modern building with a volume of about 100.000 m3 designed by the architect Timo Penttilä is next to the City Administrative Building.</segment><!-- SEQUENCE -->
		<segment id="s-2.32" xref="u-2.32">On continuing our trip along Eläintarhantie we pass an area containing old wooden villas that are now condemned to demolition.</segment>
		<segment id="s-2.33" xref="u-2.33">Crossing the railway line, we reach an arm of Töölönlahti Bay with the DEACONESS INSTITUTION (17) on the low hill on the right.</segment>
		<segment id="s-2.34" xref="u-2.34">The Deaconess Institution was established by Aurora Karamzin in 1867 to train diaconia workers.</segment>
		<segment id="s-2.35" xref="u-2.35">The present building was completed in 1898.</segment>
		<segment id="s-2.36" xref="u-2.36">Next we swing to the left along the shoreline.</segment>
		<segment id="s-2.37" xref="u-2.37">It is really worthwhile to stop for a breather at this point, because the view of the city from this vantage is very pretty, especially when it is lit up in the evenings.</segment>
		<segment id="s-2.38" xref="u-2.38">On the right is the CITY'S CONSERVATOIRE with its rockeries and greenhouses (18).</segment>
		<segment id="s-2.39" xref="u-2.39">A bust of H. Bergström by Walter Runeberg (1888) stands in the forecourt.</segment>
		<segment id="s-2.40" xref="u-2.40">H. Borgström was the person responsible for the establishment of the Eläintarha Nature Park.</segment>
		<segment id="s-2.41" xref="u-2.41">"Eläintarha" means "zoological gardens" and indeed the gardens were originally intended to become a zoo.</segment>
		<segment id="s-2.42" xref="u-2.42">Their beautiful condition today is the result of decades of persevering labour.</segment><!-- SEQUENCE -->
		<segment id="s-2.43" xref="u-2.43">We now arrive at the hill called MÄNTYMÄKI (19), where the labour movement traditionally assembles on May Day.</segment>
		<segment id="s-2.44" xref="u-2.44">Further to the right is the SWIMMING STADIUM (20) (Jorma Järvi, 1940) and the OLYMPIC STADIUM (21) (Yrjö Lindgren and Toivo Jäntti).</segment>
		<segment id="s-2.45" xref="u-2.45">The reinforced-concrete walls of the stadium enclose a green pitch surrounded by a black running track.</segment>
		<segment id="s-2.46" xref="u-2.46">The tower of the stadium is 72 metres in height.</segment>
		<segment id="s-2.47" xref="u-2.47">The annexe building houses the Sports Museum and the small park in front of the stadium contains a statue of the famous Finnish athlete Paavo Nurmi (Wäinö Aaltonen, 1924).</segment>
		<segment id="s-2.48" xref="u-2.48">The restaurant on the left called "Töölönranta" is a favourite spot for refreshments because of its beautiful location.</segment><!-- SEQUENCE -->
		<segment id="s-2.49" xref="u-2.49">The long, low building on the right (22) was designed by Aarne Hytönen and R.V. Luukkonen.</segment>
		<segment id="s-2.50" xref="u-2.50">It was formerly the Exhibition Hall, but it is now used by the City of Helsinki as a sports hall.</segment>
		<segment id="s-2.51" xref="u-2.51">If we turn left into Mannerheimintie we pass the Office of the Finnish Sugar Company to our left.</segment>
		<segment id="s-2.52" xref="u-2.52">In front of its stands the "Sugar Girl" statue (23) (Viljo Savikurki, 1956).</segment>
		<segment id="s-2.53" xref="u-2.53">The modern office building beside the Finnish Sugar Company's office ws completed in the 1970's.</segment>
		<segment id="s-2.54" xref="u-2.54">The park on our left with its walking paths and sports fields is HESPERIA PARK (24).</segment>
		<segment id="s-2.55" xref="u-2.55">This park has been proposed as the site of several cultural buildings.</segment>
		<segment id="s-2.56" xref="u-2.56">These include FINLANDIA HALL and its congress Wing, which were designed by Alvar Aalto and completed in the 1970's.</segment>
		<segment id="s-2.57" xref="u-2.57">On the top of a small mound is a statue of the minstrel Larin Paraske by Alpo Sailo (1949).</segment><!-- SEQUENCE -->
		<segment id="s-2.58" xref="u-2.58">The tall buildings to the right are modern hotels.</segment>
		<segment id="s-2.59" xref="u-2.59">Further along to the right is the spendid creation of the team of architects Gesellius, Lindgren and Saarinen, the National museum (25), which was completed in 1906.</segment>
		<segment id="s-2.60" xref="u-2.60">The ceiling of the museum's main hall is decorated with frescoes painted by Akseli Gallen-Kallela and depicting scenes from the Kalevala, Finland's national epic.</segment>
		<segment id="s-2.61" xref="u-2.61">The small park beside the museum called Matiaksenlehto contains a statue of the Finnish ethnologist M.A. Castren.</segment>
		<segment id="s-2.62" xref="u-2.62">Behind the little park is the Ostrobothnia building, which belongs to the student fraternity representing students from the district of Ostrobothnia in northwestern Finland.</segment>
		<segment id="s-2.63" xref="u-2.63">This building (26) was designed by Wäinö Palmqvist and Einar Sjöström.</segment><!-- SEQUENCE -->
		<segment id="s-2.64" xref="u-2.64">To the left, opposite the National Museum, is Hakasalmi Villa (27) (architect Ernst Lohrman, 1846), the former home of Aurora Karamzin, which she donated to the City of Helsinki.</segment>
		<segment id="s-2.65" xref="u-2.65">Since 1912, it has been the CITY MUSEUM, which provides visitors with an insight into the life and the ways of the old inhabitants of Helsinki.</segment><!-- SEQUENCE -->
		<segment id="s-2.66" xref="u-2.66">If we continue our journey we shall pass the PARLIAMENT HOUSE (28) built of grey Kaivola granite according to the plans of Professor J.S. Siren.</segment>
		<segment id="s-2.67" xref="u-2.67">It was completed in 1930.</segment>
		<segment id="s-2.68" xref="u-2.68">In the tiny park in front of the Parliament House is a statue of President Kyösti Kallio sculpted by his son, Kalervo Kallio, as well as, in front of the steps, statues of presidents K.J. Ståhlberg and P.E. Svinhufvud by Wäinö Aaltonen.</segment><!-- SEQUENCE -->
		<segment id="s-2.69" xref="u-2.69">To our left are the railway marshalling yards, which are soon to be transferred to a new location, and the functional MAIN POST OFFICE (29) built of light-coloured bricks and designed by j. Järvi and E. Lindroos.</segment>
		<segment id="s-2.70" xref="u-2.70">In front of the post office is a bronze equestrian statue of Field Marshal Mannerheim (Aimo Tukiainen).</segment>
		<segment id="s-2.71" xref="u-2.71">The statue was unveiled on 4.6.1960.</segment>
		<segment id="s-2.72" xref="u-2.72">Opposite to the post office stands a memorial to President J.K. Paasikivi called East and West (Harry Kivijärvi 1980).</segment>
		<segment id="s-2.73" xref="u-2.73">(30) The low building in front of the BUS STATION is called "Lasipalatsi" ("Glass Palace") (31).</segment>
		<segment id="s-2.74" xref="u-2.74">It was designed by the architect team of Kokko, Riihimäki and Revell and completed in 1935 as a temporary business building on the site of the old Turku Barracks, which had been destroyed in 1918.</segment>
		<segment id="s-2.75" xref="u-2.75">Alvar Aalto prepared a city plan which, when realized, will transform the appearance of these districts all the way from the goods railway station to Maria Hospital.</segment><!-- SEQUENCE -->
		<segment id="s-2.76" xref="u-2.76">If we proceed towards the RAILWAY STATION through the street called Postikatu, we see the Sokos department store (32) on our right.</segment>
		<segment id="s-2.77" xref="u-2.77">It was designed by the architect Erkki Huttunen and completed in 1952.</segment>
		<segment id="s-2.78" xref="u-2.78">And that brings us back to where we started off from, the Railway Square.</segment>
	</segmentation>
	<rst-structure>
		<multi-span id="span-1.01" nuclei="s-1.01 span-1.02" relation="joint"/>
		<span id="span-1.02" nucleus="s-1.02" satellites="span-1.03" relation="enablement"/>
		<multi-span id="span-1.03" nuclei="s-1.03 s-1.04 s-1.05" relation="joint"/>

		<multi-span id="span-1.04" nuclei="s-1.06 s-1.07 s-1.08" relation="joint"/>
		<multi-span id="span-1.05" nuclei="span-1.04 s-1.09" relation="joint"/>
		
		<multi-span id="span-1.06" nuclei="span-1.01 span-1.05" relation="joint"/>
	</rst-structure>
	<rst-structure>
		<multi-span id="span-2.01" nuclei="span-2.02 span-2.03 span-2.04 span-2.09 span-2.13 span-2.19 span-2.24 span-2.34 span-2.36 span-2.42 span-2.46 span-2.47 span-2.49 span-2.53" relation="sequence">
			<title xref="s-2.01"/>
		</multi-span>
		<span id="span-2.02" nucleus="s-2.02" satellites="s-2.03" relation="elaboration"/>
		<span id="span-2.03" nucleus="s-2.04" satellites="s-2.05" relation="elaboration"/><!-- RST structure begins to deepen here -->
		<span id="span-2.04" nucleus="s-2.06" satellites="span-2.05 span-2.06 span-2.08" relation="elaboration"/>
		<span id="span-2.05" nucleus="s-2.08" satellites="s-2.07" relation="preparation"/>
		<span id="span-2.06" nucleus="s-2.09" satellites="s-2.10" relation="elaboration"/>
		<span id="span-2.08" nucleus="s-2.11" satellites="s-2.12" relation="elaboration"/><!-- Return to the main sequence -->
		
		<multi-span id="span-2.09" nuclei="span-2.10 span-2.12" relation="sequence"/>
		<span id="span-2.10" nucleus="s-2.14" satellites="s-2.13" relation="preparation"/>
		<span id="span-2.11" nucleus="s-2.14" satellites="s-2.15" relation="elaboration"/>
		<span id="span-2.12" nucleus="s-2.16" satellites="s-2.17" relation="elaboration"/><!-- RST structure deepens-->
		<multi-span id="span-2.13" nuclei="span-2.14 span-2.15 span-2.17" relation="sequence"/>
		<span id="span-2.14" nucleus="s-2.18" satellites="s-2.19" relation="concession"/>
		<span id="span-2.15" nucleus="s-2.21" satellites="s-2.20" relation="condition"/>
		<span id="span-2.16" nucleus="s-2.22" satellites="span-2.15" relation="means"/>
		<span id="span-2.17" nucleus="s-2.23" satellites="span-2.18" relation="elaboration"/>
		<span id="span-2.18" nucleus="s-2.24" satellites="s-2.25" relation="elaboration"/><!-- Return to the main sequence -->
		<span id="span-2.19" nucleus="s-2.26" satellites="span-2.20" relation="elaboration"/>
		<span id="span-2.20" nucleus="s-2.27" satellites="span-2.21" relation="elaboration"/>
		<span id="span-2.21" nucleus="s-2.28" satellites="s-2.29" relation="elaboration"/>
		<span id="span-2.22" nucleus="s-2.30" satellites="span-2.19" relation="means"/>
		<multi-span id="span-2.23" nuclei="s-2.30 s-2.31" relation="joint"/><!-- Return to the main sequence -->
		<multi-span id="span-2.24" nuclei="span-2.25 span-2.28" relation="sequence"/>
		<multi-span id="span-2.25" nuclei="s-2.32 span-2.26" relation="sequence"/>
		<span id="span-2.26" nucleus="s-2.33" satellites="span-2.27" relation="elaboration"/>
		<span id="span-2.27" nucleus="s-2.34" satellites="s-2.35" relation="elaboration"/>
		<span id="span-2.28" nucleus="s-2.36" satellites="s-2.37" relation="evaluation"/>
		<span id="span-2.29" nucleus="span-2.28" satellites="s-2.38" relation="elaboration"/>
		<span id="span-2.30" nucleus="s-2.38" satellites="span-2.31" relation="elaboration"/>
		<span id="span-2.31" nucleus="s-2.39" satellites="span-2.32" relation="elaboration"/>
		<span id="span-2.32" nucleus="s-2.41" satellites="s-2.40" relation="background"/>
		<span id="span-2.33" nucleus="s-2.41" satellites="s-2.42" relation="evaluation"/><!-- Return to the main sequence -->
		<multi-span id="span-2.34" nuclei="s-2.43 span-2.35 s-2.48" relation="joint"/>
		<span id="span-2.35" nucleus="s-2.44" satellites="s-2.45 s-2.46 s-2.47" relation="elaboration"/><!-- Return to the main sequence -->
		<multi-span id="span-2.36" nuclei="span-2.37 span-2.39 span-2.40" relation="sequence"/>
		<span id="span-2.37" nucleus="s-2.49" satellites="s-2.50" relation="elaboration"/>
		<span id="span-2.38" nucleus="span-2.39" satellites="s-2.51" relation="condition"/>
		<span id="span-2.39" nucleus="s-2.52" satellites="s-2.53" relation="elaboration"/>
		<span id="span-2.40" nucleus="s-2.54" satellites="span-2.41 s-2.57" relation="elaboration"/>
		<span id="span-2.41" nucleus="s-2.55" satellites="s-2.56" relation="elaboration"/><!-- Return to the main sequence -->
		<multi-span id="span-2.42" nuclei="s-2.58 span-2.43" relation="joint"/>
		<span id="span-2.43" nucleus="s-2.59" satellites="s-2.60 span-2.44" relation="elaboration"/>
		<span id="span-2.44" nucleus="s-2.61" satellites="span-2.45" relation="elaboration"/>
		<span id="span-2.45" nucleus="s-2.62" satellites="s-2.63" relation="elaboration"/><!-- Return to the main sequence -->
		<span id="span-2.46" nucleus="s-2.64" satellites="s-2.65" relation="elaboration"/><!-- Return to the main sequence -->
		<span id="span-2.47" nucleus="s-2.66" satellites="s-2.67 s-2.68" relation="elaboration"/><!-- Return to the main sequence -->
		
		<span id="span-2.49" nucleus="s-2.69" satellites="span-2.50 span-2.50-m" relation="elaboration"/>
		<span id="span-2.50" nucleus="s-2.70" satellites="s-2.71" relation="elaboration"/>
		<span id="span-2.50-m" nucleus="s-2.72" satellites="span-2.51" relation="elaboration"/>
		<span id="span-2.51" nucleus="s-2.73" satellites="s-2.74" relation="elaboration"/>
		<span id="span-2.52" nucleus="span-2.49" satellites="s-2.75" relation="condition"/><!-- Return to the main sequence -->
		<span id="span-2.53" nucleus="s-2.76" satellites="s-2.77" relation="elaboration"/>
		<span id="span-2.54" nucleus="span-2.53" satellites="s-2.78" relation="volitional-result"/>
	</rst-structure>
</gemRst>
