<?xml version="1.0" encoding="UTF-8"?>

<gemBase>
	<unit id="u-1.01" alt="Map: Four Tourist Islands"/>
	<unit id="u-1.11">Boat services to the "Tourist Islands"</unit>
	<unit id="u-1.12">The map shows the routes of the motorboats and ferries that serve the islands.</unit>
	<unit id="u-1.13">The departure points are: the Market Square, Pohjoissatama, Hakaniemi and Laivurinkatu.</unit>
	<unit id="u-1.14">Several guided tours of the nearby archipelago start each day from the Market Square and Hakaniemi.</unit>
	<unit id="u-1.15">One can reach Seurasaari by taking bus no. 24 from Erottaja (beside the Swedish Theatre) to the last stop.</unit>
	<unit id="u-1.16">Bus no. 16 or any of the buses going along the Itäväylä road will take you to Mustikkamaa, which is connected by a footbridge with Korkeasaari.</unit>
	<unit id="u-1.17" alt="Photo: Boats and marina"/>
	<unit id="u-1.18">Helsinki's four tourist islands
        <unit id="u-1.18.1">Helsinki's</unit>
		<unit id="u-1.18.2">four tourist islands</unit>
	</unit>
	<unit id="u-2.01" alt="Photo: Water bus"/>
	<unit id="u-2.02" alt="Photo: Fortifications"/>
	<unit id="u-2.03" alt="Photo: Aerial photo of Suomenlinna"/>
	<unit id="u-2.04">Experience Helsinki by Sea</unit>
	<unit id="u-2.05">Half of Helsinki's area is water and the people of the city are keen boating enthusiasts.</unit>
	<unit id="u-2.06">There are about a dozen boat clubs, which also provide jetty space for visitors' boats.</unit>
	<unit id="u-2.07">In summer, several guided tours of the nearby archipelago depart from the Market Square and Hakaniemi quaysides.</unit>
	<unit id="u-2.08">One can also fish in and around the city.</unit>
	<unit id="u-2.09">More detailed information can be obtained from the City Tourist Office.</unit>
	<unit id="u-2.10">The four "Tourist Islands" are interesting places for tourists to visit.</unit>
	<unit id="u-2.11">These are: Korkeasaari with its zoo, Pihlajasaari with its beaches, Seurasaari with its open-air museum and Suomenlinna with its historical fortress.</unit>
	<unit id="u-2.12">All four are well connected with the mainland by ferries or bridges.</unit>
	<unit id="u-2.13" alt="Illustration: Coat of Arms"/>
	<unit id="u-2.14">Helsinki City Tourist Office</unit>
	<unit id="u-2.15">Pohjoisesplanadi 19. tel 1693757 and 174088.</unit>
	<unit id="u-2.16">Open 16.5.-15.9. Monday to Friday 8.30 am - 6 pm, Saturdays 8.30 am - 1 pm: 16.9.-15.5. Mondays 8.30 am - 4.30 pm Tuesday to Friday 8.30 am - 4 pm.</unit>
	<unit id="u-2.17">Helsinki today, information on current events taking place in Helsinki, tel. 058.</unit>
	<unit id="u-2.18" alt="Photo: Boats in a marina"/>
	<unit id="u-3.01" alt="Photo: Pier"/>
	<unit id="u-3.02" alt="Photo: Owl"/>
	<unit id="u-3.03" alt="Photo: Goat"/>
	<unit id="u-3.04">Korkeasaari</unit>
	<unit id="u-3.05">Korkeasaari is the only general zoo in Finland and it was established in 1889.</unit>
	<unit id="u-3.06">The zoo contains about 80 species of mammals and 100 species of birds.</unit>
	<unit id="u-3.07">In particular, species from cold and mountain regions thrive there.</unit>
	<unit id="u-3.08">The animals include Siberian tigers, snow leopards, cheetahs, lesser pandas, musk oxen and Rocky Mountain goats.</unit>
	<unit id="u-3.09">The snowleopards have brought Korkeasaari international fame, because they thrive better there than in any other zoo.</unit>
	<unit id="u-3.10">In the small animals hall, artificial lighting has been used to change day into night, enabling visitors to study the habits of nocturnal animals.</unit>
	<unit id="u-3.11">By following a numbered route one can see all the animals in the zoo.</unit>
	<unit id="u-3.12">There is a summer restaurant, in addition to several cafés on the island.</unit>
	<unit id="u-3.13">The zoo is open all the year round.</unit>
	<unit id="u-3.14">
		<unit id="u-3.14.1">Information:</unit>
		<unit id="u-3.14.2">office open all year round and information booth from 1 May to 30 September, tel. 170 077.</unit>
	</unit>
	<unit id="u-3.15">
		<unit id="u-3.15.1">How to get there:</unit>
		<unit id="u-3.15.2">by footbridge from Mustikkamaa, or from May to September, by ferry from Pohjoissatama and motorboat from Pohjoissatama, Hakaniemi and the Market Square.</unit>
	</unit>
	<unit id="u-3.16" alt="Map: Korkeasaari"/>
	<unit id="u-3.33" alt="Photo: Deer"/>
	<unit id="u-3.34" alt="Photo: Audience"/>
	<unit id="u-3.35" alt="Photo: Seal"/>
	<unit id="u-4.01" alt="Photo: Path"/>
	<unit id="u-4.02" alt="Photo: Rocks"/>
	<unit id="u-4.03" alt="Photo: Children"/>
	<unit id="u-4.04">Pihlajasaari</unit>
	<unit id="u-4.05">The recreational park on Pihlajasaari is a popular summer oasis and excursion destination only a couple of kilometers from the inner city.</unit>
	<unit id="u-4.06">There are two islands, which are connected by a footbridge.</unit>
	<unit id="u-4.07">They lie off Merisatama and are owned by the city.</unit>
	<unit id="u-4.08">The scenery on the islands varies from sandy beaches through smooth, glacier-polished rock to deciduous and evergreen forest, rocky hills and beautiful footpaths.</unit>
	<unit id="u-4.09">The cliffs on the southern side command a splendid view of the open sea.</unit>
	<unit id="u-4.10">The western island has a sandy beach with changing cabins, kiosks and a summer café.</unit>
	<unit id="u-4.11">On the eastern island is a covered outdoor grill where people can grill sausages and make coffee.</unit>
	<unit id="u-4.12">
		<unit id="u-4.12.1">Information:</unit>
		<unit id="u-4.12.2">in summer, from the park supervisor, tel. 630 065.</unit>
	</unit>
	<unit id="u-4.13">
		<unit id="u-4.13.1">How to get there:</unit>
		<unit id="u-4.13.2">motorboat service from Laivurinkatu from May to the end of August.</unit>
	</unit>
	<unit id="u-4.14">The trip takes about 15 minutes.</unit>
	<unit id="u-4.15" alt="Map: Pihlajasaari"/>
	<unit id="u-4.22" alt="Photo: Child"/>
	<unit id="u-4.23" alt="Photo: Beach"/>
	<unit id="u-5.01" alt="Photo: Earthworks"/>
	<unit id="u-5.02" alt="Photo: Earthworks 2"/>
	<unit id="u-5.03" alt="Photo: Gate"/>
	<unit id="u-5.04">Suomenlinna</unit>
	<unit id="u-5.05">Suomenlinna is both a recreational and museum area and a functioning part of the city.</unit>
	<unit id="u-5.06">Work on the great sea fortress of Viapori, intended to be the main base for the defence of Finland, began under the supervision of Augustin Ehrensvärd in 1748.</unit>
	<unit id="u-5.07">After Finland had been wrested from Swedish rule in 1809, the fortress became a Russian garrison.</unit>
	<unit id="u-5.08">The fortress acquired its Finnish-language name Suomenlinna in 1918, shortly after the country had become independent.</unit>
	<unit id="u-5.09">Today, the two islands Susisaari and Kustaanmiekka are a museum area, whose fortifications, casemates, parks and bastions form a unique historical monument.</unit>
	<unit id="u-5.10">The main sights are the King's Gate and Ehrensvärd's grave monument.</unit>
	<unit id="u-5.11">The museum area contains the Ehrensvärd and Armfelt museums, the submarine Vesikko and the Coastal Defence Museum as well as, on Iso Mustasaari, the Jetty Barracks art gallery.</unit>
	<unit id="u-5.12">There are three cafés on the islands, in addition to the summer restaurant Walhalla and a bathing beach.</unit>
	<unit id="u-5.13">
		<unit id="u-5.13.1">Information:</unit>
		<unit id="u-5.13.2">information booth on the shore of Tykistölahti Bay in summer, tel. 668341, guided tours tel. 668154.</unit>
	</unit>
	<unit id="u-5.14">Tours begin from the information booth.</unit>
	<unit id="u-5.15">Information in winter tel. 668154.</unit>
	<unit id="u-5.16">
		<unit id="u-5.16.1">How to get there:</unit>
		<unit id="u-5.16.2">ferry from the Market Square: in summer also motorboat from the Market Square and Hakaniemi.</unit>
	</unit>
	<unit id="u-5.17" alt="Map: Suomenlinna"/>
	<unit id="u-5.32" alt="Photo: Harbour"/>
	<unit id="u-5.33" alt="Photo: Beach"/>
	<unit id="u-5.34" alt="Photo: Flowers"/>
	<unit id="u-6.01" alt="Photo: Bridge"/>
	<unit id="u-6.02" alt="Photo: Dance"/>
	<unit id="u-6.03" alt="Photo: Squirrel"/>
	<unit id="u-6.04">Seurasaari</unit>
	<unit id="u-6.05">Seurasaari is a recreational park and open-air museum on an island just slightly west of the centre of Helsinki.</unit>
	<unit id="u-6.06">The open-air museum was established in 1909.</unit>
	<unit id="u-6.07">It contains buildings collected from various parts of Finland and reassembled: farmhouses, a traditional smoke sauna, windmills, barns, church boats, swings, a museum shop an an 18th century manor house.</unit>
	<unit id="u-6.08">Services of worship and devotions are held in the 17th-century wooden Karuna church in summer.</unit>
	<unit id="u-6.09">The open-air museum is open from may to the end of September.</unit>
	<unit id="u-6.10">In summer, traditional folk dancing, concerts and traditional Midsummer festivities are arranged on Seurasaari.</unit>
	<unit id="u-6.11">There is also a bathing place and a summer restaurant on the island.</unit>
	<unit id="u-6.12">The park is open all the year round and is excellent for skiing in winter.</unit>
	<unit id="u-6.13">
		<unit id="u-6.13.1">Information:</unit>
		<unit id="u-6.13.2">from the information booth at the open-air museum in summer, tel. 484562.</unit>
	</unit>
	<unit id="u-6.14">Guided tours in summer, tel. 484712.</unit>
	<unit id="u-6.15">
		<unit id="u-6.15.1">How to get there:</unit>
		<unit id="u-6.15.2">bus no. 24 from Erottaja all the year round.</unit>
	</unit>
	<unit id="u-6.16">Motorboat service from the Market Square in summer.</unit>
	<unit id="u-6.17" alt="Map"/>
	<unit id="u-6.30" alt="Photo: Cabins"/>
	<unit id="u-6.31" alt="Photo: Inside"/>
	<unit id="u-6.32" alt="Photo: Bonfire"/>
</gemBase>
