<?xml version="1.0" encoding="UTF-8"?>

<gemLayout>
	<segmentation>
		<layout-unit id="lay-9.01" xref="u-9.01" alt="Illustration: Tram"/>
		<layout-unit id="lay-9.02" xref="u-9.02" alt="Line"/>
		<layout-unit id="lay-9.03" xref="u-9.03">SIGHTSEEING TOURS</layout-unit>
		<layout-unit id="lay-9.04" xref="u-9.04" alt="Line"/>
		<layout-unit id="lay-9.05" xref="u-9.05.1 u-9.05.2 u-9.06">
			<layout-unit id="lay-9.05.1" xref="u-9.05.1"/>
			<layout-unit id="lay-9.05.2" xref="u-9.05.2 u-9.06"/>
		</layout-unit>
		<layout-unit id="lay-9.06" xref="u-9.07">SIGHTSEEING BY BUS</layout-unit>
		<layout-unit id="lay-9.07" xref="u-9.08 u-9.09">
			<layout-unit id="lay-9.07.1" xref="u-9.08">Suomen Turistiauto Oy Ltd</layout-unit>
			<layout-unit id="lay-9.07.2" xref="u-9.09">departure: Railway Square, platform 21V.</layout-unit>
		</layout-unit>
		<layout-unit id="lay-9.08" xref="u-9.10 u-9.11 u-9.12">
			<layout-unit id="lay-9.08.1" xref="u-9.10">Daughter of the Baltic,</layout-unit>
			<layout-unit id="lay-9.08.2" xref="u-9.11 u-9.12">1.6.-2.9. daily at 10.15 am, duration 2,5 hours, fee 70 mk.</layout-unit>
		</layout-unit>
		<layout-unit id="lay-9.09" xref="u-9.13 u-9.14">
			<layout-unit id="lay-9.09.1" xref="u-9.13">City Tour</layout-unit>
			<layout-unit id="lay-9.09.2" xref="u-9.14">1.6.-2.9. daily at 1 pm, duration 1,5 hours, fee 40 mk.</layout-unit>
		</layout-unit>
		<layout-unit id="lay-9.10" xref="u-9.15 u-9.16 u-9.17">
			<layout-unit id="lay-9.10.1" xref="u-9.15">Helsinki Today</layout-unit>
			<layout-unit id="lay-9.10.2" xref="u-9.16 u-9.17">1.6.-2.9. daily at 2 pm, duration 2,5 hours, fee 65 mk.</layout-unit>
		</layout-unit>
		<layout-unit id="lay-9.11" xref="u-9.18 u-9.19 u-9.20 u-9.21 u-9.22">
			<layout-unit id="lay-9.11.1" xref="u-9.18">Helsinki before sunset</layout-unit>
			<layout-unit id="lay-9.11.2" xref="u-9.19 u-9.20">15.6.-15.8. daily 6 pm, duration 2,5 hours, fee 70 mk.</layout-unit>
			<layout-unit id="lay-9.11.3" xref="u-9.21">Bookings and enquiries:</layout-unit>
			<layout-unit id="lay-9.11.4" xref="u-9.22">Suomen Turistiauto, tel. 633 083.</layout-unit>
		</layout-unit>
		<layout-unit id="lay-9.12" xref="u-9.23" alt="Illustration: Bus"/>
		<layout-unit id="lay-9.13" xref="u-9.24 u-9.25">
			<layout-unit id="lay-9.13.1" xref="u-9.24">Ageba Travel Agency,</layout-unit>
			<layout-unit id="lay-9.13.2" xref="u-9.25">departures from Silja terminal in the South Harbour and Viking terminal in Katajanokka.</layout-unit>
		</layout-unit>
		<layout-unit id="lay-9.14" xref="u-9.26 u-9.27 u-9.28 u-9.29 u-9.30 u-9.31 u-9.32 u-9.33 u-9.34">
			<layout-unit id="lay-9.14.1" xref="u-9.26">City Tour</layout-unit>
			<layout-unit id="lay-9.14.2" xref="u-9.27 u-9.28 u-9.29 u-9.30 u-9.31 u-9.32 u-9.33 u-9.34"/>
		</layout-unit>
		<layout-unit id="lay-9.15" xref="u-9.35 u-9.36 u-9.37">
			<layout-unit id="lay-9.15.1" xref="u-9.35">Sightseeing by bus and boat</layout-unit>
			<layout-unit id="lay-9.15.2" xref="u-9.36 u-9.37">10 am from Silja terminal in the South Harbour Mon-Sun 1.6.-31.8.</layout-unit>
		</layout-unit>
		<layout-unit id="lay-9.16" xref="u-9.38 u-9.39 u-9.40">
			<layout-unit id="lay-9.16.1" xref="u-9.38">Helicopter lunch</layout-unit>
			<layout-unit id="lay-9.16.2" xref="u-9.39 u-9.40">12 noon Hotel Hesperia, lunch at Restaurant Kulosaaren Casino, Mon-Fri 1.6.-31.8.</layout-unit>
		</layout-unit>
		<layout-unit id="lay-9.17" xref="u-9.41 u-9.42">
			<layout-unit id="lay-9.17.1" xref="u-9.41">Bookings and enquiries:</layout-unit>
			<layout-unit id="lay-9.17.2" xref="u-9.42">Ageba Travel Agency, Pohjoisranta 4, tel. 661 123.</layout-unit>
		</layout-unit>
		<layout-unit id="lay-9.18" xref="u-9.43">12</layout-unit>
		<layout-unit id="lay-9.19" xref="u-9.44">13</layout-unit>
	</segmentation>
	<realization>
		<graphics xref="lay-9.01" type="illustration" colors="mixed" width="104mm" height="112mm"/>
		<graphics xref="lay-9.02 lay-9.04" type="two-d-element" colors="black" width="45mm" two-d-element-type="line" element-weight="normal"/>
		<text xref="lay-9.03" font-family="sans-serif" font-size="9" font-style="normal" font-weight="bold" case="caps" color="black"/>
		<hi-text xref="lay-9.05.1" context="lay-9.05" font-family="sans-serif" font-size="6" font-style="normal" font-weight="bold" case="mixed" color="black"/>
		<text xref="lay-9.05.2 lay-9.07.2 lay-9.08.2 lay-9.09.2 lay-9.10.2 lay-9.11.2 lay-9.11.4 lay-9.13.2 lay-9.14.2 lay-9.15.2 lay-9.16.2 lay-9.17.2" font-family="sans-serif" font-size="6" font-style="normal" font-weight="normal" case="mixed" color="black"/>
		<text xref="lay-9.06" font-family="sans-serif" font-size="6" font-style="normal" font-weight="normal" case="caps" color="black"/>
		<hi-text xref="lay-9.07.1" context="lay-9.07" font-family="sans-serif" font-size="6" font-style="normal" font-weight="bold" case="mixed" color="black"/>
		<hi-text xref="lay-9.08.1" context="lay-9.08" font-family="sans-serif" font-size="6" font-style="normal" font-weight="bold" case="mixed" color="black"/>
		<hi-text xref="lay-9.09.1" context="lay-9.09" font-family="sans-serif" font-size="6" font-style="normal" font-weight="bold" case="mixed" color="black"/>
		<hi-text xref="lay-9.10.1" context="lay-9.10" font-family="sans-serif" font-size="6" font-style="normal" font-weight="bold" case="mixed" color="black"/>
		<hi-text xref="lay-9.11.1" context="lay-9.11" font-family="sans-serif" font-size="6" font-style="normal" font-weight="bold" case="mixed" color="black"/>
		<hi-text xref="lay-9.11.3" context="lay-9.11" font-family="sans-serif" font-size="6" font-style="normal" font-weight="bold" case="mixed" color="black"/>
		<graphics xref="lay-9.12" type="illustration" colors="mixed" width="68mm"  height="43mm"/>
		<hi-text xref="lay-9.13.1" context="lay-9.13" font-family="sans-serif" font-size="6" font-style="normal" font-weight="bold" case="mixed" color="black"/>
		<hi-text xref="lay-9.14.1" context="lay-9.14" font-family="sans-serif" font-size="6" font-style="normal" font-weight="bold" case="mixed" color="black"/>
		<hi-text xref="lay-9.15.1" context="lay-9.15" font-family="sans-serif" font-size="6" font-style="normal" font-weight="bold" case="mixed" color="black"/>
		<hi-text xref="lay-9.16.1" context="lay-9.16" font-family="sans-serif" font-size="6" font-style="normal" font-weight="bold" case="mixed" color="black"/>
		<hi-text xref="lay-9.17.1" context="lay-9.17" font-family="sans-serif" font-size="6" font-style="normal" font-weight="bold" case="mixed" color="black"/>
		<text xref="lay-9.18 lay-9.19" font-family="sans-serif" font-size="7" font-style="normal" font-weight="normal" case="mixed" color="black"/>
	</realization>
	<layout-structure>
		<layout-root id="hih-1984-l-pages-9-10">
			<layout-chunk id="page-9" location="multi" area-ref="page-a-9-b">
			<layout-leaf xref="lay-9.18" location="row-1" area-ref="page-a-9" halign="top" valign="left"/>
			<layout-leaf xref="lay-9.01" location="row-1" area-ref="page-a-9" overlap="right-margin" overlap-area="hih-1984-a-pages-9-10"/>
				<layout-chunk id="page-9-header" location="col-1" area-ref="page-a-9-b">
					<layout-leaf xref="lay-9.02" location="col-1" area-ref="page-a-9-b" halign="top"/>
					<layout-leaf xref="lay-9.03" location="col-1" area-ref="page-a-9-b"/>
					<layout-leaf xref="lay-9.04" location="col-1" area-ref="page-a-9-b" halign="bottom"/>
				</layout-chunk>
				<layout-chunk id="page-9-text-para-1" location="row-3" area-ref="page-a-9">
					<layout-leaf xref="lay-9.05.1" location="row-3" area-ref="page-a-9"/>
					<layout-leaf xref="lay-9.05.2" location="row-3" area-ref="page-a-9"/>
				</layout-chunk>
				<layout-chunk id="page-9-text-paras-2-3-4" location="row-3" area-ref="page-a-9">
				<layout-leaf xref="lay-9.06" location="row-3" area-ref="page-a-9"/>
				<layout-chunk id="page-9-text-2-desc" location="row-3" area-ref="page-a-9">
					<layout-leaf xref="lay-9.07.1" location="row-3" area-ref="page-a-9"/>
					<layout-leaf xref="lay-9.07.2" location="row-3" area-ref="page-a-9"/>
				</layout-chunk>
				<layout-chunk id="page-9-text-3-desc" location="row-3" area-ref="page-a-9">
					<layout-leaf xref="lay-9.08.1" location="row-3" area-ref="page-a-9"/>
					<layout-leaf xref="lay-9.08.2" location="row-3" area-ref="page-a-9"/>
				</layout-chunk>
				<layout-chunk id="page-9-text-4-desc" location="row-3" area-ref="page-a-9">
					<layout-leaf xref="lay-9.09.1" location="row-3" area-ref="page-a-9"/>
					<layout-leaf xref="lay-9.09.2" location="row-3" area-ref="page-a-9"/>
				</layout-chunk>
				</layout-chunk>
			</layout-chunk>
			<layout-chunk id="page-10" location="multi" area-ref="page-a-10">
			<layout-leaf xref="lay-9.19" location="row-1" area-ref="page-a-10" halign="top" valign="right"/>
				<layout-chunk id="page-10-text-paras-1-2-3" location="row-2" area-ref="page-a-10">
					<layout-chunk id="page-10-para-1" location="row-2" area-ref="page-a-10">
						<layout-leaf xref="lay-9.10.1" location="row-2" area-ref="page-a-10"/>
						<layout-leaf xref="lay-9.10.2" location="row-2" area-ref="page-a-10"/>
					</layout-chunk>
					<layout-chunk id="page-10-para-2" location="row-2" area-ref="page-a-10">
						<layout-leaf xref="lay-9.11.1" location="row-2" area-ref="page-a-10"/>
						<layout-leaf xref="lay-9.11.2" location="row-2" area-ref="page-a-10"/>
					</layout-chunk>
					<layout-chunk id="page-10-para-3" location="row-2" area-ref="page-a-10">
						<layout-leaf xref="lay-9.11.3" location="row-2" area-ref="page-a-10"/>
						<layout-leaf xref="lay-9.11.4" location="row-2" area-ref="page-a-10"/>
					</layout-chunk>
				</layout-chunk>
				<layout-leaf xref="lay-9.12" location="row-4" area-ref="page-a-10"/>
				<layout-chunk id="page-10-text-paras-4-5-6-7-8" location="row-5" area-ref="page-a-10">
					<layout-chunk id="page-10-para-4" location="row-5" area-ref="page-a-10">
						<layout-leaf xref="lay-9.13.1" location="row-5" area-ref="page-a-10"/>
						<layout-leaf xref="lay-9.13.2" location="row-5" area-ref="page-a-10"/>
					</layout-chunk>
					<layout-chunk id="page-10-para-5" location="row-5" area-ref="page-a-10">
						<layout-leaf xref="lay-9.14.1" location="row-5" area-ref="page-a-10"/>
						<layout-leaf xref="lay-9.14.2" location="row-5" area-ref="page-a-10"/>
					</layout-chunk>
					<layout-chunk id="page-10-para-6" location="row-5" area-ref="page-a-10">
						<layout-leaf xref="lay-9.15.1" location="row-5" area-ref="page-a-10"/>
						<layout-leaf xref="lay-9.15.2" location="row-5" area-ref="page-a-10"/>
					</layout-chunk>
					<layout-chunk id="page-10-para-7" location="row-5" area-ref="page-a-10">
						<layout-leaf xref="lay-9.16.1" location="row-5" area-ref="page-a-10"/>
						<layout-leaf xref="lay-9.16.2" location="row-5" area-ref="page-a-10"/>
					</layout-chunk>
					<layout-chunk id="page-10-para-8" location="row-5" area-ref="page-a-10">
						<layout-leaf xref="lay-9.17.1" location="row-5" area-ref="page-a-10"/>
						<layout-leaf xref="lay-9.17.2" location="row-5" area-ref="page-a-10"/>
					</layout-chunk>
				</layout-chunk>
			</layout-chunk>
		</layout-root>
	</layout-structure>
	<area-model>
		<!--
		<area-root id="hih-1984-a-front" cols="1" rows="2" hspacing="100" vspacing="16 84" height="208mm" width="198mm">
			<sub-area id="page-a-front-b" location="row-1" cols="3" rows="1" hspacing="60 29 11" vspacing="100" height="34mm" width="198mm">
				<sub-area id="page-a-front-b-1" location="col-2" cols="1" rows="3" hspacing="100" vspacing="12 68 20" height="34mm" width="57mm"/>
			</sub-area>
		</area-root>
		<area-root id="hih-1984-a-pages-1-2" cols="5" rows="1" hspacing="5 27 20 40 8" vspacing="100" height="208mm" width="198mm">
			<sub-area id="page-a-1" location="col-2" cols="1" rows="3" hspacing="100" vspacing="82 10 8" width="53mm" height="208mm"/>
			<sub-area id="page-a-2" location="col-4" cols="1" rows="7" hspacing="100" vspacing="7 3 4 30 43 6 7" width="79mm" height="208mm">
				<sub-area id="page-a-2-b" location="row-2" cols="2" rows="1" hspacing="31 69" vspacing="100" width="80mm" height="6mm"/>
				<sub-area id="page-a-2-c" location="row-4" cols="2" rows="1" hspacing="94 6" vspacing="100" width="80mm" height="63mm"/>
			</sub-area>
		</area-root>
		<area-root id="hih-1984-a-pages-3-4" cols="5" rows="2" hspacing="5 40 7 40 8" vspacing="3 97" height="208mm" width="198mm">
			<sub-area id="page-a-3" location="cell-22" cols="1" rows="1" hspacing="100" vspacing="100" width="80mm" height="204mm"/>
			<sub-area id="page-a-4" location="cell-42" cols="1" rows="7" hspacing="100" vspacing="5 6 37 3 10 3 36" width="79mm" height="190mm">
				<sub-area id="page-a-4-b" location="row-2" cols="2" rows="1" hspacing="54 46" vspacing="100" width="79mm" height="12mm"/>
			</sub-area>
		</area-root>
		<area-root id="hih-1984-a-pages-5-6" cols="5" rows="2" hspacing="6 40 7 40 7" vspacing="3 97" height="208mm" width="198mm">
			<sub-area id="page-a-5" location="cell-22" cols="1" rows="6" hspacing="100" vspacing="4 30 3 45 4 14" width="80mm" height="191mm"/>
			<sub-area id="page-a-6" location="cell-42" cols="1" rows="5" hspacing="100" vspacing="3 7 3 45 42" width="79mm" height="206mm">
				<sub-area id="page-a-6-b" location="row-3" cols="2" rows="1" hspacing="30 70" vspacing="100" width="79mm" height="6mm"/>
			</sub-area>
		</area-root>
		<area-root id="hih-1984-a-pages-7-8" cols="5" rows="2" hspacing="6 40 7 40 7" vspacing="3 97" height="208mm" width="198mm">
			<sub-area id="page-a-7" location="cell-22" cols="1" rows="9" hspacing="100" vspacing="5 4 21 4 3 39 3 3 18" width="80mm" height="191mm">
				<sub-area id="page-a-7-b" location="row-2" cols="2" rows="1" hspacing="35 65" vspacing="100" width="80mm" height="7mm"/>
				<sub-area id="page-a-7-c" location="row-5" cols="2" rows="1" hspacing="28 72" vspacing="100" width="80mm" height="6mm"/>
				<sub-area id="page-a-7-d" location="row-8" cols="2" rows="1" hspacing="31 69" vspacing="100" width="80mm" height="6mm"/>
			</sub-area>
			<sub-area id="page-a-8" location="cell-42" cols="1" rows="4" hspacing="100" vspacing="8 44 3 45" width="79mm" height="191mm">
				<sub-area id="page-a-8-b" location="row-2" cols="2" rows="1" hspacing="42 58" vspacing="100" width="79mm" height="6mm"/>
			</sub-area>
		</area-root>--><!-- The extract for the series-corpus is below (hih-1984-a-pages-9-10) -->
		<area-root id="hih-1984-a-pages-9-10" cols="5" rows="2" hspacing="6 40 9 40 5" vspacing="3 97" height="208mm" width="198mm">
			<sub-area id="page-a-9" location="cell-22" cols="1" rows="3" hspacing="100" vspacing="64 4 32" width="79mm" height="190mm">
				<sub-area id="page-a-9-b" location="row-2" cols="2" rows="1" hspacing="57 43" vspacing="100" width="79mm" height="7mm"/>
			</sub-area>
			<sub-area id="page-a-10" location="cell-42" cols="1" rows="5" hspacing="100" vspacing="4 19 4 26 47" width="80mm" height="190mm"/>
		</area-root>
		
<!--
		<area-root id="hih-1984-a-pages-11-12" cols="5" rows="2" hspacing="5 40 10 40 5" vspacing="3 97" height="208mm" width="198mm">
			<sub-area id="page-a-11" location="cell-22" cols="1" rows="4" hspacing="100" vspacing="5 3 60 32" width="80mm" height="206mm">
				<sub-area id="page-a-11-b" location="row-2" cols="2" rows="1" hspacing="24 76" vspacing="100" height="7mm" width="80mm"/>
			</sub-area>
			<sub-area id="page-a-12" location="cell-42" cols="1" rows="4" hspacing="100" vspacing="5 45 15 35" width="80mm" height="193mm"/>
		</area-root>
		<area-root id="hih-1984-a-pages-13-14" cols="5" rows="2" hspacing="5 40 9 42 4" vspacing="3 97" height="208mm" width="198mm">
			<sub-area id="page-a-13" location="cell-22" cols="1" rows="8" hspacing="100" vspacing="5 3 2 42 20 3 2 23" width="79mm" height="191mm">
				<sub-area id="page-a-13-b" location="row-2" cols="2" rows="1" hspacing="97 3" vspacing="100" width="79mm" height="6mm"/>
				<sub-area id="page-a-13-c" location="row-6" cols="2" rows="1" hspacing="29 71" vspacing="100" width="79mm" height="6mm"/>
			</sub-area>
			<sub-area id="page-a-14" location="cell-42" cols="1" rows="3" hspacing="100" vspacing="5 56 39" width="84mm" height="191mm">
				<sub-area id="page-a-14-b" location="row-3" cols="2" rows="1" hspacing="2 98" vspacing="100" width="84mm" height="75mm"/>
			</sub-area>
		</area-root>
		<area-root id="hih-1984-a-pages-15-16" cols="5" rows="2" hspacing="5 40 10 40 5" vspacing="3 97" height="208mm" width="198mm">
			<sub-area id="page-a-15" location="cell-22" cols="1" rows="4" hspacing="100" vspacing="4 15 3 3 75" width="79mm" height="192mm">
				<sub-area id="page-a-15-b" location="row-4" cols="2" rows="1" hspacing="49 51" vspacing="100" width="79mm" height="6mm"/>
			</sub-area>
			<sub-area id="page-a-16" location="cell-42" cols="1" rows="3" hspacing="100" vspacing="6 63 31" width="80mm" height="194mm"/>
		</area-root>
		<area-root id="hih-1984-a-pages-17-18" cols="3" rows="2" hspacing="5 40 55" vspacing="3 97" height="208mm" width="198mm">
			<sub-area id="page-a-17" location="cell-21" cols="1" rows="3" hspacing="100" vspacing="5 4 91" width="79mm" height="192mm">
				<sub-area id="page-a-17-b" location="row-2" cols="2" rows="1" hspacing="67 33" vspacing="100" width="79mm" height="7mm"/>
			</sub-area>
			<sub-area id="page-a-18" location="cell-23" cols="1" rows="2" hspacing="100" vspacing="9 91" width="109mm" height="191mm"/>
		</area-root>
		<area-root id="hih-1984-a-pages-19-20" cols="5" rows="2" hspacing="6 40 10 40 4" vspacing="3 97" height="208mm" width="198mm">
			<sub-area id="page-a-19" location="cell-22" cols="1" rows="8" hspacing="100" vspacing="3 32 3 24 3 16 3 16" width="79mm" height="190mm"/>
			<sub-area id="page-a-20" location="cell-42" cols="1" rows="4" hspacing="100" vspacing="3 23 59 15" width="79mm" height="190mm"/>
		</area-root>
		-->
	</area-model>
</gemLayout>
