<?xml version="1.0" encoding="UTF-8"?>

<gemLayout>
	<segmentation>
		<layout-unit id="lay-1.01" xref="u-1.01"/>
		<layout-unit id="lay-1.02" xref="u-1.11 u-1.12 u-1.13 u-1.14 u-1.15 u-1.16">
			<layout-unit id="lay-1.02.1" xref="u-1.11"/>
			<layout-unit id="lay-1.02.2" xref="u-1.12 u-1.13 u-1.14 u-1.15 u-1.16"/>
		</layout-unit>
		<layout-unit id="lay-1.03" xref="u-1.17"/>
		<layout-unit id="lay-1.04" xref="u-1.18">
			<layout-unit id="lay-1.04.1" xref="u-1.18.1"/>
			<layout-unit id="lay-1.04.2" xref="u-1.18.2"/>
		</layout-unit>
		
		<layout-unit id="lay-2.01" xref="u-2.01 u-2.02 u-2.03">
			<layout-unit id="lay-2.01.1" xref="u-2.01"/>
			<layout-unit id="lay-2.01.2" xref="u-2.02"/>
			<layout-unit id="lay-2.01.3" xref="u-2.03"/>
		</layout-unit>
		<layout-unit id="lay-2.04" xref="u-2.04"/>
		<layout-unit id="lay-2.05" xref="u-2.05 u-2.06 u-2.07 u-2.08 u-2.09"/>
		<layout-unit id="lay-2.06" xref="u-2.10 u-2.11 u-2.12"/>
		<layout-unit id="lay-2.07" xref="u-2.13 u-2.14 u-2.15 u-2.16 u-2.17">
			<layout-unit id="lay-2.07.1" xref="u-2.13"/>
			<layout-unit id="lay-2.07.2" xref="u-2.14"/>
			<layout-unit id="lay-2.07.3" xref="u-2.15 u-2.16 u-2.17"/>
		</layout-unit>
		<layout-unit id="lay-2.08" xref="u-2.18"/>
		
		<layout-unit id="lay-3.01" xref="u-3.01 u-3.02 u-3.03">
			<layout-unit id="lay-3.01.1" xref="u-3.01"/>
			<layout-unit id="lay-3.01.2" xref="u-3.02"/>
			<layout-unit id="lay-3.01.3" xref="u-3.03"/>
		</layout-unit>
		<layout-unit id="lay-3.02" xref="u-3.04 u-3.05 u-3.06 u-3.07 u-3.08 u-3.09 u-3.10 u-3.11 u-3.12 u-3.13">
			<layout-unit id="lay-3.02.1" xref="u-3.04"/>
			<layout-unit id="lay-3.02.2" xref="u-3.05 u-3.06 u-3.07 u-3.08 u-3.09"/> 
			<layout-unit id="lay-3.02.3" xref="u-3.10 u-3.11 u-3.12 u-3.13"/>
		</layout-unit>
		<layout-unit id="lay-3.03" xref="u-3.14 u-3.15">
			<layout-unit id="lay-3.03.1" xref="u-3.14.1"/>
			<layout-unit id="lay-3.03.2" xref="u-3.14.2"/>
			<layout-unit id="lay-3.03.3" xref="u-3.15.1"/>
			<layout-unit id="lay-3.03.4" xref="u-3.15.2"/>
		</layout-unit>
		<layout-unit id="lay-3.04" xref="u-3.16"/>
		<layout-unit id="lay-3.05" xref="u-3.33 u-3.34 u-3.35">
			<layout-unit id="lay-3.05.1" xref="u-3.33"/>
			<layout-unit id="lay-3.05.2" xref="u-3.34"/>
			<layout-unit id="lay-3.05.3" xref="u-3.35"/>
		</layout-unit>
		
		<layout-unit id="lay-4.01" xref="u-4.01 u-4.02 u-4.03">
			<layout-unit id="lay-4.01.1" xref="u-4.01"/>
			<layout-unit id="lay-4.01.2" xref="u-4.02"/>
			<layout-unit id="lay-4.01.3" xref="u-4.03"/>
		</layout-unit>
		<layout-unit id="lay-4.02" xref="u-4.04 u-4.05 u-4.06 u-4.07 u-4.08 u-4.09 u-4.10 u-4.11">
			<layout-unit id="lay-4.02.1" xref="u-4.04"/>
			<layout-unit id="lay-4.02.2" xref="u-4.05 u-4.06 u-4.07 u-4.08 u-4.09 u-4.10 u-4.11"/>
		</layout-unit>
		<layout-unit id="lay-4.03" xref="u-4.12 u-4.13 u-4.14">
			<layout-unit id="lay-4.03.1" xref="u-4.12.1"/>
			<layout-unit id="lay-4.03.2" xref="u-4.12.2"/>
			<layout-unit id="lay-4.03.3" xref="u-4.13.1"/>
			<layout-unit id="lay-4.03.4" xref="u-4.13.2"/>
			<layout-unit id="lay-4.03.5" xref="u-4.14"/>
		</layout-unit>
		<layout-unit id="lay-4.04" xref="u-4.15"/>
		<layout-unit id="lay-4.05" xref="u-4.22 u-4.23">
			<layout-unit id="lay-4.05.1" xref="u-4.22"/>
			<layout-unit id="lay-4.05.2" xref="u-4.23"/>
		</layout-unit>
		
		<layout-unit id="lay-5.01" xref="u-5.01 u-5.02 u-5.03">
			<layout-unit id="lay-5.01.1" xref="u-5.01"/>
			<layout-unit id="lay-5.01.2" xref="u-5.02"/>
			<layout-unit id="lay-5.01.3" xref="u-5.03"/>
		</layout-unit>
		<layout-unit id="lay-5.02" xref="u-5.04 u-5.05 u-5.06 u-5.07 u-5.08 u-5.09 u-5.10 u-5.11 u-5.12">
			<layout-unit id="lay-5.02.1" xref="u-5.04"/>
			<layout-unit id="lay-5.02.2" xref="u-5.05 u-5.06 u-5.07 u-5.08 u-5.09 u-5.10 u-5.11 u-5.12"/>
		</layout-unit>
		<layout-unit id="lay-5.03" xref="u-5.13 u-5.14 u-5.15 u-5.16">
			<layout-unit id="lay-5.03.1" xref="u-5.13.1"/>
			<layout-unit id="lay-5.03.2" xref="u-5.13.2"/>
			<layout-unit id="lay-5.03.3" xref="u-5.14 u-5.15"/>
			<layout-unit id="lay-5.03.4" xref="u-5.16.1"/>
			<layout-unit id="lay-5.03.5" xref="u-5.16.2"/>
		</layout-unit>
		<layout-unit id="lay-5.04" xref="u-5.17"/>
		<layout-unit id="lay-5.05" xref="u-5.32 u-5.33 u-5.34">
			<layout-unit id="lay-5.05.1" xref="u-5.32"/>
			<layout-unit id="lay-5.05.2" xref="u-5.33"/>
			<layout-unit id="lay-5.05.3" xref="u-5.34"/>
		</layout-unit>
		
		<layout-unit id="lay-6.01" xref="u-6.01 u-6.02 u-6.03">
			<layout-unit id="lay-6.01.1" xref="u-6.01"/>
			<layout-unit id="lay-6.01.2" xref="u-6.02"/>
			<layout-unit id="lay-6.01.3" xref="u-6.03"/>
		</layout-unit>
		<layout-unit id="lay-6.02" xref="u-6.04 u-6.05 u-6.06 u-6.07 u-6.08 u-6.09 u-6.10 u-6.11 u-6.12">
			<layout-unit id="lay-6.02.1" xref="u-6.04"/>
			<layout-unit id="lay-6.02.2" xref="u-6.05 u-6.06 u-6.07"/>
			<layout-unit id="lay-6.02.3" xref="u-6.08 u-6.09"/>
			<layout-unit id="lay-6.02.4" xref="u-6.10 u-6.11 u-6.12"/>
		</layout-unit>
		<layout-unit id="lay-6.03" xref="u-6.13 u-6.14 u-6.15 u-6.16">
			<layout-unit id="lay-6.03.1" xref="u-6.13.1"/>
			<layout-unit id="lay-6.03.2" xref="u-6.13.2"/>
			<layout-unit id="lay-6.03.3" xref="u-6.14"/>
			<layout-unit id="lay-6.03.4" xref="u-6.15.1"/>
			<layout-unit id="lay-6.03.5" xref="u-6.15.2"/>
			<layout-unit id="lay-6.03.6" xref="u-6.16"/>
		</layout-unit>
		<layout-unit id="lay-6.04" xref="u-6.17"/>
		<layout-unit id="lay-6.05" xref="u-6.30 u-6.31 u-6.32">
			<layout-unit id="lay-6.05.1" xref="u-6.30"/>
			<layout-unit id="lay-6.05.2" xref="u-6.31"/>
			<layout-unit id="lay-6.05.3" xref="u-6.32"/>
		</layout-unit>
	</segmentation>
	<layout-structure>
		
		<layout-root id="hft-1984-l-cover" orientation="landscape">
			<layout-chunk id="cover-back" location="col-1" area-ref="hft-1984-a-cover">
				<layout-leaf xref="lay-1.01" location="col-1" area-ref="hft-1984-a-cover"/>
				<layout-chunk id="cover-back-description" location="col-2" area-ref="cover-a-back-b">
					<layout-leaf xref="lay-1.02.1" location="col-2" area-ref="cover-a-back-b" valign="left" halign="top"/>
					<layout-leaf xref="lay-1.02.2" location="col-2" area-ref="cover-a-back-b" valign="left" halign="top"/>
				</layout-chunk>
			</layout-chunk>
			<layout-chunk id="cover-front" location="col-2" area-ref="hft-1984-a-cover">
				<layout-leaf xref="lay-1.03" location="col-2" area-ref="hft-1984-a-cover"/>
				<layout-chunk id="cover-front-title" location="col-2" area-ref="cover-a-front-b">
					<layout-leaf xref="lay-1.04.1" location="col-2" area-ref="cover-a-front-b" valign="left" halign="bottom"/>
					<layout-leaf xref="lay-1.04.2" location="col-2" area-ref="cover-a-front-b" valign="left" halign="bottom"/>					
				</layout-chunk>
			</layout-chunk>
		</layout-root>

		<layout-root id="hft-1984-l-pages-1-2" orientation="landscape">
			<layout-chunk id="page-1" location="multi" area-ref="page-a-1">
				<layout-chunk id="page-1-photos" location="multi" area-ref="page-a-1-b">
					<layout-leaf xref="lay-2.01.1" location="row-1" area-ref="page-a-1-b"/>
					<layout-leaf xref="lay-2.01.2" location="row-3" area-ref="page-a-1-b"/>
					<layout-leaf xref="lay-2.01.3" location="row-5" area-ref="page-a-1-b"/>
				</layout-chunk>
				<layout-chunk id="page-1-description" location="multi" area-ref="page-a-1-c">
					<layout-leaf xref="lay-2.04" location="row-2" area-ref="page-a-1-c" valign="left" halign="top"/>
					<layout-leaf xref="lay-2.05" location="row-3" area-ref="page-a-1-c" valign="left" halign="top"/>
					<layout-leaf xref="lay-2.06" location="row-3" area-ref="page-a-1-c" vindent="5mm"/>
				</layout-chunk>
				<layout-chunk id="page-1-contact-details" location="multi" area-ref="page-a-1-c-1">
					<layout-leaf xref="lay-2.07.1" location="col-1" area-ref="page-a-1-c-1" valign="right" halign="top"/>
					<layout-leaf xref="lay-2.07.2" location="col-2" area-ref="page-a-1-c-1" valign="left" halign="top"/>
					<layout-leaf xref="lay-2.07.3" location="col-2" area-ref="page-a-1-c-1"/>
				</layout-chunk>
			</layout-chunk>
			<layout-chunk id="page-2" location="col-2" area-ref="hft-1984-a-pages-1-2">
				<layout-leaf xref="lay-2.08" location="col-2" area-ref="hft-1984-a-pages-1-2"/>
			</layout-chunk>
		</layout-root>

		<layout-root id="hft-1984-l-pages-3-4" orientation="landscape">
			<layout-chunk id="page-3" location="multi" area-ref="page-a-3">
				<layout-chunk id="page-3-photos" location="multi" area-ref="page-a-3-b">
					<layout-leaf xref="lay-3.01.1" location="row-1" area-ref="page-a-3-b"/>
					<layout-leaf xref="lay-3.01.2" location="row-3" area-ref="page-a-3-b"/>
					<layout-leaf xref="lay-3.01.3" location="row-5" area-ref="page-a-3-b"/>
				</layout-chunk>	
				<layout-chunk id="page-3-description" location="multi" area-ref="page-a-3-c">
					<layout-leaf xref="lay-3.02.1" location="row-2" area-ref="page-a-3-c" valign="left" halign="top"/>
					<layout-leaf xref="lay-3.02.2" location="row-3" area-ref="page-a-3-c" valign="left" halign="top"/>
					<layout-leaf xref="lay-3.02.3" location="row-3" area-ref="page-a-3-c" vindent="5mm"/>
				</layout-chunk>
				<layout-chunk id="page-3-contact-details" location="row-5" area-ref="page-a-3-c">
					<layout-leaf xref="lay-3.03" location="row-5" area-ref="page-a-3-c" valign="left" halign="top"/>
				</layout-chunk>	
			</layout-chunk>
			<layout-chunk id="page-4" location="multi" area-ref="page-a-4">
				<layout-leaf xref="lay-3.04" location="col-1" area-ref="page-a-4" valign="center" halign="center" overlap="right-margin" overlap-area="page-a-4-b"/>
				<layout-chunk id="page-4-photos" location="multi" area-ref="page-a-4-b">
					<layout-leaf xref="lay-3.05.1" location="row-1" area-ref="page-a-4-b"/>
					<layout-leaf xref="lay-3.05.2" location="row-3" area-ref="page-a-4-b"/>
					<layout-leaf xref="lay-3.05.3" location="row-5" area-ref="page-a-4-b"/>					
				</layout-chunk>
			</layout-chunk>
		</layout-root>
		
		<layout-root id="hft-1984-l-pages-5-6" orientation="landscape">
			<layout-chunk id="page-5" location="multi" area-ref="page-a-5">
				<layout-chunk id="page-5-photos" location="multi" area-ref="page-a-5-b">
					<layout-leaf xref="lay-4.01.1" location="row-1" area-ref="page-a-5-b"/>
					<layout-leaf xref="lay-4.01.2" location="row-3" area-ref="page-a-5-b"/>
					<layout-leaf xref="lay-4.01.3" location="row-5" area-ref="page-a-5-b"/>
				</layout-chunk>	
				<layout-chunk id="page-5-description" location="multi" area-ref="page-a-3-c">
					<layout-leaf xref="lay-4.02.1" location="row-2" area-ref="page-a-5-c" valign="left" halign="top"/>
					<layout-leaf xref="lay-4.02.2" location="row-3" area-ref="page-a-5-c" valign="left" halign="top"/>
				</layout-chunk>
				<layout-chunk id="page-5-contact-details" location="row-5" area-ref="page-a-5-c">
					<layout-leaf xref="lay-4.03" location="row-5" area-ref="page-a-5-c" valign="left" halign="top"/>
				</layout-chunk>					
			</layout-chunk>
			<layout-chunk id="page-6" location="multi" area-ref="page-a-6">
				<layout-leaf xref="lay-4.04" location="col-1" area-ref="page-a-6" valign="center" halign="center" overlap="right-margin" overlap-area="page-a-6-b"/>
				<layout-chunk id="page-6-photos" location="multi" area-ref="page-a-6-b">
					<layout-leaf xref="lay-4.05.1" location="row-1" area-ref="page-a-6-b"/>
					<layout-leaf xref="lay-4.05.2" location="row-3" area-ref="page-a-6-b"/>					
				</layout-chunk>
			</layout-chunk>			
		</layout-root>

		<layout-root id="hft-1984-l-pages-7-8" orientation="landscape">
			<layout-chunk id="page-7" location="multi" area-ref="page-a-7">
				<layout-chunk id="page-7-photos" location="multi" area-ref="page-a-7-b">
					<layout-leaf xref="lay-5.01.1" location="row-1" area-ref="page-a-7-b"/>
					<layout-leaf xref="lay-5.01.2" location="row-3" area-ref="page-a-7-b"/>
					<layout-leaf xref="lay-5.01.3" location="row-5" area-ref="page-a-7-b"/>
				</layout-chunk>
				<layout-chunk id="page-7-description" location="multi" area-ref="page-a-7-c">
					<layout-leaf xref="lay-5.02.1" location="row-2" area-ref="page-a-7-c" valign="left" halign="top"/>
					<layout-leaf xref="lay-5.02.2" location="row-3" area-ref="page-a-7-c" valign="left" halign="top"/>
				</layout-chunk>
				<layout-chunk id="page-7-contact-details" location="row-4" area-ref="page-a-7-c">
					<layout-leaf xref="lay-5.03" location="row-4" area-ref="page-a-7-c" valign="left" halign="top"/>
				</layout-chunk>			
			</layout-chunk>
			<layout-chunk id="page-8" location="multi" area-ref="page-a-8">
				<layout-leaf xref="lay-5.04" location="col-1" area-ref="page-a-8" valign="center" halign="center" overlap="right-margin" overlap-area="page-a-8-b"/>
				<layout-chunk id="page-8-photos" location="multi" area-ref="page-a-8-b">
					<layout-leaf xref="lay-5.05.1" location="row-1" area-ref="page-a-8-b"/>
					<layout-leaf xref="lay-5.05.2" location="row-3" area-ref="page-a-8-b"/>
					<layout-leaf xref="lay-5.05.3" location="row-5" area-ref="page-a-8-b"/>					
				</layout-chunk>
			</layout-chunk>
		</layout-root>
	
		<layout-root id="hft-1984-l-pages-9-10" orientation="landscape">
			<layout-chunk id="page-9" location="multi" area-ref="page-a-9">
				<layout-chunk id="page-9-photos" location="multi" area-ref="page-a-9-b">
					<layout-leaf xref="lay-6.01.1" location="row-1" area-ref="page-a-9-b"/>
					<layout-leaf xref="lay-6.01.2" location="row-3" area-ref="page-a-9-b"/>
					<layout-leaf xref="lay-6.01.3" location="row-5" area-ref="page-a-9-b"/>
				</layout-chunk>	
				<layout-chunk id="page-9-description" location="multi" area-ref="page-a-9-c">
					<layout-leaf xref="lay-6.02.1" location="row-2" area-ref="page-a-9-c" valign="left" halign="top"/>
					<layout-leaf xref="lay-6.02.2" location="row-3" area-ref="page-a-9-c" valign="left" halign="top"/>
					<layout-leaf xref="lay-6.02.3" location="row-3" area-ref="page-a-9-c" vindent="5mm"/>
					<layout-leaf xref="lay-6.02.4" location="row-3" area-ref="page-a-9-c" vindent="5mm"/>
				</layout-chunk>
				<layout-chunk id="page-9-contact-details" location="row-4" area-ref="page-a-9-c">
					<layout-leaf xref="lay-6.03" location="row-4" area-ref="page-a-9-c" valign="left" halign="top"/>
				</layout-chunk>					
			</layout-chunk>
			<layout-chunk id="page-10" location="multi" area-ref="page-a-10">
				<layout-leaf xref="lay-6.04" location="col-1" area-ref="page-a-10" valign="center" halign="center"/>
				<layout-chunk id="page-10-photos" location="multi" area-ref="page-a-10-b">
					<layout-leaf xref="lay-6.05.1" location="row-1" area-ref="page-a-10-b"/>
					<layout-leaf xref="lay-6.05.2" location="row-3" area-ref="page-a-10-b"/>
					<layout-leaf xref="lay-6.05.3" location="row-5" area-ref="page-a-10-b"/>					
				</layout-chunk>
			</layout-chunk>			
		</layout-root>

	</layout-structure>
	<area-model>
		<area-root id="hft-1984-a-cover" cols="2" rows="1" hspacing="50 50" vspacing="100" width="398mmmm" height="200mm">
			<sub-area id="cover-a-back" location="col-1" cols="1" rows="2" vspacing="80 20" hspacing="100" width="199mm" height="200mm">
				<sub-area id="cover-a-back-b" location="row-2" cols="2" rows="1" vspacing="100" hspacing="52 48" width="200mm" height="41mm"/>
			</sub-area>
			<sub-area id="cover-a-front" location="col-2" cols="1" rows="2" vspacing="80 20" hspacing="100" width="199mm" height="200mm">
				<sub-area id="cover-a-front-b" location="col-1" cols="2" rows="1" vspacing="53 47" hspacing="100" width="200mm" height="39mm"/>
			</sub-area>
		</area-root>
		
		<area-root id="hft-1984-a-pages-1-2" cols="2" rows="1" hspacing="50 50" vspacing="100" width="398mmmm" height="200mm">
			<sub-area id="page-a-1" location="col-1" cols="4" rows="1" hspacing="50 6 38 6" vspacing="100" width="199mm" height="200mm">
				<sub-area id="page-a-1-b" location="col-1" cols="1" hspacing="100" rows="5" vspacing="33 1 32 1 33" width="100mm" height="200mm"/>
				<sub-area id="page-a-1-c" location="col-3" cols="1" hspacing="100" rows="5" vspacing="7 15 52 18 8" width="75mm" height="200mm">
					<sub-area id="page-a-1-c-1" location="row-4" cols="3" rows="1" hspacing="33 8 59" vspacing="100" width="75mm" height="37mm"/>
				</sub-area>
			</sub-area>
		</area-root>
		
		<area-root id="hft-1984-a-pages-3-4" cols="2" rows="1" hspacing="50 50" vspacing="100" width="398mm" height="200mm">
			<sub-area id="page-a-3" location="col-1" cols="4" rows="1" vspacing="100" hspacing="50 6 38 6" width="199mm" height="200mm">
				<sub-area id="page-a-3-b" location="col-1" cols="1" hspacing="100" rows="5" vspacing="33 1 32 1 33" width="100mm" height="200mm"/>
				<sub-area id="page-a-3-c" location="col-3" cols="1" hspacing="100" rows="5" vspacing="8 6 51 13 22" width="75mm" height="200mm"/>
			</sub-area>
			<sub-area id="page-a-4" location="col-2" cols="2" rows="1" vspacing="100" hspacing="50 50" width="199mm" height="200mm">
				<sub-area id="page-a-4-b" location="col-2" cols="1" hspacing="100" rows="5" vspacing="33 1 32 1 33" width="100mm" height="200mm"/>
			</sub-area>
		</area-root>
		
		<area-root id="hft-1984-a-pages-5-6" cols="4" rows="1" hspacing="50 50" vspacing="100" width="398mm" height="200mm">
			<sub-area id="page-a-5" location="col-1" cols="4" rows="1" vspacing="100" hspacing="50 6 38 6" width="199mm" height="200mm">
				<sub-area id="page-a-5-b" location="col-1" cols="1" hspacing="100" rows="5" vspacing="33 1 32 1 33" width="100mm" height="200mm"/>
				<sub-area id="page-a-5-c" location="col-3" cols="1" hspacing="100" rows="5" vspacing="8 6 43 26 17" width="75mm" height="200mm"/>
			</sub-area>
			<sub-area id="page-a-6" location="col-2" cols="2" rows="1" vspacing="100" hspacing="50 50" width="199mm" height="200mm">
				<sub-area id="page-a-6-b" location="col-2" cols="1" hspacing="100" rows="5" vspacing="33 1 66" width="100mm" height="200mm"/>
			</sub-area>			
		</area-root>
		
		<area-root id="hft-1984-a-pages-7-8" cols="2" rows="1" hspacing="50 50" vspacing="100" width="398mm" height="200mm">
			<sub-area id="page-a-7" location="col-1" cols="4" rows="1" vspacing="100" hspacing="50 6 38 6" width="199mm" height="200mm">
				<sub-area id="page-a-7-b" location="col-1" cols="1" hspacing="100" rows="5" vspacing="33 1 32 1 33" width="100mm" height="200mm"/>
				<sub-area id="page-a-7-c" location="col-3" cols="1" hspacing="100" rows="4" vspacing="8 6 63 23" width="75mm" height="200mm"/>
			</sub-area>
			<sub-area id="page-a-8" location="col-2" cols="2" rows="1" vspacing="100" hspacing="50 50" width="199mm" height="200mm">
				<sub-area id="page-a-8-b" location="col-2" cols="1" hspacing="100" rows="5" vspacing="33 1 32 1 33" width="100mm" height="200mm"/>
			</sub-area>			
		</area-root>
		
		<area-root id="hft-1984-a-pages-9-10" cols="2" rows="1" hspacing="50 50" vspacing="100" width="398mm" height="200mm">
			<sub-area id="page-a-9" location="col-1" cols="4" rows="1" vspacing="100" hspacing="50 6 38 6" width="199mm" height="200mm">
				<sub-area id="page-a-9-b" location="col-1" cols="1" hspacing="100" rows="5" vspacing="33 1 32 1 33" width="100mm" height="200mm"/>
				<sub-area id="page-a-9-c" location="col-3" cols="1" hspacing="100" rows="4" vspacing="8 6 65 21" width="75mm" height="200mm"/>
			</sub-area>
			<sub-area id="page-a-10" location="col-2" cols="2" rows="1" vspacing="100" hspacing="50 50" width="199mm" height="200mm">
				<sub-area id="page-a-10-b" location="col-2" cols="1" hspacing="100" rows="5" vspacing="33 1 32 1 33" width="100mm" height="200mm"/>
			</sub-area>					
		</area-root>
	</area-model>
	
	<realization>
		<graphics xref="lay-1.01" type="map" colors="mixed" width="199mm" height="200mm"/>
		<text xref="lay-1.02.1" font-family="serif" font-size="6" font-style="normal" font-weight="bold" case="mixed" color="black"/>
		<text xref="lay-1.02.2" font-family="serif" font-size="5" font-style="normal" font-weight="normal" case="mixed" color="black"/>
		<graphics xref="lay-1.03" type="photo" colors="mixed" width="199mm" height="200mm"/>
		<text xref="lay-1.04.1" font-family="serif" font-size="30" font-style="normal" font-weight="extra-bold" case="mixed" color="black"/>
		<text xref="lay-1.04.2" font-family="serif" font-size="15" font-style="normal" font-weight="bold" case="smalls" color="black"/>

		<graphics xref="lay-2.01.1" type="photo" colors="mixed" width="100mm" height="66mm"/>
		<graphics xref="lay-2.01.2" type="photo" colors="mixed" width="100mm" height="66mm"/>
		<graphics xref="lay-2.01.3" type="photo" colors="mixed" width="100mm" height="66mm"/>
		<text xref="lay-2.04" font-family="serif" font-size="14" font-style="normal" font-weight="normal" case="mixed" color="black"/>
		<text xref="lay-2.05 lay-2.06" font-family="serif" font-size="6" font-style="normal" font-weight="normal" case="mixed" color="black"/>
		<graphics xref="lay-2.07.1" type="illustration" colors="mixed" width="22mm" height="34mm"/>
		<text xref="lay-2.07.2" font-family="serif" font-size="6" font-style="normal" font-weight="extra-bold" case="mixed" color="black"/>
		<text xref="lay-2.07.3" font-family="serif" font-size="4" font-style="normal" font-weight="normal" case="mixed" color="black"/>
		<graphics xref="lay-2.08" type="photo" colors="mixed" width="199mm" height="200mm"/>

		<graphics xref="lay-3.01.1" type="photo" colors="mixed" width="100mm" height="66mm"/>
		<graphics xref="lay-3.01.2" type="photo" colors="mixed" width="100mm" height="66mm"/>
		<graphics xref="lay-3.01.3" type="photo" colors="mixed" width="100mm" height="66mm"/>
		<graphics xref="lay-3.05.1" type="photo" colors="mixed" width="100mm" height="66mm"/>
		<graphics xref="lay-3.05.2" type="photo" colors="mixed" width="100mm" height="66mm"/>
		<graphics xref="lay-3.05.3" type="photo" colors="mixed" width="100mm" height="66mm"/>
		<text xref="lay-3.02.1" font-family="serif" font-size="14" font-style="normal" font-weight="bold" case="mixed" color="black"/>
		<text xref="lay-3.02.2 lay-3.02.3 lay-3.03.2 lay-3.03.4" font-family="serif" font-size="6" font-style="normal" font-weight="normal" case="mixed" color="black"/>
		<hi-text xref="lay-3.03.1" context="lay-3.03" font-family="serif" font-size="6" font-style="normal" font-weight="extra-bold" case="mixed" color="black"/>
		<hi-text xref="lay-3.03.3" context="lay-3.03" font-family="serif" font-size="6" font-style="normal" font-weight="extra-bold" case="mixed" color="black"/>
		<graphics xref="lay-3.04" type="map" colors="mixed" width="113mm" height="115mm"/>

		<graphics xref="lay-4.01.1" type="photo" colors="mixed" width="100mm" height="66mm"/>
		<graphics xref="lay-4.01.2" type="photo" colors="mixed" width="100mm" height="66mm"/>
		<graphics xref="lay-4.01.3" type="photo" colors="mixed" width="100mm" height="66mm"/>
		<graphics xref="lay-4.05.1" type="photo" colors="mixed" width="100mm" height="66mm"/>
		<graphics xref="lay-4.05.2" type="photo" colors="mixed" width="100mm" height="131mm"/>
		<text xref="lay-4.02.1" font-family="serif" font-size="14" font-style="normal" font-weight="bold" case="mixed" color="black"/>
		<text xref="lay-4.02.2 lay-4.03.2 lay-4.03.4 lay-4.03.5" font-family="serif" font-size="6" font-style="normal" font-weight="normal" case="mixed" color="black"/>
		<hi-text xref="lay-4.03.1" context="lay-4.03" font-family="serif" font-size="6" font-style="normal" font-weight="extra-bold" case="mixed" color="black"/>
		<hi-text xref="lay-4.03.3" context="lay-4.03" font-family="serif" font-size="6" font-style="normal" font-weight="extra-bold" case="mixed" color="black"/>
		<graphics xref="lay-4.04" type="map" colors="mixed" width="103mm" height="87mm"/>
		
		<graphics xref="lay-5.01.1" type="photo" colors="mixed" width="100mm" height="66mm"/>
		<graphics xref="lay-5.01.2" type="photo" colors="mixed" width="100mm" height="66mm"/>
		<graphics xref="lay-5.01.3" type="photo" colors="mixed" width="100mm" height="66mm"/>
		<graphics xref="lay-5.05.1" type="photo" colors="mixed" width="100mm" height="66mm"/>
		<graphics xref="lay-5.05.2" type="photo" colors="mixed" width="100mm" height="66mm"/>
		<graphics xref="lay-5.05.3" type="photo" colors="mixed" width="100mm" height="66mm"/>
		<text xref="lay-5.02.1" font-family="serif" font-size="14" font-style="normal" font-weight="bold" case="mixed" color="black"/>
		<text xref="lay-5.02.2 lay-5.03.2 lay-5.03.5" font-family="serif" font-size="6" font-style="normal" font-weight="normal" case="mixed" color="black"/>
		<hi-text xref="lay-5.03.1" context="lay-5.03" font-family="serif" font-size="6" font-style="normal" font-weight="extra-bold" case="mixed" color="black"/>
		<hi-text xref="lay-5.03.4" context="lay-5.03" font-family="serif" font-size="6" font-style="normal" font-weight="extra-bold" case="mixed" color="black"/>
		<graphics xref="lay-5.04" type="map" colors="mixed" width="115mm" height="175mm"/>
		
		<graphics xref="lay-6.01.1" type="photo" colors="mixed" width="100mm" height="66mm"/>
		<graphics xref="lay-6.01.2" type="photo" colors="mixed" width="100mm" height="66mm"/>
		<graphics xref="lay-6.01.3" type="photo" colors="mixed" width="100mm" height="66mm"/>
		<graphics xref="lay-6.05.1" type="photo" colors="mixed" width="100mm" height="66mm"/>
		<graphics xref="lay-6.05.2" type="photo" colors="mixed" width="100mm" height="66mm"/>
		<graphics xref="lay-6.05.3" type="photo" colors="mixed" width="100mm" height="66mm"/>
		<text xref="lay-6.02.1" font-family="serif" font-size="14" font-style="normal" font-weight="bold" case="mixed" color="black"/>
		<text xref="lay-6.02.2 lay-6.03.2 lay-6.03.3 lay-6.03.5 lay-6.03.6" font-family="serif" font-size="6" font-style="normal" font-weight="normal" case="mixed" color="black"/>
		<hi-text xref="lay-6.03.1" context="lay-6.03" font-family="serif" font-size="6" font-style="normal" font-weight="extra-bold" case="mixed" color="black"/>
		<hi-text xref="lay-6.03.4" context="lay-6.03" font-family="serif" font-size="6" font-style="normal" font-weight="extra-bold" case="mixed" color="black"/>
		<graphics xref="lay-6.04" type="map" colors="mixed" width="97mm" height="160mm"/>
	</realization>
</gemLayout>
