<?xml version="1.0" encoding="UTF-8"?>

<gemBase>
	<unit id="u-9.01" alt="Illustration: Tram"/>
	<unit id="u-9.02" alt="Line"/>
	<unit id="u-9.03">SIGHTSEEING TOURS</unit>
	<unit id="u-9.04" alt="Line"/>
	<unit id="u-9.05"><unit id="u-9.05.1">Trams on the 3T tourist line</unit><unit id="u-9.05.2">have four-language commentaries on stops and sights between 1 May and 31 August, Monday-Friday 10 am - 3 pm and 6 - 8 pm, Saturdays and Sundays 9 am - 8 pm.</unit></unit>
	<unit id="u-9.06">A four-language brochure on the tour and sights is available.</unit>
	<unit id="u-9.07">SIGHTSEEING BY BUS</unit>
	<unit id="u-9.08">Suomen Turistiauto Oy Ltd</unit>
	<unit id="u-9.09">departure: Railway Square, platform 21V.</unit>
	<unit id="u-9.10">Daughter of the Baltic,</unit>
	<unit id="u-9.11">1.6.-2.9. daily at 10.15 am, duration 2,5 hours, fee 70 mk.</unit>
	<unit id="u-9.12">Tour includes a boat cruise.</unit>
	<unit id="u-9.13">City Tour</unit>
	<unit id="u-9.14">1.6.-2.9. daily at 1 pm, duration 1,5 hours, fee 40 mk.</unit>
	<unit id="u-9.15">Helsinki Today</unit>
	<unit id="u-9.16">1.6.-2.9. daily at 2 pm, duration 2,5 hours, fee 65 mk.</unit>
	<unit id="u-9.17">Tour includes a visit in the Finnish Design Center.</unit>
	<unit id="u-9.18">Helsinki before sunset</unit>
	<unit id="u-9.19">15.6.-15.8. daily 6 pm, duration 2,5 hours, fee 70 mk.</unit>
	<unit id="u-9.20">Tour includes a boat cruise.</unit>
	<unit id="u-9.21">Bookings and enquiries:</unit>
	<unit id="u-9.22">Suomen Turistiauto, tel. 633 083.</unit>
	<unit id="u-9.23" alt="Illustration: Bus"/>
	<unit id="u-9.24">Ageba Travel Agency,</unit>
	<unit id="u-9.25">departures from Silja terminal in the South Harbour and Viking terminal in Katajanokka.</unit>
	<unit id="u-9.26">City Tour</unit>
	<unit id="u-9.27">9.15 am Silja, duration 2,5 h Mon-Sun 1.1.-31.12.</unit>
	<unit id="u-9.28">9.15 am Viking, duration 2,5 h Mon-Sun 1.6.-31.8.</unit>
	<unit id="u-9.29">9.45 am Viking, duration 2,5 h Mon-Sun 1.9.-31.5.</unit>
	<unit id="u-9.30">10 am Silja, duration 2,5 h Mon-Sun 1.6.-31.8.</unit>
	<unit id="u-9.31">11 am Silja, duration 2,5 h Mon-Sun 1.4.-15.10.</unit>
	<unit id="u-9.32">11 am Silja, duration 2,5h Sat-Sun 16.10.-31.3.</unit>
	<unit id="u-9.33">2 pm Silja, duration 2,5h Mon-Sun 25.6.-31.8.</unit>
	<unit id="u-9.34">Fee 70 mk, incl. lunch 120 mk.</unit>
	<unit id="u-9.35">Sightseeing by bus and boat</unit>
	<unit id="u-9.36">10 am from Silja terminal in the South Harbour Mon-Sun 1.6.-31.8.</unit>
	<unit id="u-9.37">Fee 108 mk, incl. lunch 160 mk.</unit>
	<unit id="u-9.38">Helicopter lunch</unit>
	<unit id="u-9.39">12 noon Hotel Hesperia, lunch at Restaurant Kulosaaren Casino, Mon-Fri 1.6.-31.8.</unit>
	<unit id="u-9.40">Fee 350mk.</unit>
	<unit id="u-9.41">Bookings and enquiries:</unit>
	<unit id="u-9.42">Ageba Travel Agency, Pohjoisranta 4, tel. 661 123.</unit>
	<unit id="u-9.43">12</unit>
	<unit id="u-9.44">13</unit>
</gemBase>

