<?xml version="1.0" encoding="UTF-8"?>

<gemRst>
	<segmentation>
		<segment id="s-1.01" xref="u-1.01" alt="Map"/>
		<segment id="s-1.02" xref="u-1.11">Boat services to the "Tourist Islands"</segment>
		<segment id="s-1.03" xref="u-1.12">The map shows the routes of the motorboats and ferries that serve the islands.</segment>
		<segment id="s-1.04" xref="u-1.13">The departure points are: the Market Square, Pohjoissatama, Hakaniemi and Laivurinkatu.</segment>
		<segment id="s-1.05" xref="u-1.14">Several guided tours of the nearby archipelago start each day from the Market Square and Hakaniemi.</segment>
		<segment id="s-1.06" xref="u-1.15">One can reach Seurasaari by taking bus no. 24 from Erottaja (beside the Swedish Theatre) to the last stop.</segment>
		<segment id="s-1.07" xref="u-1.16">Bus no. 16 or any of the buses going along the Itäväylä road will take you to Mustikkamaa, which is connected by a footbridge with Korkeasaari.</segment>
		<segment id="s-1.08" xref="u-1.17" alt="Photo"/>
		<segment id="s-1.09" xref="u-1.18">Helsinki's four tourist islands</segment>
		<segment id="s-2.01" xref="u-2.01" alt="Photo: Boat"/>
		<segment id="s-2.02" xref="u-2.02" alt="Photo: Fortress"/>
		<segment id="s-2.03" xref="u-2.03" alt="Photo: Aerial"/>
		<segment id="s-2.04" xref="u-2.04">Experience Helsinki by Sea</segment>
		<segment id="s-2.05" xref="u-2.05">Half of Helsinki's area is water and the people of the city are keen boating enthusiasts.</segment>
		<segment id="s-2.06" xref="u-2.06">There are about a dozen boat clubs, which also provide jetty space for visitors' boats.</segment>
		<segment id="s-2.07" xref="u-2.07">In summer, several guided tours of the nearby archipelago depart from the Market Square and Hakaniemi quaysides.</segment>
		<segment id="s-2.08" xref="u-2.08">One can also fish in and around the city.</segment>
		<segment id="s-2.09" xref="u-2.09">More detailed information can be obtained from the City Tourist Office.</segment>
		<segment id="s-2.10" xref="u-2.10">The four "Tourist Islands" are interesting places for tourists to visit.</segment>
		<segment id="s-2.11" xref="u-2.11">These are: Korkeasaari with its zoo, Pihlajasaari with its beaches, Seurasaari with its open-air museum and Suomenlinna with its historical fortress.</segment>
		<segment id="s-2.12" xref="u-2.12">All four are well connected with the mainland by ferries or bridges.</segment>
		<mini-segment id="s-2.13" xref="u-2.13" alt="Emblem"/>
		<segment id="s-2.14" xref="u-2.14">Helsinki City Tourist Office</segment>
		<segment id="s-2.15" xref="u-2.15">Pohjoisesplanadi 19. tel 1693757 and 174088.</segment>
		<segment id="s-2.16" xref="u-2.16">Open 16.5.-15.9. Monday to Friday 8.30 am - 6 pm, Saturdays 8.30 am - 1 pm: 16.9.-15.5. Mondays 8.30 am - 4.30 pm Tuesday to Friday 8.30 am - 4 pm.</segment>
		<segment id="s-2.17" xref="u-2.17">Helsinki today, information on current events taking place in Helsinki, tel. 058.</segment>
		<segment id="s-2.18" xref="u-2.18" alt="Photo: Harbour"/>
		<segment id="s-3.01" xref="u-3.01" alt="Photo: Pier"/>
		<segment id="s-3.02" xref="u-3.02" alt="Photo: Owl"/>
		<segment id="s-3.03" xref="u-3.03" alt="Photo: Goat"/>
		<segment id="s-3.04" xref="u-3.04">Korkeasaari</segment>
		<segment id="s-3.05" xref="u-3.05">Korkeasaari is the only general zoo in Finland and it was established in 1889.</segment>
		<segment id="s-3.06" xref="u-3.06">The zoo contains about 80 species of mammals and 100 species of birds.</segment>
		<segment id="s-3.07" xref="u-3.07">In particular, species from cold and mountain regions thrive there.</segment>
		<segment id="s-3.08" xref="u-3.08">The animals include Siberian tigers, snow leopards, cheetahs, lesser pandas, musk oxen and Rocky Mountain goats.</segment>
		<segment id="s-3.09" xref="u-3.09">The snowleopards have brought Korkeasaari international fame, because they thrive better there than in any other zoo.</segment>
		<segment id="s-3.10" xref="u-3.10">In the small animals hall, artificial lighting has been used to change day into night, enabling visitors to study the habits of nocturnal animals.</segment>
		<segment id="s-3.11" xref="u-3.11">By following a numbered route one can see all the animals in the zoo.</segment>
		<segment id="s-3.12" xref="u-3.12">There is a summer restaurant, in addition to several cafés on the island.</segment>
		<segment id="s-3.13" xref="u-3.13">The zoo is open all the year round.</segment>
		<segment id="s-3.14" xref="u-3.14">Information: office open all year round and information booth from 1 May to 30 September, tel. 170 077.</segment>
		<segment id="s-3.15" xref="u-3.15">How to get there: by footbridge from Mustikkamaa, or from May to September, by ferry from Pohjoissatama and motorboat from Pohjoissatama, Hakaniemi and the Market Square.</segment>
		<segment id="s-3.16" xref="u-3.16" alt="Map"/>
		<segment id="s-3.17" xref="u-3.33" alt="Photo: Deer"/>
		<segment id="s-3.18" xref="u-3.34" alt="Photo: Audience"/>
		<segment id="s-3.19" xref="u-3.35" alt="Photo: Seal"/>
		<segment id="s-4.01" xref="u-4.01" alt="Photo: Path"/>
		<segment id="s-4.02" xref="u-4.02" alt="Photo: Rocks"/>
		<segment id="s-4.03" xref="u-4.03" alt="Photo: Children"/>
		<segment id="s-4.04" xref="u-4.04">Pihlajasaari</segment>
		<segment id="s-4.05" xref="u-4.05">The recreational park on Pihlajasaari is a popular summer oasis and excursion destination only a couple of kilometers from the inner city.</segment>
		<segment id="s-4.06" xref="u-4.06">There are two islands, which are connected by a footbridge.</segment>
		<segment id="s-4.07" xref="u-4.07">They lie off Merisatama and are owned by the city.</segment>
		<segment id="s-4.08" xref="u-4.08">The scenery on the islands varies from sandy beaches through smooth, glacier-polished rock to deciduous and evergreen forest, rocky hills and beautiful footpaths.</segment>
		<segment id="s-4.09" xref="u-4.09">The cliffs on the southern side command a splendid view of the open sea.</segment>
		<segment id="s-4.10" xref="u-4.10">The western island has a sandy beach with changing cabins, kiosks and a summer café.</segment>
		<segment id="s-4.11" xref="u-4.11">On the eastern island is a covered outdoor grill where people can grill sausages and make coffee.</segment>
		<segment id="s-4.12" xref="u-4.12">Information: in summer, from the park supervisor, tel. 630 065.</segment>
		<segment id="s-4.13" xref="u-4.13">How to get there: motorboat service from Laivurinkatu form May to the end of August.</segment>
		<segment id="s-4.14" xref="u-4.14">The trip takes about 15 minutes.</segment>
		<segment id="s-4.15" xref="u-4.15" alt="Map"/>
		<segment id="s-4.16" xref="u-4.22" alt="Photo: Child"/>
		<segment id="s-4.17" xref="u-4.23" alt="Photo: Beach"/>
		<segment id="s-5.01" xref="u-5.01" alt="Photo: Earthworks"/>
		<segment id="s-5.02" xref="u-5.02" alt="Photo: Earthworks 2"/>
		<segment id="s-5.03" xref="u-5.03" alt="Photo: Gate"/>
		<segment id="s-5.04" xref="u-5.04">Suomenlinna</segment>
		<segment id="s-5.05" xref="u-5.05">Suomenlinna is both a recreational and museum area and a functioning part of the city.</segment>
		<segment id="s-5.06" xref="u-5.06">Work on the great sea fortress of Viapori, intended to be the main base for the defence of Finland, began under the supervision of Augustin Ehrensvärd in 1748.</segment>
		<segment id="s-5.07" xref="u-5.07">After Finland had been wrested from Swedish rule in 1809, the fortress became a Russian garrison.</segment>
		<segment id="s-5.08" xref="u-5.08">The fortress acquired its Finnish-language name Suomenlinna in 1918, shortly after the country had become independent.</segment>
		<segment id="s-5.09" xref="u-5.09">Today, the two islands Susisaari and Kustaanmiekka are a museum area, whose fortifications, casemates, parks and bastions form a unique historical monument.</segment>
		<segment id="s-5.10" xref="u-5.10">The main sights are the King's Gate and Ehrensvärd's grave monument.</segment>
		<segment id="s-5.11" xref="u-5.11">The museum area contains the Ehrensvärd and Armfelt museums, the submarine Vesikko and the Coastal Defence Museum as well as, on Iso Mustasaari, the Jetty Barracks art gallery.</segment>
		<segment id="s-5.12" xref="u-5.12">There are three cafés on the islands, in addition to the summer restaurant Walhalla and a bathing beach.</segment>
		<segment id="s-5.13" xref="u-5.13">Information: information booth on the shore of Tykistölahti Bay in summer, tel. 668341, guided tours tel. 668154.</segment>
		<segment id="s-5.14" xref="u-5.14">Tours begin from the information booth.</segment>
		<segment id="s-5.15" xref="u-5.15">Information in winter tel. 668154.</segment>
		<segment id="s-5.16" xref="u-5.16">How to get there: ferry from the Market Square: in summer also motorboat from the Market Square and Hakaniemi.</segment>
		<segment id="s-5.17" xref="u-5.17" alt="Map"/>
		<segment id="s-5.18" xref="u-5.32" alt="Photo: Harbour"/>
		<segment id="s-5.19" xref="u-5.33" alt="Photo: Beach"/>
		<segment id="s-5.20" xref="u-5.34" alt="Photo: Flowers"/>
		<segment id="s-6.01" xref="u-6.01" alt="Photo: Bridge"/>
		<segment id="s-6.02" xref="u-6.02" alt="Photo: Dance"/>
		<segment id="s-6.03" xref="u-6.03" alt="Photo: Squirrel"/>
		<segment id="s-6.04" xref="u-6.04">Seurasaari</segment>
		<segment id="s-6.05" xref="u-6.05">Seurasaari is a recreational park and open-air museum on an island just slightly west of the centre of Helsinki.</segment>
		<segment id="s-6.06" xref="u-6.06">The open-air museum was established in 1909.</segment>
		<segment id="s-6.07" xref="u-6.07">It contains buildings collected from various parts of Finland and reassembled: farmhouses, a traditional smoke sauna, windmills, barns, church boats, swings, a museum shop an an 18th century manor house.</segment>
		<segment id="s-6.08" xref="u-6.08">Services of worship and devotions are held in the 17th-century wooden Karuna church in summer.</segment>
		<segment id="s-6.09" xref="u-6.09">The open-air museum is open from may to the end of September.</segment>
		<segment id="s-6.10" xref="u-6.10">In summer, traditional folk dancing, concerts and traditional Midsummer festivities are arranged on Seurasaari.</segment>
		<segment id="s-6.11" xref="u-6.11">There is also a bathing place and a summer restaurant on the island.</segment>
		<segment id="s-6.12" xref="u-6.12">The park is open all the year round and is excellent for skiing in winter.</segment>
		<segment id="s-6.13" xref="u-6.13">Information: from the information booth at the open-air museum in summer, tel. 484562.</segment>
		<segment id="s-6.14" xref="u-6.14">Guided tours in summer, tel. 484712.</segment>
		<segment id="s-6.15" xref="u-6.15">How to get there: bus no. 24 from Erottaja all the year round.</segment>
		<segment id="s-6.16" xref="u-6.16">Motorboat service from the Market Square in summer.</segment>
		<segment id="s-6.17" xref="u-6.17" alt="Map"/>
		<segment id="s-6.18" xref="u-6.30" alt="Photo: Cabins"/>
		<segment id="s-6.19" xref="u-6.31" alt="Photo: Inside"/>
		<segment id="s-6.20" xref="u-6.32" alt="Photo: Bonfire"/>
	</segmentation>
	<rst-structure>
		<multi-span id="span-1.01" nuclei="s-1.01 s-1.02" relation="joint"/>
		<span id="span-1.02" nucleus="s-1.03" satellites="span-1.03" relation="enablement">
			<title xref="s-1.02"/>
		</span>
		<span id="span-1.03" nucleus="s-1.04" satellites="s-1.05" relation="elaboration"/>
		<span id="span-1.04" nucleus="s-1.03" satellites="span-1.05" relation="enablement"/>
		<multi-span id="span-1.05" nuclei="s-1.06 s-1.07" relation="joint"/>
		
		<multi-span id="span-1.06" nuclei="span-1.01 span-1.07" relation="joint"/>
		<multi-span id="span-1.07" nuclei="s-1.09 s-1.08" relation="restatement"/>
	</rst-structure>
	<rst-structure>
		<multi-span id="span-2.01" nuclei="s-2.01 s-2.02 s-2.03 s-2.04 s-2.18" relation="restatement"/>
		<span id="span-2.02" nucleus="s-2.05" satellites="s-2.06" relation="evidence"/>
		<span id="span-2.03" nucleus="s-2.07" satellites="span-2.02" relation="preparation"><title xref="s-2.04"/></span>
		<span id="span-2.04" nucleus="s-2.07" satellites="span-2.05 span-2.09" relation="elaboration"/>
		<span id="span-2.05" nucleus="s-2.08" satellites="span-2.06" relation="enablement"/>
		<span id="span-2.06" nucleus="s-2.09" satellites="span-2.08" relation="enablement"/>
		<mini-span id="span-2.07" attribuend="s-2.14" attribute="s-2.13" relation="identification"/>
		<span id="span-2.08" nucleus="span-2.07" satellites="s-2.15 s-2.16 s-2.17" relation="enablement"/>
		<span id="span-2.09" nucleus="s-2.10" satellites="span-2.10" relation="elaboration"/>
		<span id="span-2.10" nucleus="s-2.11" satellites="s-2.12" relation="enablement"/>
	</rst-structure>
	<rst-structure>
		<multi-span id="span-3.01" nuclei="s-3.01 s-3.02 s-3.03 s-3.04 s-3.17 s-3.18 s-3.19" relation="restatement"/>
		<span id="span-3.02" nucleus="s-3.05" satellites="s-3.06 span-3.03 span-3.05" relation="elaboration"><title xref="s-3.04"/></span>
		<span id="span-3.03" nucleus="s-3.07" satellites="span-3.04" relation="evidence"/>
		<span id="span-3.04" nucleus="s-3.08" satellites="s-3.09" relation="evaluation"/>
		<multi-span id="span-3.05" nuclei="s-3.10 s-3.11 s-3.12 s-3.13" relation="joint"/>
		
		<span id="span-3.06" nucleus="s-3.05" satellites="span-3.07" relation="enablement"/>
		<multi-span id="span-3.07" nuclei="span-3.08 s-3.16" relation="joint"/>
		<multi-span id="span-3.08" nuclei="s-3.14 s-3.15" relation="joint"/>	
	</rst-structure>
	<rst-structure>
		<multi-span id="span-4.01" nuclei="s-4.01 s-4.02 s-4.03 s-4.04 s-4.16 s-4.17" relation="restatement"/>
		<span id="span-4.02" nucleus="s-4.05" satellites="span-4.03 span-4.04" relation="elaboration"><title xref="s-4.04"/></span>
		<span id="span-4.03" nucleus="s-4.06" satellites="s-4.07" relation="elaboration"/>
		<span id="span-4.04" nucleus="s-4.08" satellites="s-4.09 span-4.05" relation="elaboration"/>
		<multi-span id="span-4.05" nuclei="s-4.10 s-4.11" relation="joint"/>
		
		<span id="span-4.06" nucleus="s-4.05" satellites="span-4.07" relation="enablement"/>
		<multi-span id="span-4.07" nuclei="span-4.08 s-4.15" relation="joint"/>
		<multi-span id="span-4.08" nuclei="s-4.12 span-4.09" relation="joint"/>
		<span id="span-4.09" nucleus="s-4.13" satellites="s-4.14" relation="elaboration"/>
	</rst-structure>
	<rst-structure>
		<multi-span id="span-5.01" nuclei="s-5.01 s-5.02 s-5.03 s-5.04 s-5.18 s-5.19 s-5.20" relation="restatement"/>
		<span id="span-5.06" nucleus="s-5.05" satellites="span-5.07" relation="elaboration">
			<title xref="s-5.04"/>
		</span>
		<multi-span id="span-5.07" nuclei="s-5.06 s-5.07 s-5.08 span-5.08" relation="sequence"/>
		<span id="span-5.08" nucleus="s-5.09" satellites="span-5.09" relation="elaboration"/>
		<multi-span id="span-5.09" nuclei="s-5.10 s-5.11 s-5.12" relation="joint"/>
		<span id="span-5.10" nucleus="s-5.05" satellites="span-5.11" relation="enablement"/>
		<multi-span id="span-5.11" nuclei="span-5.12 s-5.16 s-5.17" relation="joint"/>
		<span id="span-5.12" nucleus="s-5.13" satellites="span-5.13" relation="elaboration"/>
		<multi-span id="span-5.13" nuclei="s-5.14 s-5.15" relation="joint"/>
	</rst-structure>
	<rst-structure >
		<multi-span id="span-6.01" nuclei="s-6.01 s-6.02 s-6.03 s-6.04 s-6.18 s-6.19 s-6.20" relation="restatement"/>
		<span id="span-6.06" nucleus="s-6.05" satellites="s-6.06 span-6.08 span-6.11" relation="elaboration">
			<title xref="s-6.04"/>
		</span>
		<span id="span-6.08" nucleus="s-6.07" satellites="span-6.09" relation="elaboration"/>
		<multi-span id="span-6.09" nuclei="s-6.08 s-6.09" relation="joint"/>
		<multi-span id="span-6.11" nuclei="s-6.10 s-6.11 s-6.12" relation="joint"/>
		<span id="span-6.12" nucleus="s-6.05" satellites="span-6.13 span-6.14 s-6.17" relation="enablement"/>
		<span id="span-6.13" nucleus="s-6.13" satellites="s-6.14" relation="enablement"/>
		<span id="span-6.14" nucleus="s-6.15" satellites="s-6.16" relation="enablement"/>
	</rst-structure>

</gemRst>
