<?xml version="1.0" encoding="UTF-8"?>

<gemNav>
    <pointer id="p-2.01" from="s-2.15" to="" type="cross-reference" range="phone">
        <content xref="u-2.15"/>
        <address xref="" address-precision="start-only"/>
    </pointer>
    <pointer id="p-3.01" from="s-3.14" to="" type="cross-reference" range="phone">
        <content xref="u-3.14"/>
        <address xref="" address-precision="start-only"/>
    </pointer>
    <pointer id="p-4.01" from="s-4.12" to="" type="cross-reference" range="phone">
        <content xref="u-4.12"/>
        <address xref="" address-precision="start-only"/>
    </pointer>
    <pointer id="p-5.01" from="s-5.13" to="" type="cross-reference" range="phone">
        <content xref="u-5.13"/>
        <address xref="" address-precision="start-only"/>
    </pointer>
    <pointer id="p-5.02" from="s-5.15" to="" type="cross-reference" range="phone">
        <content xref="u-5.15"/>
        <address xref="" address-precision="start-only"/>
    </pointer>
    <pointer id="p-6.01" from="s-6.13" to="" type="cross-reference" range="phone">
        <content xref="u-6.13"/>
        <address xref="" address-precision="start-only"/>
    </pointer>
    <pointer id="p-6.02" from="s-6.14" to="" type="cross-reference" range="phone">
        <content xref="u-6.14"/>
        <address xref="" address-precision="start-only"/>
    </pointer>
</gemNav>
