<?xml version="1.0" encoding="UTF-8"?>

<gemRst>
	<segmentation>
		<segment id="s-1.01" xref="u-1.01">SUOMENLINNA</segment>
		<segment id="s-1.02" xref="u-1.02">86</segment>
		<segment id="s-1.03" xref="u-1.03" alt="Illustration: Tomb of Ehrensvaerd"/>
		<segment id="s-1.04" xref="u-1.04">SEAFORTRESS IN HELSINKI</segment>
		<segment id="s-1.05" xref="u-1.06">The island fortress of Suomenlinna is one of Helsinki's most notable sights.</segment>
		<segment id="s-1.06" xref="u-1.07">This unique architectural monument today serves a wide range of recreational and cultural functions and is still a thriving residential district as well.</segment>
		<segment id="s-1.07" xref="u-1.08">At one time Suomenlinna, or Sveaborg as it was then called, was the greatest fortress in the Swedish empire.</segment>
		<segment id="s-1.08" xref="u-1.09">Started in 1748, the fortification work involved six islands off the southern tip of Helsinki and was directed by Augustin Enrensvärd.</segment>
		<segment id="s-1.09" xref="u-1.10" alt="Photo: King's Gate"/>
		<segment id="s-1.10" xref="u-1.11">The flags of three different nations have flown over Suomenlinna's ramparts.</segment>
		<segment id="s-1.11" xref="u-1.12">The fortress was Sweden's shield against the Russian Empire for 60 years until it surrendered to the enemy in 1808, during the War of Finland.</segment>
		<segment id="s-1.12" xref="u-1.13">It was used by the Russians for the next 110 years.</segment>
		<segment id="s-1.13" xref="u-1.14">In 1855, during the Crimean War, it was bombarded by a British Fleet.</segment>
		<segment id="s-1.14" xref="u-1.15">After Finland had gained independence in 1917, the fortress was given its present name, which means "the fortress of Finland".</segment>
		<segment id="s-1.15" xref="u-1.16">It continued to serve as a part of the nation's defences until 1973.</segment>
		<segment id="s-1.16" xref="u-1.17">Suomenlinna's main tourist attraction is the fortifications on Susisaari and Kustaanmiekka islands, which now form a single island.</segment>
		<segment id="s-1.17" xref="u-1.18">Kustaanmiekka is a small, well-preserved bastioned fort with concatenated defence walls and tunnels.</segment>
		<segment id="s-1.18" xref="u-1.19">The island's foremost sight is the King's Gate.</segment>
		<segment id="s-1.19" xref="u-1.20">The main fortress is located on Susisaari Island, which also includes a number of parks and squares.</segment>
		<segment id="s-1.20" xref="u-1.21">This island's most important sight is the building complex and square around Ehrensvärd's tomb.</segment>
		<segment id="s-1.21" xref="u-1.22" alt="Map: Suomenlinna"/>
		<segment id="s-2.01" xref="u-2.01">Piper Café</segment>
		<segment id="s-2.02" xref="u-2.02">Photo: Piper Cafe</segment>
		<segment id="s-2.03" xref="u-2.03">The café stands on Suomenlinna's highest point and commands a splendid view of the sea and surrounding park.</segment>
		<segment id="s-2.04" xref="u-2.04">Coffee, soft drinks, sandwiches, hamburgers .</segment>
		<segment id="s-2.05" xref="u-2.05">There are also tables outside.</segment>
		<segment id="s-2.06" xref="u-2.06">Open 9 May --- 31 May daily 10 am-5pm, 1 June --- 31 August 10 am-5 pm.</segment>
		<segment id="s-2.07" xref="u-2.08">Helga Café Ship</segment>
		<segment id="s-2.08" xref="u-2.09">Converted sand yawl in Tykistölahti Bay.</segment>
		<segment id="s-2.09" xref="u-2.10">Food also served.</segment>
		<segment id="s-2.10" xref="u-2.11">Specialty pizzas.</segment>
		<segment id="s-2.11" xref="u-2.12">Open from 1 May Mon---Sat 10 am-8 pm, Sun 10 </segment>
		<segment id="s-2.12" xref="u-2.15">Katharina Café</segment>
		<segment id="s-2.13" xref="u-2.16">Located in the Nordic Arts Centre.</segment>
		<segment id="s-2.14" xref="u-2.17">Opening hours same as for the Jetty Barracks Gallery.</segment>
		<segment id="s-2.15" xref="u-2.20">Public Beach</segment>
		<segment id="s-2.16" xref="u-2.21">The beach, on the northern cove between Susisaari and Kustaanmiekka islands, is open and guarded 15 June --- 16 August daily 10 am-6 pm.</segment>
		<segment id="s-2.17" xref="u-2.22">Shower and changing facilities.</segment>
		<segment id="s-2.18" xref="u-2.25">Summer theatre</segment>
		<segment id="s-2.19" xref="u-2.26">Plays are performed (in Finnish) at the Good Conscience Bastion during the summer months.</segment>
		<segment id="s-2.20" xref="u-2.27">Information, tel. 718 622.</segment>
		<segment id="s-2.21" xref="u-2.28" alt="Photo: Summer theatre at the bastion"/>
		<segment id="s-2.22" xref="u-2.30">Information kiosk</segment>
		<segment id="s-2.23" xref="u-2.31">The kiosk alongside Tykistölahti Bay sells brochures, maps, souvenirs etc.</segment>
		<segment id="s-2.24" xref="u-2.32">Guided tours also start here.</segment>
		<segment id="s-2.25" xref="u-2.33">Tel. 668 341.</segment>
		<segment id="s-2.26" xref="u-2.34">Open 11 May --- 31 August daily 10 am-5 pm.</segment>
		<segment id="s-2.27" xref="u-2.35">Boat connections</segment>
		<segment id="s-2.28" xref="u-2.36">1. FERRY, MS Suomenlinna-Sveaborg, Market Square --- Suomenlinna Jetty --- Market Square.</segment>
		<segment id="s-2.29" xref="u-2.37">Year round except as in point 2.</segment>
		<segment id="s-2.30" xref="u-2.38">2. FERRY, MS Suomenlinna-Sveaborg, Market Square --- Suomenlinna Jetty --- Market Square.</segment>
		<segment id="s-2.31" xref="u-2.39">1 May --- 30 November Sat---Sun.</segment>
		<segment id="s-2.32" xref="u-2.40">3. WATERBUSES, MS Amiraali, MS Walhalla and MS Viapori.</segment>
		<segment id="s-2.33" xref="u-2.41">Market Square --- Tykistölahti Bay --- King's Gate --- Market Square.</segment>
		<segment id="s-2.34" xref="u-2.42">17 May --- 31 August.</segment>
		<segment id="s-2.35" xref="u-2.43">4. WATERBUSES, MS Amiraali, MS Walhalla and MS Viapori.</segment>
		<segment id="s-2.36" xref="u-2.44">1 May --- 16 June and 1---14 September.</segment>
		<segment id="s-2.37" xref="u-2.45">* = except Saturdays and Sundays ** = last boat on Sundays and when Walhalla Restaurant is closed.</segment>
		<mini-segment id="s-2.38" xref="u-2.46" alt="Illustration: Arrow right"/>
		<mini-segment id="s-2.39" xref="u-2.47" alt="Illustration: Arrow left"/>
		<segment id="s-2.40" xref="u-2.49">HELSINKI---SUOMENLINNA</segment>
		<segment id="s-2.41" xref="u-2.50">1</segment>
		<segment id="s-2.42" xref="u-2.51">2</segment>
		<segment id="s-2.43" xref="u-2.52">3</segment>
		<segment id="s-2.44" xref="u-2.53">4</segment>
		<segment id="s-2.45" xref="u-2.55">SUOMENLINNA---HELSINKI</segment>
		<segment id="s-2.46" xref="u-2.56">1</segment>
		<segment id="s-2.47" xref="u-2.57">2</segment>
		<segment id="s-2.48" xref="u-2.58">3</segment>
		<segment id="s-2.49" xref="u-2.59">4</segment>
		<segment id="s-2.50" xref="u-2.60">7.40</segment>
		<segment id="s-2.51" xref="u-2.61">8.30</segment>
		<segment id="s-2.52" xref="u-2.62">9.30</segment>
		<segment id="s-2.53" xref="u-2.63">10.30</segment>
		<segment id="s-2.54" xref="u-2.64">11.30</segment>
		<segment id="s-2.55" xref="u-2.65">12.30</segment>
		<segment id="s-2.56" xref="u-2.66">13.30</segment>
		<segment id="s-2.57" xref="u-2.67">14.30</segment>
		<segment id="s-2.58" xref="u-2.68">15.30</segment>
		<segment id="s-2.59" xref="u-2.69">16.35</segment>
		<segment id="s-2.60" xref="u-2.70">17.30</segment>
		<segment id="s-2.61" xref="u-2.71">18.30</segment>
		<segment id="s-2.62" xref="u-2.72">19.10</segment>
		<segment id="s-2.63" xref="u-2.73">19.50</segment>
		<segment id="s-2.64" xref="u-2.74">20.30</segment>
		<segment id="s-2.65" xref="u-2.75">21.10</segment>
		<segment id="s-2.66" xref="u-2.76">21.50</segment>
		<segment id="s-2.67" xref="u-2.77">22.30</segment>
		<segment id="s-2.68" xref="u-2.78">23.30</segment>
		<segment id="s-2.69" xref="u-2.79">0.30</segment>
		<segment id="s-2.70" xref="u-2.80">1.30</segment>
		<segment id="s-2.71" xref="u-2.81">7.40</segment>
		<segment id="s-2.72" xref="u-2.82">8.30</segment>
		<segment id="s-2.73" xref="u-2.83">9.30</segment>
		<segment id="s-2.74" xref="u-2.84">10.10</segment>
		<segment id="s-2.75" xref="u-2.85">10.50</segment>
		<segment id="s-2.76" xref="u-2.86">11.30</segment>
		<segment id="s-2.77" xref="u-2.87">12.10</segment>
		<segment id="s-2.78" xref="u-2.88">12.50</segment>
		<segment id="s-2.79" xref="u-2.89">13.30</segment>
		<segment id="s-2.80" xref="u-2.90">14.30</segment>
		<segment id="s-2.81" xref="u-2.91">15.10</segment>
		<segment id="s-2.82" xref="u-2.92">15.50</segment>
		<segment id="s-2.83" xref="u-2.93">16.30</segment>
		<segment id="s-2.84" xref="u-2.94">17.10</segment>
		<segment id="s-2.85" xref="u-2.95">17.50</segment>
		<segment id="s-2.86" xref="u-2.96">18.30</segment>
		<segment id="s-2.87" xref="u-2.97">19.10</segment>
		<segment id="s-2.88" xref="u-2.98">19.50</segment>
		<segment id="s-2.89" xref="u-2.99">20.30</segment>
		<segment id="s-2.90" xref="u-2.100">21.10</segment>
		<segment id="s-2.91" xref="u-2.101">21.50</segment>
		<segment id="s-2.92" xref="u-2.102">22.30</segment>
		<segment id="s-2.93" xref="u-2.103">23.30</segment>
		<segment id="s-2.94" xref="u-2.104">0.30</segment>
		<segment id="s-2.95" xref="u-2.105">1.30</segment>
		<segment id="s-2.96" xref="u-2.106">8.00*</segment>
		<segment id="s-2.97" xref="u-2.107">9.00</segment>
		<segment id="s-2.98" xref="u-2.108">10.00</segment>
		<segment id="s-2.99" xref="u-2.109">10.30</segment>
		<segment id="s-2.100" xref="u-2.110">11.00</segment>
		<segment id="s-2.101" xref="u-2.111">11.30</segment>
		<segment id="s-2.102" xref="u-2.112">12.00</segment>
		<segment id="s-2.103" xref="u-2.113">12.30</segment>
		<segment id="s-2.104" xref="u-2.114">13.00</segment>
		<segment id="s-2.105" xref="u-2.115">13.30</segment>
		<segment id="s-2.106" xref="u-2.116">14.00</segment>
		<segment id="s-2.107" xref="u-2.117">14.30</segment>
		<segment id="s-2.108" xref="u-2.118">15.00</segment>
		<segment id="s-2.109" xref="u-2.119">15.30</segment>
		<segment id="s-2.110" xref="u-2.120">16.00</segment>
		<segment id="s-2.111" xref="u-2.121">16.30</segment>
		<segment id="s-2.112" xref="u-2.122">17.00</segment>
		<segment id="s-2.113" xref="u-2.123">17.30</segment>
		<segment id="s-2.114" xref="u-2.124">18.00</segment>
		<segment id="s-2.115" xref="u-2.125">19.00**</segment>
		<segment id="s-2.116" xref="u-2.126">20.00</segment>
		<segment id="s-2.117" xref="u-2.127">21.00</segment>
		<segment id="s-2.118" xref="u-2.128">22.00</segment>
		<segment id="s-2.119" xref="u-2.129">23.00</segment>
		<segment id="s-2.120" xref="u-2.130">24.00</segment>
		<segment id="s-2.121" xref="u-2.131">8.00*</segment>
		<segment id="s-2.122" xref="u-2.132">9.00</segment>
		<segment id="s-2.123" xref="u-2.133">10.00</segment>
		<segment id="s-2.124" xref="u-2.134">11.00</segment>
		<segment id="s-2.125" xref="u-2.135">12.00</segment>
		<segment id="s-2.126" xref="u-2.136">13.00</segment>
		<segment id="s-2.127" xref="u-2.137">14.00</segment>
		<segment id="s-2.128" xref="u-2.138">15.00</segment>
		<segment id="s-2.129" xref="u-2.139">16.00</segment>
		<segment id="s-2.130" xref="u-2.140">17.00</segment>
		<segment id="s-2.131" xref="u-2.141">7.20</segment>
		<segment id="s-2.132" xref="u-2.142">8.00</segment>
		<segment id="s-2.133" xref="u-2.143">9.00</segment>
		<segment id="s-2.134" xref="u-2.144">10.00</segment>
		<segment id="s-2.135" xref="u-2.145">11.00</segment>
		<segment id="s-2.136" xref="u-2.146">12.10</segment>
		<segment id="s-2.137" xref="u-2.147">13.10</segment>
		<segment id="s-2.138" xref="u-2.148">14.10</segment>
		<segment id="s-2.139" xref="u-2.149">15.10</segment>
		<segment id="s-2.140" xref="u-2.150">16.05</segment>
		<segment id="s-2.141" xref="u-2.151">17.10</segment>
		<segment id="s-2.142" xref="u-2.152">18.10</segment>
		<segment id="s-2.143" xref="u-2.153">18.50</segment>
		<segment id="s-2.144" xref="u-2.154">19.30</segment>
		<segment id="s-2.145" xref="u-2.155">20.10</segment>
		<segment id="s-2.146" xref="u-2.156">20.50</segment>
		<segment id="s-2.147" xref="u-2.157">21.30</segment>
		<segment id="s-2.148" xref="u-2.158">22.10</segment>
		<segment id="s-2.149" xref="u-2.159">23.10</segment>
		<segment id="s-2.150" xref="u-2.160">0.10</segment>
		<segment id="s-2.151" xref="u-2.161">1.10</segment>
		<segment id="s-2.152" xref="u-2.162">1.45</segment>
		<segment id="s-2.153" xref="u-2.163">7.20</segment>
		<segment id="s-2.154" xref="u-2.164">8.00</segment>
		<segment id="s-2.155" xref="u-2.165">9.00</segment>
		<segment id="s-2.156" xref="u-2.166">9.50</segment>
		<segment id="s-2.157" xref="u-2.167">10.30</segment>
		<segment id="s-2.158" xref="u-2.168">11.10</segment>
		<segment id="s-2.159" xref="u-2.169">11.50</segment>
		<segment id="s-2.160" xref="u-2.170">12.30</segment>
		<segment id="s-2.161" xref="u-2.171">13.10</segment>
		<segment id="s-2.162" xref="u-2.172">14.10</segment>
		<segment id="s-2.163" xref="u-2.173">14.50</segment>
		<segment id="s-2.164" xref="u-2.174">15.30</segment>
		<segment id="s-2.165" xref="u-2.175">16.10</segment>
		<segment id="s-2.166" xref="u-2.176">16.50</segment>
		<segment id="s-2.167" xref="u-2.177">17.30</segment>
		<segment id="s-2.168" xref="u-2.178">18.10</segment>
		<segment id="s-2.169" xref="u-2.179">18.50</segment>
		<segment id="s-2.170" xref="u-2.180">19.30</segment>
		<segment id="s-2.171" xref="u-2.181">20.10</segment>
		<segment id="s-2.172" xref="u-2.182">20.50</segment>
		<segment id="s-2.173" xref="u-2.183">21.30</segment>
		<segment id="s-2.174" xref="u-2.184">22.10</segment>
		<segment id="s-2.175" xref="u-2.185">23.10</segment>
		<segment id="s-2.176" xref="u-2.186">0.10</segment>
		<segment id="s-2.177" xref="u-2.187">1.10</segment>
		<segment id="s-2.178" xref="u-2.188">1.45</segment>
		<segment id="s-2.179" xref="u-2.189">7.30*</segment>
		<segment id="s-2.180" xref="u-2.190">8.30*</segment>
		<segment id="s-2.181" xref="u-2.191">9.30*</segment>
		<segment id="s-2.182" xref="u-2.192">10.30</segment>
		<segment id="s-2.183" xref="u-2.193">11.00</segment>
		<segment id="s-2.184" xref="u-2.194">11.30</segment>
		<segment id="s-2.185" xref="u-2.195">12.00</segment>
		<segment id="s-2.186" xref="u-2.196">12.30</segment>
		<segment id="s-2.187" xref="u-2.197">13.00</segment>
		<segment id="s-2.188" xref="u-2.198">13.30</segment>
		<segment id="s-2.189" xref="u-2.199">14.00</segment>
		<segment id="s-2.190" xref="u-2.200">14.30</segment>
		<segment id="s-2.191" xref="u-2.201">15.00</segment>
		<segment id="s-2.192" xref="u-2.202">15.30</segment>
		<segment id="s-2.193" xref="u-2.203">16.00</segment>
		<segment id="s-2.194" xref="u-2.204">16.30</segment>
		<segment id="s-2.195" xref="u-2.205">17.00</segment>
		<segment id="s-2.196" xref="u-2.206">17.30</segment>
		<segment id="s-2.197" xref="u-2.207">18.00</segment>
		<segment id="s-2.198" xref="u-2.208">18.30</segment>
		<segment id="s-2.199" xref="u-2.209">19.30**</segment>
		<segment id="s-2.201" xref="u-2.210">20.30</segment>
		<segment id="s-2.202" xref="u-2.211">21.30</segment>
		<segment id="s-2.203" xref="u-2.212">22.30</segment>
		<segment id="s-2.204" xref="u-2.213">23.30</segment>
		<segment id="s-2.205" xref="u-2.214">0.30</segment>
		<segment id="s-2.206" xref="u-2.215">7.30*</segment>
		<segment id="s-2.207" xref="u-2.216">8.30*</segment>
		<segment id="s-2.208" xref="u-2.217">9.30</segment>
		<segment id="s-2.209" xref="u-2.218">10.30</segment>
		<segment id="s-2.210" xref="u-2.219">11.30</segment>
		<segment id="s-2.211" xref="u-2.220">12.30</segment>
		<segment id="s-2.212" xref="u-2.221">13.30</segment>
		<segment id="s-2.213" xref="u-2.222">14.30</segment>
		<segment id="s-2.214" xref="u-2.223">15.30</segment>
		<segment id="s-2.215" xref="u-2.224">16.30</segment>
		<segment id="s-2.216" xref="u-2.225">17.30</segment>
		<segment id="s-2.217" xref="u-2.227">Tourist information in Helsinki</segment>
		<segment id="s-2.218" xref="u-2.228">Helsinki City Tourist Office</segment>
		<segment id="s-2.219" xref="u-2.229">Pohjoisesplanadi 19</segment>
		<segment id="s-2.220" xref="u-2.230">Tel. 169 3757</segment>
		<segment id="s-2.221" xref="u-2.231">Information revised January 1986</segment>
		<segment id="s-2.222" xref="u-2.232">The publisher is not responsible for possible changes.</segment>
		<segment id="s-2.223" xref="u-2.234">Publisher: Helsinki City Tourist Office in co-operation with the Ehrensvärd Society.</segment>
		<segment id="s-2.224" xref="u-2.235">Guide services</segment>
		<segment id="s-2.225" xref="u-2.236">The best way to find out about Suomenlinna is to take one of the guided tours offered daily.</segment>
		<segment id="s-2.226" xref="u-2.237">Tours start from the information kiosk at Tykistölahti Bay and last about 1½ hours.</segment>
		<segment id="s-2.227" xref="u-2.238">Your guide will point out places of interest on Susisaari and Kustaanmiekka islands and tell you about the history of the fortress.</segment>
		<segment id="s-2.228" xref="u-2.240">From 1 June to 31 August, guided tours are offred in English at 12.30 and 2.30 pm daily.</segment>
		<segment id="s-2.229" xref="u-2.241">Tickets are on sale at the information kiosk.</segment>
		<segment id="s-2.230" xref="u-2.242">Groups may also book buides for other times, tel. 668 154.</segment>
		<segment id="s-2.231" xref="u-2.244" alt="Photo: Room interior"/>
		<segment id="s-2.232" xref="u-2.245" alt="Illustration: Ship"/>
		<segment id="s-2.233" xref="u-2.246">Open 3---31 May daily 10 am-4 pm, 1 June ---30 Sept. 10 am-5 pm, 1 Oct. --- 30 Nov. Sat, Sun 11am-3 pm.</segment>
		<segment id="s-2.234" xref="u-2.247">Ehrensvärd Museum</segment>
		<segment id="s-2.235" xref="u-2.248">Historical museum on Susisaari Island.</segment>
		<segment id="s-2.236" xref="u-2.249">It includes a model ship collection and officer's quarters dating from the 18th century, as well as exhibitions detailing Suomenlinna's military past.</segment>
		<segment id="s-2.237" xref="u-2.252">Armfelt Museum</segment>
		<segment id="s-2.238" xref="u-2.253">Reconstruction of a 19th century upper-class home in a former barracks.</segment>
		<segment id="s-2.239" xref="u-2.254">The museum includes five well-furnished rooms and a collection of china.</segment>
		<segment id="s-2.240" xref="u-2.255">Model ship exhibition in the summer of 1986.</segment>
		<segment id="s-2.241" xref="u-2.256">Open 12 May --- 31 August daily 11am-5.30 pm.</segment>
		<segment id="s-2.242" xref="u-2.257">In September Sat-Sun only.</segment>
		<segment id="s-2.243" xref="u-2.257-m" alt="Photo: China"/>
		<segment id="s-2.244" xref="u-2.259">Coastal Artillery Museum</segment>
		<segment id="s-2.245" xref="u-2.260">Arms museum in a vaulted powder room on Kustaanmiekka Island.</segment>
		<segment id="s-2.246" xref="u-2.261">The items on display date mainly from the first and second world wars.</segment>
		<segment id="s-2.247" xref="u-2.263">Open 10 May --- 31 August daily 11 am-5 pm.</segment>
		<segment id="s-2.248" xref="u-2.264">Submarine Vesikko</segment>
		<segment id="s-2.249" xref="u-2.265" alt="Photo: Submarine Vesikko"/>
		<segment id="s-2.250" xref="u-2.267">Situated on the north-eastern edge of Susisaari Island.</segment>
		<segment id="s-2.251" xref="u-2.268">The Vesikko was built in Turku in 1931---33 and took part in World War Two.</segment>
		<segment id="s-2.252" xref="u-2.269">Visitors are allowed on board.</segment>
		<segment id="s-2.253" xref="u-2.270">Open 10 May --- 31 August daily 11 am-5 pm.</segment>
		<segment id="s-2.254" xref="u-2.272">Nordic Arts Centre</segment>
		<segment id="s-2.255" xref="u-2.273">Exhibitions and book sales at the Jetty Barracks Gallery and the Garrison Barracks on Susisaari Island.</segment>
		<segment id="s-2.256" xref="u-2.275">Jetty Barracks Gallery: Contemporary Scandinavian art 9 Apr. -- 21 Sept.</segment>
		<segment id="s-2.257" xref="u-2.276">Mon---Fri 12---8 pm.</segment>
		<segment id="s-2.258" xref="u-2.277">Gallery Augusta open 30 Apr --- 21 Sept. daily 12---6 pm.</segment>
		<segment id="s-2.259" xref="u-2.279" alt="Photo: Jetty Barracks"/>
		<segment id="s-2.260" xref="u-2.281">Suomenlinna Church</segment>
		<segment id="s-2.261" xref="u-2.282">Orthodox garrison church dating from 1854 which has been redecorated in the Lutheran style.</segment>
		<segment id="s-2.262" xref="u-2.283">Open Sundays 12---4 pm.</segment>
		<segment id="s-2.263" xref="u-2.286">Doll and Toy Museum</segment>
		<segment id="s-2.264" xref="u-2.287">The museum, on Iso Mustasaari Island, includes items from the late 19th to mid 20th century.</segment>
		<segment id="s-2.265" xref="u-2.288">Open 10 May --- 31 Au-gust daily 10 am-5 pm, 1 September --- 31 October weekends 11 am-3 pm.</segment>
		<segment id="s-2.266" xref="u-2.291">Walhalla Restaurant</segment>
		<segment id="s-2.267" xref="u-2.292">Located on Kustaanmiekka Island, the Walhalla includes a first-class restaurant, cafeteria and pub.</segment>
		<segment id="s-2.268" xref="u-2.293">A brick casemate dating from the 1750s serves as the dining-room, with bar and other facilities situated in granite casemates and around a reconstructed bastion.</segment>
		<segment id="s-2.269" xref="u-2.295">Open 13 May --- 5 September.</segment>
		<segment id="s-2.270" xref="u-2.296">The restaurant is open Mon --- Sat from 11.30 am to midnight, on Sundays 11.30 am-6 pm.</segment>
		<segment id="s-2.271" xref="u-2.297">The terrace is open Mon---Sat 10 am--11 pm, on Sundays 10 am- 6pm.</segment>
		<segment id="s-2.272" xref="u-2.298">Tel. 668 552.</segment>
	</segmentation>
	<rst-structure>
		<multi-span id="span-1.01" nuclei="s-1.01 s-1.02 s-1.03 s-1.04" relation="joint"/>
		<span id="span-1.02" nucleus="s-1.05" satellites="span-1.03 span-1.05 span-1.08" relation="evaluation">
			<title xref="span-1.01"/>
		</span>
		<span id="span-1.03" nucleus="s-1.06" satellites="span-1.04" relation="elaboration"/>
		<span id="span-1.04" nucleus="s-1.07" satellites="s-1.08" relation="elaboration"/>
		<span id="span-1.05" nucleus="s-1.10" satellites="span-1.06" relation="elaboration"/>
		<multi-span id="span-1.06" nuclei="s-1.11 s-1.12 s-1.13 span-1.07" relation="sequence"/>
		<span id="span-1.07" nucleus="s-1.14" satellites="s-1.15" relation="elaboration"/>
		<span id="span-1.08" nucleus="s-1.16" satellites="span-1.09 span-1.11" relation="elaboration"/>
		<span id="span-1.09" nucleus="s-1.17" satellites="span-1.10" relation="elaboration"/>
		<multi-span id="span-1.10" nuclei="s-1.18 s-1.09" relation="restatement"/>
		<span id="span-1.11" nucleus="s-1.19" satellites="s-1.20" relation="elaboration"/>
		<multi-span id="span-1.12" nuclei="span-1.01 s-1.21" relation="joint"/>
	</rst-structure>
<!-- 
		<segment id="s-1.01" xref="u-1.01">SUOMENLINNA</segment>
		<segment id="s-1.02" xref="u-1.02">86</segment>
		<segment id="s-1.03" xref="u-1.03" alt="Illustration: Tomb of Ehrensvaerd"/>
		<segment id="s-1.04" xref="u-1.04">SEAFORTRESS IN HELSINKI</segment>
		<segment id="s-1.05" xref="u-1.06">The island fortress of Suomenlinna is one of Helsinki's most notable sights.</segment>
		<segment id="s-1.06" xref="u-1.07">This unique architectural monument today serves a wide range of recreational and cultural functions and is still a thriving residential district as well.</segment>
		<segment id="s-1.07" xref="u-1.08">At one time Suomenlinna, or Sveaborg as it was then called, was the greatest fortress in the Swedish empire.</segment>
		<segment id="s-1.08" xref="u-1.09">Started in 1748, the fortification work involved six islands off the southern tip of Helsinki and was directed by Augustin Enrensvärd.</segment>
		<segment id="s-1.09" xref="u-1.10" alt="Photo: King's Gate"/>
		<segment id="s-1.10" xref="u-1.11">The flags of three different nations have flown over Suomenlinna's ramparts.</segment>
		<segment id="s-1.11" xref="u-1.12">The fortress was Sweden's shield against the Russian Empire for 60 years until it surrendered to the enemy in 1808, during the War of Finland.</segment>
		<segment id="s-1.12" xref="u-1.13">It was used by the Russians for the next 110 years.</segment>
		<segment id="s-1.13" xref="u-1.14">In 1855, during the Crimean War, it was bombarded by a British Fleet.</segment>
		<segment id="s-1.14" xref="u-1.15">After Finland had gained independence in 1917, the fortress was given its present name, which means "the fortress of Finland".</segment>
		<segment id="s-1.15" xref="u-1.16">It continued to serve as a part of the nation's defences until 1973.</segment>
		<segment id="s-1.16" xref="u-1.17">Suomenlinna's main tourist attraction is the fortifications on Susisaari and Kustaanmiekka islands, which now form a single island.</segment>
		<segment id="s-1.17" xref="u-1.18">Kustaanmiekka is a small, well-preserved bastioned fort with concatenated defence walls and tunnels.</segment>
		<segment id="s-1.18" xref="u-1.19">The island's foremost sight is the King's Gate.</segment>
		<segment id="s-1.19" xref="u-1.20">The main fortress is located on Susisaari Island, which also includes a number of parks and squares.</segment>
		<segment id="s-1.20" xref="u-1.21">This island's most important sight is the building complex and square around Ehrensvärd's tomb.</segment>
		<segment id="s-1.21" xref="u-1.22" alt="Map: Suomenlinna"/>
	-->
	<rst-structure>
		<multi-span id="span-2.01" nuclei="s-2.01 s-2.02" relation="restatement"/>
		<span id="span-2.02" nucleus="s-2.03" satellites="span-2.03" relation="elaboration">
			<title xref="span-2.01"/>
		</span>
		<multi-span id="span-2.03" nuclei="s-2.04 s-2.05" relation="joint"/>
		<span id="span-2.04" nucleus="s-2.03" satellites="s-2.06" relation="enablement"/>
	</rst-structure>
	<rst-structure>
		<span id="span-2.05" nucleus="s-2.08" satellites="span-2.06" relation="elaboration">
			<title xref="s-2.07"/>
		</span>
		<span id="span-2.06" nucleus="s-2.09" satellites="s-2.10" relation="elaboration"/>
		<span id="span-2.07" nucleus="s-2.08" satellites="s-2.11" relation="enablement"/>
	</rst-structure>
	<rst-structure>
		<span id="span-2.08" nucleus="s-2.13" satellites="s-2.14" relation="enablement">
			<title xref="s-2.12"/>
		</span>
	</rst-structure>
	<rst-structure>
		<span id="span-2.09" nucleus="s-2.16" satellites="s-2.17" relation="elaboration">
			<title xref="s-2.15"/>
		</span>
	</rst-structure>
	<rst-structure>
		<multi-span id="span-2.10" nuclei="s-2.18 s-2.21" relation="restatement"/>
		<span id="span-2.11" nucleus="s-2.19" satellites="s-2.20" relation="enablement">
			<title xref="span-2.10"/>
		</span>
	</rst-structure>
	<rst-structure>
		<span id="span-2.12" nucleus="s-2.23" satellites="s-2.24" relation="elaboration">
			<title xref="s-2.22"/>
		</span>
		<span id="span-2.13" nucleus="s-2.23" satellites="span-2.14" relation="enablement"/>
		<multi-span id="span-2.14" nuclei="s-2.25 s-2.26" relation="joint"/>
	</rst-structure>
	<rst-structure>
		<span id="span-2.15" nucleus="s-2.27" satellites="span-2.16 span-2.23 span-2.24 s-2.37" relation="enablement"/>
		<multi-span id="span-2.16" nuclei="span-2.17 span-2.18 span-2.19 span-2.20" relation="list"/>
		<multi-span id="span-2.17" nuclei="s-2.28 s-2.29" relation="joint"/>
		<multi-span id="span-2.18" nuclei="s-2.30 s-2.31" relation="joint"/>
		<multi-span id="span-2.19" nuclei="s-2.32 s-2.33 s-2.34" relation="joint"/>
		<multi-span id="span-2.20" nuclei="s-2.35 s-2.36" relation="joint"/>
		<mini-span id="span-2.21" attribuend="s-2.38" attribute="s-2.40" relation="identification"/>
		<mini-span id="span-2.22" attribuend="s-2.39" attribute="s-2.45" relation="identification"/>
		<multi-span id="span-2.23" nuclei="span-2.25 span-2.26 span-2.27 span-2.28" relation="list">
			<title xref="span-2.21"/>
		</multi-span>
		<multi-span id="span-2.24" nuclei="span-2.29 span-2.30 span-2.31 span-2.32" relation="list">
			<title xref="span-2.22"/>
		</multi-span>
		<multi-span id="span-2.25" nuclei="s-2.41 s-2.50 s-2.51 s-2.52 s-2.53 s-2.54 s-2.55 s-2.56 s-2.57 s-2.58 s-2.59 s-2.60 s-2.61 s-2.62 s-2.63 s-2.64 s-2.65 s-2.66 s-2.67 s-2.68 s-2.69 s-2.70" relation="list"/>
		<multi-span id="span-2.26" nuclei="s-2.42 s-2.70 s-2.71 s-2.72 s-2.73 s-2.74 s-2.75 s-2.76 s-2.77 s-2.78 s-2.79 s-2.80 s-2.81 s-2.82 s-2.83 s-2.84 s-2.85 s-2.86 s-2.87 s-2.88 s-2.89 s-2.90 s-2.91 s-2.92 s-2.93 s-2.94 s-2.95" relation="list"/>
		<multi-span id="span-2.27" nuclei="s-2.43 s-2.96 s-2.97 s-2.98 s-2.99 s-2.100 s-2.101 s-2.102 s-2.103 s-2.104 s-2.105 s-2.106 s-2.107 s-2.108 s-2.109 s-2.110 s-2.111 s-2.112 s-2.113 s-2.114 s-2.115 s-2.116 s-2.117 s-2.118 s-2.119 s-2.120" relation="list"/>
		<multi-span id="span-2.28" nuclei="s-2.44 s-2.121 s-2.122 s-2.123 s-2.124 s-2.125 s-2.126 s-2.127 s-2.128 s-2.129 s-2.130" relation="list"/>
		<multi-span id="span-2.29" nuclei="s-2.46 s-2.131 s-2.132 s-2.133 s-2.134 s-2.135 s-2.136 s-2.137 s-2.138 s-2.139 s-2.140 s-2.141 s-2.142 s-2.143 s-2.144 s-2.145 s-2.146 s-2.147 s-2.148 s-2.149 s-2.150 s-2.151 s-2.152" relation="list"/>
		<multi-span id="span-2.30" nuclei="s-2.47 s-2.153 s-2.154 s-2.155 s-2.156 s-2.157 s-2.158 s-2.159 s-2.160 s-2.161 s-2.162 s-2.163 s-2.164 s-2.165 s-2.166 s-2.167 s-2.168 s-2.169 s-2.170 s-2.171 s-2.172 s-2.173 s-2.174 s-2.175 s-2.176 s-2.177 s-2.178" relation="list"/>
		<multi-span id="span-2.31" nuclei="s-2.48 s-2.179 s-2.180 s-2.181 s-2.182 s-2.183 s-2.184 s-2.185 s-2.186 s-2.187 s-2.188 s-2.189 s-2.190 s-2.191 s-2.192 s-2.193 s-2.194 s-2.195 s-2.196 s-2.197 s-2.198 s-2.199 s-2.201 s-2.202 s-2.203 s-2.204 s-2.205" relation="list"/>
		<multi-span id="span-2.32" nuclei="s-2.49 s-2.206 s-2.207 s-2.208 s-2.209 s-2.210 s-2.211 s-2.212 s-2.213 s-2.214 s-2.215 s-2.216" relation="list"/>
	</rst-structure>
	<rst-structure>
		<span id="span-2.33" nucleus="s-2.217" satellites="span-2.34" relation="enablement"/>
		<multi-span id="span-2.34" nuclei="s-2.218 s-2.219 s-2.220" relation="joint"/>
		<span id="span-2.35" nucleus="s-2.221" satellites="s-2.222 s-2.223" relation="elaboration"/>
	</rst-structure>
	<rst-structure>
		<span id="span-2.36" nucleus="s-2.225" satellites="span-2.37 span-2.38" relation="enablement"><title xref="s-2.224"/></span>
		<span id="span-2.37" nucleus="s-2.226" satellites="s-2.227" relation="elaboration"/>
		<span id="span-2.38" nucleus="s-2.228" satellites="span-2.39" relation="enablement"/>
		<multi-span id="span-2.39" nuclei="s-2.229 s-2.230" relation="joint"/>
	</rst-structure>
	<rst-structure>
		<multi-span id="span-2.40" nuclei="s-2.231 s-2.232" relation="joint"/>
		<span id="span-2.41" nucleus="s-2.234" satellites="s-2.233" relation="enablement"/>
		<multi-span id="span-2.42" nuclei="s-2.234 span-2.40" relation="restatement"/>
		<span id="span-2.43" nucleus="s-2.235" satellites="s-2.236" relation="elaboration"><title xref="s-2.234"/></span>
	</rst-structure>
	<rst-structure>
		<span id="span-2.44" nucleus="s-2.238" satellites="span-2.45" relation="elaboration"><title xref="s-2.237"/></span>
		<multi-span id="span-2.45" nuclei="s-2.240 span-2.46" relation="joint"/>
		<multi-span id="span-2.46" nuclei="s-2.239 s-2.243" relation="restatement"/>
		<span id="span-2.47" nucleus="s-2.238" satellites="span-2.48" relation="enablement"/>
		<multi-span id="span-2.48" nuclei="s-2.241 s-2.242" relation="joint"/>
	</rst-structure>
	<rst-structure>
		<span id="span-2.49" nucleus="s-2.245" satellites="s-2.246" relation="elaboration"><title xref="s-2.244"/></span>
		<span id="span-2.50" nucleus="s-2.245" satellites="s-2.247" relation="enablement"/>
	</rst-structure>
	<rst-structure>
		<multi-span id="span-2.51" nuclei="s-2.248 s-2.249" relation="restatement"/>
		<span id="span-2.52" nucleus="s-2.250" satellites="span-2.53" relation="elaboration"><title xref="span-2.51"/></span>
		<multi-span id="span-2.53" nuclei="s-2.251 s-2.252" relation="joint"/>
		<span id="span-2.54" nucleus="s-2.250" satellites="s-2.253" relation="enablement"/>
	</rst-structure>
	<rst-structure>
		<span id="span-2.55" nucleus="s-2.255" satellites="span-2.56" relation="enablement"><title xref="s-2.254"/></span>
		<multi-span id="span-2.56" nuclei="s-2.259 span-2.57" relation="restatement"/>
		<multi-span id="span-2.57" nuclei="s-2.256 s-2.257 s-2.258" relation="joint"/>
	</rst-structure>
	<rst-structure>
		<span id="span-2.58" nucleus="s-2.261" satellites="s-2.262" relation="enablement"><title xref="s-2.260"/></span>
	</rst-structure>
	<rst-structure>
		<span id="span-2.59" nucleus="s-2.264" satellites="s-2.265" relation="elaboration"><title xref="s-2.263"/></span>
	</rst-structure>
	<rst-structure>
		<span id="span-2.60" nucleus="s-2.267" satellites="s-2.268" relation="elaboration"><title xref="s-2.266"/></span>
		<span id="span-2.61" nucleus="s-2.267" satellites="span-2.62" relation="enablement"/>
		<multi-span id="span-2.62" nuclei="s-2.269 s-2.270 s-2.271 s-2.272" relation="joint"/>
	</rst-structure>
</gemRst>
