<?xml version="1.0" encoding="UTF-8"?>

<gemNav>
	<pointer id="p-2.01" type="cross-reference" from="s-2.20" to="" range="phone">
		<content xref="u-2.27"/>
		<address xref="" address-precision="unsure"/>
	</pointer>
	<pointer id="p-2.02" type="cross-reference" from="s-2.25" to="" range="phone">
		<content xref="u-2.33"/>
		<address xref="" address-precision="unsure"/>
	</pointer>
	<pointer id="p-2.03" type="cross-reference" from="s-2.28" to="e-2.01 e-2.05" range="in-view">
		<content xref="u-2.36"/>
		<address xref="e-2.01 e-2.05" address-precision="start-end"/>
	</pointer>
	<pointer id="p-2.04" type="cross-reference" from="s-2.30" to="e-2.02 e-2.06" range="in-view">
		<content xref="u-2.38"/>
		<address xref="e-2.02 e-2.06" address-precision="start-end"/>
	</pointer>
	<pointer id="p-2.05" type="cross-reference" from="s-2.32" to="e-2.03 e-2.07" range="in-view">
		<content xref="u-2.40"/>
		<address xref="e-2.03 e-2.07" address-precision="start-end"/>
	</pointer>
	<pointer id="p-2.06" type="cross-reference" from="s-2.35" to="e-2.04 e-2.08" range="in-view">
		<content xref="u-2.43"/>
		<address xref="e-2.04 e-2.08" address-precision="start-end"/>
	</pointer>
	<pointer id="p-2.07" type="cross-reference" from="s-2.220" to="" range="phone">
		<content xref="u-2.230"/>
		<address xref="" address-precision="unsure"/>
	</pointer>
	<pointer id="p-2.08" type="cross-reference" from="s-2.230" to="" range="phone">
		<content xref="u-2.242"/>
		<address xref="" address-precision="unsure"/>
	</pointer>
	<pointer id="p-2.09" type="cross-reference" from="s-2.272" to="" range="phone">
		<content xref="u-2.298"/>
		<address xref="" address-precision="unsure"/>
	</pointer>
	<entry id="e-2.01" xref="u-2.50" layout-chunk="side-2-column-2-table-column-1"/>
	<entry id="e-2.02" xref="u-2.51" layout-chunk="side-2-column-2-table-column-2"/>
	<entry id="e-2.03" xref="u-2.52" layout-chunk="side-2-column-2-table-column-3"/>
	<entry id="e-2.04" xref="u-2.53" layout-chunk="side-2-column-2-table-column-4"/>
	<entry id="e-2.05" xref="u-2.56" layout-chunk="side-2-column-2-table-column-1"/>
	<entry id="e-2.06" xref="u-2.57" layout-chunk="side-2-column-2-table-column-1"/>
	<entry id="e-2.07" xref="u-2.58" layout-chunk="side-2-column-2-table-column-1"/>
	<entry id="e-2.08" xref="u-2.59" layout-chunk="side-2-column-2-table-column-1"/>
</gemNav>
