<?xml version="1.0" encoding="UTF-8"?>

<gemLayout>
	<segmentation>
		<layout-unit id="lay-1.01" xref="u-1.01" alt="Map: Munkkiniemi-Töölö-Meilahti"/>
		<layout-unit id="lay-1.02" xref="u-1.02">3</layout-unit>
		<layout-unit id="lay-1.03" xref="u-1.02-m" alt="Line: Vertical"/>
		<layout-unit id="lay-1.04" xref="u-1.03">Töölö --</layout-unit>
		<layout-unit id="lay-1.05" xref="u-1.04">Meilahti --</layout-unit>
		<layout-unit id="lay-1.06" xref="u-1.05">Munkkiniemi</layout-unit>
		<layout-unit id="lay-1.07" xref="u-1.06" alt="Line: Horizontal"/>
		<layout-unit id="lay-1.08" xref="u-1.07 u-1.08">
			<layout-unit id="lay-1.08.1" xref="u-1.07.1">Töölö</layout-unit> was planned as new suburb of Helsinki at the beginning of the century and the area north of it, 
			<layout-unit id="lay-1.08.2" xref="u-1.07.2">Meilahti</layout-unit>, was incorporated into the plan in the 1920s and 1930s.
			<layout-unit id="lay-1.08.3" xref="u-1.08.1">Munkkiniemi</layout-unit> was annexed to Helsinki following major adjustments to the city boundaries.
		</layout-unit>			
		<layout-unit id="lay-1.09" xref="u-1.09 u-1.10">
			<layout-unit id="lay-1.09.1" xref="u-1.09.1">(1)</layout-unit>  
			<layout-unit id="lay-1.09.2" xref="u-1.09.2">Töölö Market</layout-unit>,
		</layout-unit>
		<layout-unit id="lay-1.10" xref="u-1.11">- Let us now head for Topeliuksenkatu.</layout-unit>
		<layout-unit id="lay-1.11" xref="u-1.12">
			<layout-unit id="lay-1.11.1" xref="u-1.12.1">(2)</layout-unit> 
			<layout-unit id="lay-1.11.2" xref="u-1.12.2">Töölö Church</layout-unit>
		</layout-unit>
		<layout-unit id="lay-1.12" xref="u-1.13 u-1.14">
			<layout-unit id="lay-1.12.1" xref="u-1.13.1">(3)</layout-unit> On the right is the 
			<layout-unit id="lay-1.12.2" xref="u-1.13.2">Töölö Hospital</layout-unit>, now part of Helsinki University Central Hospital.
		</layout-unit>
		<layout-unit id="lay-1.13" xref="u-1.15">- Turn into Sibeliuksenkatu and walk down to Topelius Park.</layout-unit>
		<layout-unit id="lay-1.14" xref="u-1.16 u-1.17">
			<layout-unit id="lay-1.14.1" xref="u-1.16.1">(4)</layout-unit>
			<layout-unit id="lay-1.14.2" xref="u-1.16.2">Kivelä Hospital grounds</layout-unit>
		</layout-unit>
		<layout-unit id="lay-1.15" xref="u-1.18 u-1.19">
			<layout-unit id="lay-1.15.1" xref="u-1.18.1">(5)</layout-unit>
			<layout-unit id="lay-1.15.2" xref="u-1.18.2">Töölö Library</layout-unit>
		</layout-unit>
		<layout-unit id="lay-1.16" xref="u-1.20">
			<layout-unit id="lay-1.16.1" xref="u-1.20.1">(6)</layout-unit>
		</layout-unit>
		<layout-unit id="lay-1.17" xref="u-1.21">- We now cross Mechelininkatu to Sibelius Park.</layout-unit>
		<layout-unit id="lay-1.18" xref="u-1.22">
			<layout-unit id="lay-1.18.1" xref="u-1.22.1">(7)</layout-unit> In the park stands the 
			<layout-unit id="lay-1.18.2" xref="u-1.22.2">Sibelius Monument,</layout-unit>
		</layout-unit>
		<layout-unit id="lay-1.19" xref="u-1.23">- Crossing Rajasaarentie we proceed along the edge of the park across Linnakoskenkatu to Tavaststjernankatu.</layout-unit>
	</segmentation>
	<realization>
		<graphics xref="lay-1.01" type="map" colors="mixed" width="290mm" height="207mm"/>
		<text xref="lay-1.02" font-family="sans-serif" font-size="12" font-style="normal" font-weight="bold" case="caps" color="black"/>
		<graphics xref="lay-1.03" type="two-d-element" two-d-element-type="line" colors="black" length="6mm"/>
		<text xref="lay-1.04 lay-1.05 lay-1.06" font-family="serif" font-size="12" font-style="normal" font-weight="bold" case="mixed" color="black"/>
		<graphics xref="lay-1.07" type="two-d-element" two-d-element-type="line" colors="black" length="80mm"/>
		<text xref="lay-1.08 lay-1.09 lay-1.10 lay-1.11 lay-1.12 lay-1.13 lay-1.14 lay-1.15 lay-1.16 lay-1.17 lay-1.18 lay-1.19" font-family="serif" font-size="5" font-style="normal" font-weight="normal" case="mixed" color="black"/>
		<hi-text xref="lay-1.08.1" context="lay-1.08" font-family="serif" font-size="5" font-style="normal" font-weight="normal" case="mixed" color="black"/>
		<hi-text xref="lay-1.08.2" context="lay-1.08" font-family="serif" font-size="5" font-style="normal" font-weight="normal" case="mixed" color="black"/>
		<hi-text xref="lay-1.08.3" context="lay-1.08" font-family="serif" font-size="5" font-style="normal" font-weight="normal" case="mixed" color="black"/>
		<hi-text xref="lay-1.09.1" context="lay-1.09" font-family="serif" font-size="5" font-style="normal" font-weight="normal" case="mixed" color="black"/>
		<hi-text xref="lay-1.09.2" context="lay-1.09" font-family="serif" font-size="5" font-style="normal" font-weight="normal" case="mixed" color="black"/>
		<hi-text xref="lay-1.11.1" context="lay-1.11" font-family="serif" font-size="5" font-style="normal" font-weight="normal" case="mixed" color="black"/>
		<hi-text xref="lay-1.11.2" context="lay-1.11" font-family="serif" font-size="5" font-style="normal" font-weight="normal" case="mixed" color="black"/>
		<hi-text xref="lay-1.12.1" context="lay-1.12" font-family="serif" font-size="5" font-style="normal" font-weight="normal" case="mixed" color="black"/>
		<hi-text xref="lay-1.12.2" context="lay-1.12" font-family="serif" font-size="5" font-style="normal" font-weight="normal" case="mixed" color="black"/>
		<hi-text xref="lay-1.14.1" context="lay-1.14" font-family="serif" font-size="5" font-style="normal" font-weight="normal" case="mixed" color="black"/>
		<hi-text xref="lay-1.14.2" context="lay-1.14" font-family="serif" font-size="5" font-style="normal" font-weight="normal" case="mixed" color="black"/>
		<hi-text xref="lay-1.15.1" context="lay-1.15" font-family="serif" font-size="5" font-style="normal" font-weight="normal" case="mixed" color="black"/>
		<hi-text xref="lay-1.15.2" context="lay-1.15" font-family="serif" font-size="5" font-style="normal" font-weight="normal" case="mixed" color="black"/>
		<hi-text xref="lay-1.16.1" context="lay-1.16" font-family="serif" font-size="5" font-style="normal" font-weight="normal" case="mixed" color="black"/>
		<hi-text xref="lay-1.18.1" context="lay-1.18" font-family="serif" font-size="5" font-style="normal" font-weight="normal" case="mixed" color="black"/>
		<hi-text xref="lay-1.18.2" context="lay-1.18" font-family="serif" font-size="5" font-style="normal" font-weight="normal" case="mixed" color="black"/>
	</realization>
	<layout-structure>
		<layout-root id="shf-1987-l-pages-11-12">
			<layout-leaf xref="lay-1.01" location="col-1" area-ref="shf-1987-a-pages-11-12"/>
			<layout-chunk id="page-12-title" location="multi" area-ref="page-a-12">
				<layout-leaf xref="lay-1.02" location="cell-12" area-ref="page-a-12" halign="top" valign="right"/>
				<layout-leaf xref="lay-1.03" location="cell-12" area-ref="page-a-12" halign="top" valign="right"/>
				<layout-chunk id="title" location="cell-22" area-ref="page-a-12" valign="left">
					<layout-leaf xref="lay-1.04" location="cell-22" area-ref="page-a-12" valign="left"/>
					<layout-leaf xref="lay-1.05" location="cell-22" area-ref="page-a-12" valign="left"/>
					<layout-leaf xref="lay-1.06" location="cell-22" area-ref="page-a-12" valign="left"/>
					<layout-leaf xref="lay-1.07" location="cell-22" area-ref="page-a-12" valign="left"/>
				</layout-chunk>
			</layout-chunk>
			<layout-chunk id="page-12-column-1" location="cell-22" area-ref="page-a-12">
				<layout-leaf xref="lay-1.08" location="cell-22" area-ref="page-a-12" hindent="3mm" vindent="4mm"/>
				<layout-leaf xref="lay-1.09" location="cell-22" area-ref="page-a-12" vindent="4mm"/>
				<layout-leaf xref="lay-1.10" location="cell-22" area-ref="page-a-12" vindent="4mm"/>
				<layout-leaf xref="lay-1.11" location="cell-22" area-ref="page-a-12" vindent="4mm"/>
				<layout-leaf xref="lay-1.12" location="cell-22" area-ref="page-a-12" vindent="4mm"/>
				<layout-leaf xref="lay-1.13" location="cell-22" area-ref="page-a-12" vindent="4mm"/>
				<layout-leaf xref="lay-1.14" location="cell-22" area-ref="page-a-12" vindent="4mm"/>
				<layout-leaf xref="lay-1.15" location="cell-22" area-ref="page-a-12" vindent="4mm"/>
				<layout-leaf xref="lay-1.16" location="cell-22" area-ref="page-a-12" vindent="4mm"/>
				<layout-leaf xref="lay-1.17" location="cell-22" area-ref="page-a-12" vindent="4mm"/>
				<layout-leaf xref="lay-1.18" location="cell-22" area-ref="page-a-12" vindent="4mm"/>
				<layout-leaf xref="lay-1.19" location="cell-22" area-ref="page-a-12" vindent="4mm"/>
			</layout-chunk>
		</layout-root>
	</layout-structure>
	<area-model>
		<area-root id="shf-1987-a-pages-11-12" cols="2" rows="1" hspacing="75 25" vspacing="100" width="388mm" height="207mm">
			<sub-area id="page-a-12" location="col-2" cols="3" rows="3" hspacing="10 83 7" vspacing="4 90 6" width="96mm" height="207mm"/>
		</area-root>
	</area-model>
</gemLayout>
