<?xml version="1.0" encoding="UTF-8"?>

<gemNav>
	<pointer id="p-1.01" type="cross-reference" from="s-1.06" to="e-1.01" range="in-view">
		<content xref="u-1.09.1"/>
		<address xref="e-1.01" address-precision="start-end"/>
	</pointer>
	<pointer id="p-1.02" type="cross-reference" from="s-1.09" to="e-1.01" range="in-view">
		<content xref="u-1.12.1"/>
		<address xref="e-1.01" address-precision="start-end"/>
	</pointer>
	<pointer id="p-1.03" type="cross-reference" from="s-1.10" to="e-1.01" range="in-view">
		<content xref="u-1.13.1"/>
		<address xref="e-1.01" address-precision="start-end"/>
	</pointer>
	<pointer id="p-1.04" type="cross-reference" from="s-1.13" to="e-1.01" range="in-view">
		<content xref="u-1.16.1"/>
		<address xref="e-1.01" address-precision="start-end"/>
	</pointer>
	<pointer id="p-1.05" type="cross-reference" from="s-1.15" to="e-1.01" range="in-view">
		<content xref="u-1.18.1"/>
		<address xref="e-1.01" address-precision="start-end"/>
	</pointer>
	<pointer id="p-1.06" type="cross-reference" from="s-1.17" to="e-1.01" range="in-view">
		<content xref="u-1.20.1"/>
		<address xref="e-1.01" address-precision="start-end"/>
	</pointer>
	<pointer id="p-1.07" type="cross-reference" from="s-1.19" to="e-1.01" range="in-view">
		<content xref="u-1.22.1"/>
		<address xref="e-1.01" address-precision="start-end"/>
	</pointer>

	<entry id="e-1.01" xref="s-1.01"/>
	<entry id="e-1.02" xref="s-1.02" layout-chunk="shf-1987-l-pages-11-12"/>
</gemNav>
