<?xml version="1.0" encoding="UTF-8"?>

<gemBase>
	<unit id="u-1.01" alt="Map: Munkkiniemi-Töölö-Meilahti"></unit>
	<unit id="u-1.02">3</unit>
	<unit id="u-1.02-m" alt="Line: Vertical"/>
	<unit id="u-1.03">Töölö --</unit>
	<unit id="u-1.04">Meilahti --</unit>
	<unit id="u-1.05">Munkkiniemi</unit>
	<unit id="u-1.06" alt="Line: Horizontal"/>
	<unit id="u-1.07"><unit id="u-1.07.1">Töölö</unit> was planned as new suburb of Helsinki at the beginning of the century and the area north of it, <unit id="u-1.07.2">Meilahti</unit>, was incorporated into the plan in the 1920s and 1930s.</unit>
	<unit id="u-1.08">In 1946 <unit id="u-1.08.1">Munkkiniemi</unit> was annexed to Helsinki following major adjustments to the city boundaries.</unit>
	<unit id="u-1.09"><unit id="u-1.09.1">(1)</unit>  We begin our walk at the <unit id="u-1.09.2">Töölö Market</unit>, which has been as we know it today since the late 1930s.</unit>
	<unit id="u-1.10">There are flowers and vegetables on sale at the market from 7 to 14 on Mondays to Saturdays.</unit>
	<unit id="u-1.11">- Let us now head for Topeliuksenkatu.</unit>
	<unit id="u-1.12"><unit id="u-1.12.1">(2)</unit> On the left is the <unit id="u-1.12.2">Töölö Church</unit>, completed in 1929 (architect Hilding Ekelund).</unit>
	<unit id="u-1.13"><unit id="u-1.13.1">(3)</unit> On the right is the <unit id="u-1.13.2">Töölö Hospital</unit>, now part of Helsinki University Central Hospital.</unit>
	<unit id="u-1.14">It was built as a Red Cross hospital in the early 1930s (architect Jussi Paatela).</unit>
	<unit id="u-1.15">- Turn into Sibeliuksenkatu and walk down to Topelius Park.</unit>
	<unit id="u-1.16"><unit id="u-1.16.1">(4)</unit> On the left are the <unit id="u-1.16.2">Kivelä Hospital grounds</unit>.</unit>
	<unit id="u-1.17">The first buildings were completed at the turn of the century, the big brick buildings were designed by Gunnar Taucher in the 1930s.</unit>
	<unit id="u-1.18"><unit id="u-1.18.1">(5)</unit> The <unit id="u-1.18.2">Töölö Library</unit> (Aarne Ervi, 1970) is on Topeliuksenkatu.</unit>
	<unit id="u-1.19">At the entrance is Kari Juva's Reading Room, a piece of sculpture created in 1972.</unit>
	<unit id="u-1.20"><unit id="u-1.20.1">(6)</unit> Ilmatar and the Sea-duck, a statue on a Kalevala theme by Aarre Aaltonen, stands on a little hillock and was erected in 1946.
</unit>
	<unit id="u-1.21">- We now cross Mechelininkatu to Sibelius Park.</unit>
	<unit id="u-1.22"><unit id="u-1.22.1">(7)</unit> In the park stands the <unit id="u-1.22.2">Sibelius Monument,</unit> the work of Eila Hiltunen in 1967.</unit>
	<unit id="u-1.23">- Crossing Rajasaarentie we proceed along the edge of the park across Linnakoskenkatu to Tavaststjernankatu.</unit>
</gemBase>


