<?xml version="1.0" encoding="UTF-8"?>

<gemRst>
	<segmentation>
		<segment id="s-1.05" xref="u-1.09" alt="Map"/>
		<segment id="s-1.06" xref="u-1.11">TRAFFIC TO THE TOURIST ISLANDS</segment>
		<segment id="s-1.07" xref="u-1.13">One can get to the islands of Korkeasaari and Hylkysaari and back from the Market Square and from Hakaniemi.</segment>
		<segment id="s-1.08" xref="u-1.14">Korkeasaari Island can be reached on foot from the island of Mustikkamaa, which is served by buses 58 and 16.</segment>
		<segment id="s-1.09" xref="u-1.15">There is a regular boat service between Suomenlinna Island and the Market Square.</segment>
		<segment id="s-1.10" xref="u-1.16">Pihlajasaari Island has a boat connection from the Merisatama harbour, at the end of Laivurinkatu Street.</segment>
		<segment id="s-1.11" xref="u-1.17">Bus number 17 goes to Merikatu.</segment>
		<segment id="s-1.12" xref="u-1.18">The island of Seurasaari can be reached on foot by the footbridge from Meilahti, which can be reached by bus number 24 from Erottaja.</segment>
		<segment id="s-1.13" xref="u-1.19">In addition, there is a motor-boat service from the Market Square in summer.</segment>
		<segment id="s-1.14" xref="u-1.20" alt="Photo: Sea"/>
		<segment id="s-1.15" xref="u-1.21">HELSINKI'S FOUR TOURIST ISLANDS</segment>
		<segment id="s-1.16" xref="u-1.22" alt="Illustration: Coat of Arms"/>
		<segment id="s-2.01" xref="u-2.01" alt="Photo: Suomenlinna"/>
		<segment id="s-2.02" xref="u-2.02" alt="Photo: Seurasaari"/>
		<segment id="s-2.03" xref="u-2.03" alt="Photo: Pihlajasaari"/>
		<segment id="s-2.04" xref="u-2.04" alt="Photo: Boat"/>
		<segment id="s-2.05" xref="u-2.05">HELSINKI FROM THE SEA</segment>
		<segment id="s-2.06" xref="u-2.06">Helsinki was originally established where the Gulf of Finland and the Vantaanjoki River meet, a point at the bottom of a natural harbour protected by islands.</segment>
		<segment id="s-2.07" xref="u-2.07">Later the city was moved further south to the Helsinki peninsula, with the sea and islands surrounding it from three directions.</segment>
		<segment id="s-2.08" xref="u-2.08">Today around one half of the City of Helsinki is water.</segment>
		<segment id="s-2.09" xref="u-2.09">The citizens of Helsinki are keen sailors.</segment>
		<segment id="s-2.10" xref="u-2.10">A dozen or so boat clubs are to be found in the city, where mooring places are also available for visitors' boats.</segment>
		<segment id="s-2.11" xref="u-2.11">In summer there are regular services on the water around Helsinki with many guided motor-boat tours daily to the nearby islands from the Market Square and Hakaniemi.</segment>
		<segment id="s-2.12" xref="u-2.12">The islands off Helsinki of greatest interest to the tourist are Korkeasaari Island with its zoo, to the east of Helsinki peninsula, Suomenlinna Island with its historical fortress to the south-east, Pihlajasaari Island to the south-west with its beautiful scenery and fine beaches as well as Seurasaari Island to the west with its unique outdoor museum of old Finnish traditional rural buildings.</segment>
		<segment id="s-2.13" xref="u-2.13">There are good traffic connections to all four tourist islands by sea or by land.</segment>
		<segment id="s-2.14" xref="u-2.15">THE HELSINKI CITY TOURIST OFFICE</segment>
		<segment id="s-2.15" xref="u-2.17">Address, Pohjoisesplanadi 19, telephone 169 3757 and 174 088.</segment>
		<segment id="s-2.16" xref="u-2.18">The office is open 16.5.-15.9. on Monday to Friday 8.30 am-6.00 pm and on Saturdays 8.30 am-1.00 pm.</segment>
		<segment id="s-2.17" xref="u-2.19">Between the dates 16.9.-15.5. the office is open on Mondays 8.30 am-4.30 pm and on Tuesday to Friday 8.30 am-4.00 pm.</segment>
		<segment id="s-2.18" xref="u-2.20">Information on current events and programme suggestions can be obtained from the Tourist Office, from the daily papers or by telephoning 058/Helsinki Today.</segment>
		<segment id="s-3.01" xref="u-3.01" alt="Photo: Mountain goat"/>
		<segment id="s-3.02" xref="u-3.02">Animals from the northern mountains: mountain goat.</segment>
		<segment id="s-3.03" xref="u-3.03" alt="Photo: Flamingos"/>
		<segment id="s-3.04" xref="u-3.04">These Chilean flamingos are among the largest birds on the island.</segment>
		<segment id="s-3.05" xref="u-3.05" alt="Photo: Korkeasaari"/>
		<segment id="s-3.06" xref="u-3.06">Korkeasaari Island can easily be reached by water.</segment>
		<segment id="s-3.07" xref="u-3.07" alt="Map"/>
		<segment id="s-3.08" xref="u-3.20" alt="Photo: Owl"/>
		<segment id="s-3.09" xref="u-3.21" alt="Photo: Lynx"/>
		<segment id="s-3.10" xref="u-3.22">The great grey owl and lynx are examples of Finnish wildlife.</segment>
		<segment id="s-3.11" xref="u-3.23" alt="Photo: Bear"/>
		<segment id="s-3.12" xref="u-3.24">The bears are firm favourites with visitors to Korkeasaari Island.</segment>
		<segment id="s-3.13" xref="u-3.25">KORKEASAARI ISLAND</segment>
		<segment id="s-3.14" xref="u-3.26">The island of Korkeasaari houses Finland's only comprehensive zoo.</segment>
		<segment id="s-3.15" xref="u-3.27">It was established back in 1889.</segment>
		<segment id="s-3.16" xref="u-3.28">Today the zoo has around 60 different species of mammal and about 80 varieties of birdlife from all around the world.</segment>
		<segment id="s-3.17" xref="u-3.29">Korkeasaari Island is particularly suitable for those animal species from cold regions and mountain areas.</segment>
		<segment id="s-3.18" xref="u-3.30">Specialities of the zoo include the Amur tiger, wild forest reindeer, red panda, musk ox and mountain goat.</segment>
		<segment id="s-3.19" xref="u-3.31">However, it is the snow leopard for which Korkeasaari is internationally renowed.</segment>
		<segment id="s-3.20" xref="u-3.32">The numbered route enables one to easily go around the zoo to see all the animals on the island.</segment>
		<segment id="s-3.21" xref="u-3.33">The route begins from near the quay at the Valley of Cats.</segment>
		<segment id="s-3.22" xref="u-3.34">The island has a summer restaurant.</segment>
		<segment id="s-3.23" xref="u-3.35">The Korkeasaari Zoo is open throughout the year.</segment>
		<segment id="s-3.24" xref="u-3.36.2">INFORMATION:</segment>
		<segment id="s-3.25" xref="u-3.37">The Korkeasaari Zoo office/information is open around the year, telephone 170 077, ticket office at Mustikkamaa, telephone 689 266.</segment>
		<segment id="s-3.26" xref="u-3.38">The Finnish Maritime Museum office is open around the year, telephone 644 306.</segment>
		<segment id="s-3.27" xref="u-3.40.2">HOW TO GET THERE:</segment>
		<segment id="s-3.28" xref="u-3.41">Take a bus to Mustikkamaa (numbers 16 and 58), then across the foot-bridge to Korkeasaari Island.</segment>
		<segment id="s-3.29" xref="u-3.42">From May to September there is a ferry and motor-boat connection from the Market Square and a motor-boat service from Hakaniemi.</segment>
		<segment id="s-3.30" xref="u-3.43">At the southern end of Korkeasaari Island is the island of Hylkysaari, where one finds the Finnish Maritime Museum, which is open throughout the year, in summer every day and in winter at weekends.</segment>
		<segment id="s-4.01" xref="u-4.01" alt="Photo: Path"/>
		<segment id="s-4.02" xref="u-4.02">Part of the idyll of Pihlajasaari Island is created by shady forest paths...</segment>
		<segment id="s-4.03" xref="u-4.03" alt="Photo: Beach"/>
		<segment id="s-4.04" xref="u-4.04">...a fine beach...</segment>
		<segment id="s-4.05" xref="u-4.05" alt="Photo: Sea"/>
		<segment id="s-4.06" xref="u-4.06">...and water games.</segment>
		<segment id="s-4.07" xref="u-4.07" alt="Photo: Rocky beach"/>
		<segment id="s-4.08" xref="u-4.08" alt="Map"/>
		<segment id="s-4.09" xref="u-4.14" alt="Photo: Child"/>
		<segment id="s-4.10" xref="u-4.15">Pihlajasaari is a delightful piece of island nature overlooking the open sea.</segment>
		<segment id="s-4.11" xref="u-4.16">PIHLAJASAARI ISLAND</segment>
		<segment id="s-4.12" xref="u-4.17">The beautiful Pihlajasaari Island park is a popular summer spot, an island particularly popular with families, and lying only a couple of kilometers from the Helsinki harbour.</segment>
		<segment id="s-4.13" xref="u-4.18">In fact, the park on Pihlajasaari Island is owned by the City of Helsinki.</segment>
		<segment id="s-4.14" xref="u-4.19">The park comprises two islands connected by a foot-bridge.</segment>
		<segment id="s-4.15" xref="u-4.20">The island provides a variety of scenery.</segment>
		<segment id="s-4.16" xref="u-4.21">The south-west shore has a long, fine sandy beach, while to the south smooth rocks are to be found with superb views over the sea.</segment>
		<segment id="s-4.17" xref="u-4.22">In the central sections of this park island, conifers and deciduous trees grow in abundance.</segment>
		<segment id="s-4.18" xref="u-4.23">As one would imagine from the name Pihlajasaari, literally island of rowans, rowan trees grow in profusion.</segment>
		<segment id="s-4.19" xref="u-4.24">Beautiful paths lead you around the island.</segment>
		<segment id="s-4.20" xref="u-4.25">On the beach suitable for swimming on the west of Pihlajasaari Island there are changing rooms, kiosks and a summer cafeteria.</segment>
		<segment id="s-4.21" xref="u-4.26">In the east of the island there are covered cooking areas where one can prepare food, grill sausages or make coffee.</segment>
		<segment id="s-4.22" xref="u-4.28">INFORMATION:</segment>
		<segment id="s-4.23" xref="u-4.30">In summer there is a superintendent of the Pihlajasaari Island park, telephone 630 065.</segment>
		<segment id="s-4.24" xref="u-4.33">HOW TO GET THERE:</segment>
		<segment id="s-4.25" xref="u-4.35">Motor-boat connection from the harbour at the south end of Laivurinkatu Street from May to the end of August.</segment>
		<segment id="s-4.26" xref="u-4.36">The boat journey lasts around 15 minutes.</segment>
		<segment id="s-5.01" xref="u-5.01" alt="Photo: Barracks"/>
		<segment id="s-5.02" xref="u-5.02">Jetty Barracks extends a welcome to visitors.</segment>
		<segment id="s-5.03" xref="u-5.03" alt="Photo: Sea"/>
		<segment id="s-5.04" xref="u-5.04">The Baltic stretches out from the southern tip to the island of Suomenlinna.</segment>
		<segment id="s-5.05" xref="u-5.05">The Doll and Toy Museum is also a delight for adults.</segment>
		<segment id="s-5.06" xref="u-5.06" alt="Photo: Teddy bears"/>
		<segment id="s-5.07" xref="u-5.07" alt="Photo: Ships"/>
		<segment id="s-5.08" xref="u-5.08" alt="Map"/>
		<segment id="s-5.09" xref="u-5.24" alt="Photo: Art"/>
		<segment id="s-5.10" xref="u-5.25">The latest in Nordic art is on display.</segment>
		<segment id="s-5.11" xref="u-5.26">History is engraved in the stones of Suomenlinna fortress.</segment>
		<segment id="s-5.12" xref="u-5.27" alt="Photo: Signs"/>
		<segment id="s-5.13" xref="u-5.28">SUOMENLINNA FORTRESS</segment>
		<segment id="s-5.14" xref="u-5.29">Work on the fortress on the island of Suomenlinna (earlier Viapori) began in 1748 under the direction of Augustin Ehrensvärd.</segment>
		<segment id="s-5.15" xref="u-5.30">The fortress was constructed as the principal base for the defence of the eastern parts of Sweden-Finland.</segment>
		<segment id="s-5.16" xref="u-5.31">In 1808 Viapori fell to the Russians.</segment>
		<segment id="s-5.17" xref="u-5.32">The fortress was a Russian garrison right up to Finland's independence.</segment>
		<segment id="s-5.18" xref="u-5.33">The island fortress received its present name in 1918.</segment>
		<segment id="s-5.19" xref="u-5.34">Suomenlinna is a lively part of the City of Helsinki as well as a recreation and museum area.</segment>
		<segment id="s-5.20" xref="u-5.35">The adjoining islands of Susisaari and Kustaanmiekka with the fortress, casemates, park and ramparts form a unique spectacle.</segment>
		<segment id="s-5.21" xref="u-5.36">Kuninkaanportti (the King's Gate) in the Kustaanmiekka sound and the grave of Ehrensvärd in the fortress yard on Susisaari are two of the most important sights of the Suomenlinna Island.</segment>
		<segment id="s-5.22" xref="u-5.37">The museum area also houses the Ehrensvärd and Armfelt museums.</segment>
		<segment id="s-5.23" xref="u-5.38">More recent military history is represented by the submarine Vesikko as well as the Coastal Defence Museum.</segment>
		<segment id="s-5.24" xref="u-5.39">The Nordic Arts Centre is to be found in the old coast barracks on the north side of the Iso Mustasaari Island, while on the east side there is the Doll and Toy Museum.</segment>
		<segment id="s-5.25" xref="u-5.40">The newest exhibition area of the Arts Centre, Galleria Augusta, is situated in the garrison barracks of the Susisaari Island.</segment>
		<segment id="s-5.26" xref="u-5.41">On the island of Suomenlinna there is also an open-air summer theatre, a summer restaurant called Walhalla, three cafés and a beach for swimming.</segment>
		<segment id="s-5.27" xref="u-5.43">INFORMATION:</segment>
		<segment id="s-5.28" xref="u-5.45">During the summer there is an information kiosk on Tykistölahti Bay, telephone 668 341.</segment>
		<segment id="s-5.29" xref="u-5.46">Guides can be obtained by phoning 668 154.</segment>
		<segment id="s-5.30" xref="u-5.47">The guided tours start from the information kiosk.</segment>
		<segment id="s-5.31" xref="u-5.48">Information in winter can be obtained from the Ehrensvärd Society, telephone 668 154.</segment>
		<segment id="s-5.32" xref="u-5.51">HOW TO GET THERE:</segment>
		<segment id="s-5.33" xref="u-5.53">By ferry from the Market Square to the Iso Mustasaari Island.</segment>
		<segment id="s-5.34" xref="u-5.54">In summer there is also a motor-boat connection to the Tykistölahti Bay and the King's Gate.</segment>
		<segment id="s-6.01" xref="u-6.01" alt="Photo: Farmstead"/>
		<segment id="s-6.02" xref="u-6.02">The Antti Farmstead from south-west Finland.</segment>
		<segment id="s-6.03" xref="u-6.03" alt="Photo: Oven"/>
		<segment id="s-6.04" xref="u-6.04">The oven and cooking-range at the Niemelä Tenant Farm (Karelia).</segment>
		<segment id="s-6.05" xref="u-6.05" alt="Photo: Squirrel"/>
		<segment id="s-6.06" xref="u-6.06">Nature is close at hand.</segment>
		<segment id="s-6.07" xref="u-6.07" alt="Photo: Bridge"/>
		<segment id="s-6.08" xref="u-6.08" alt="Map"/>
		<segment id="s-6.09" xref="u-6.19" alt="Photo: Folk dances"/>
		<segment id="s-6.10" xref="u-6.20">Folk dances are a living tradition.</segment>
		<segment id="s-6.11" xref="u-6.21" alt="Photo: Bonfire"/>
		<segment id="s-6.12" xref="u-6.22">Seurasaari at mid-summer is full of atmosphere.</segment>
		<segment id="s-6.13" xref="u-6.23">SEURASAARI ISLAND</segment>
		<segment id="s-6.14" xref="u-6.24">Seurasaari is an attractive island situated to the west of Helsinki, where there is a superb open-air museum containing examples of Finland's unique, historic building tradition.</segment>
		<segment id="s-6.15" xref="u-6.25">The Seurasaari open-air museum is part of the Finnish National Museum.</segment>
		<segment id="s-6.16" xref="u-6.26">It was set up in 1909.</segment>
		<segment id="s-6.17" xref="u-6.27">Various fine old buildings and their interiors were brought to Seurasaari Island from different parts of Finland - peasant houses, smoke saunas, mills, grain barns, church boats, garden swings, a shop and a 18th century manor house.</segment>
		<segment id="s-6.18" xref="u-6.28">At the Karuna wooden church, which dates from the 17th century, services and devotions are held in summer.</segment>
		<segment id="s-6.19" xref="u-6.29">The open-air museum is open from May to the end of September.</segment>
		<segment id="s-6.20" xref="u-6.30">In summer various presentations of folk dancing, concerts and the traditional midsummer celebrations are held on Seurasaari Island.</segment>
		<segment id="s-6.21" xref="u-6.31">The island also has a swimming area and summer restaurant.</segment>
		<segment id="s-6.22" xref="u-6.32">The Seurasaari park area is open throughout the year.</segment>
		<segment id="s-6.23" xref="u-6.33">The island is a wonderful place to ski in winter and at weekends you can take a sleigh ride on the island.</segment>
		<segment id="s-6.24" xref="u-6.35">INFORMATION:</segment>
		<segment id="s-6.25" xref="u-6.37">In summer at the information kiosk at the open-air museum, telephone 484 562.</segment>
		<segment id="s-6.26" xref="u-6.38">Guided tours around museum in summer, telephone 484 712.</segment>
		<segment id="s-6.27" xref="u-6.41">HOW TO GET THERE:</segment>
		<segment id="s-6.28" xref="u-6.43">Bus number 24 from Erottaja to Meilahti and then across the foot-bridge to the island.</segment>
		<segment id="s-6.29" xref="u-6.44">During the summer there is a motor-boat service from the Market Square.</segment>
	</segmentation>
	<rst-structure>
		<span id="span-1.01" nucleus="s-1.15" satellites="span-1.04" relation="enablement"/>
		<multi-span id="span-1.02" nuclei="s-1.14 s-1.15" relation="restatement"/>
		<multi-span id="span-1.03" nuclei="s-1.15 s-1.16" relation="joint"/>
		<span id="span-1.04" nucleus="s-1.06" satellites="span-1.05 s-1.09 span-1.08 span-1.10" relation="enablement"/>
		<span id="span-1.05" nucleus="s-1.07" satellites="s-1.08" relation="elaboration"/>
		<span id="span-1.08" nucleus="s-1.10" satellites="s-1.11" relation="elaboration"/>
		<span id="span-1.10" nucleus="s-1.12" satellites="s-1.13" relation="elaboration"/>
		<multi-span id="span-1.11" nuclei="s-1.06 s-1.05" relation="joint"/>
	</rst-structure>
	<rst-structure>
		<multi-span id="span-2.01" nuclei="s-2.05 s-2.01 s-2.02 s-2.03 s-2.04" relation="restatement"/>
		<multi-span id="span-2.04" nuclei="s-2.06 s-2.07 s-2.08" relation="sequence">
			<title xref="s-2.05"/>
		</multi-span>
		<span id="span-2.05" nucleus="s-2.08" satellites="span-2.06" relation="elaboration"/>
		<span id="span-2.06" nucleus="s-2.09" satellites="span-2.07" relation="evidence"/>
		<multi-span id="span-2.07" nuclei="s-2.10 span-2.08" relation="joint"/>
		<span id="span-2.08" nucleus="s-2.12" satellites="s-2.11" relation="background"/>
		<span id="span-2.09" nucleus="s-2.12" satellites="s-2.13" relation="enablement"/>
		
		<span id="span-2.10" nucleus="s-2.05" satellites="span-2.11" relation="enablement"/>
		<span id="span-2.11" nucleus="s-2.14" satellites="s-2.15 s-2.16 s-2.17 s-2.18" relation="enablement"/>
	</rst-structure>
	<rst-structure>
		<multi-span id="span-3.01" nuclei="s-3.01 s-3.02" relation="restatement"/>
		<multi-span id="span-3.02" nuclei="s-3.03 s-3.04" relation="restatement"/>
		<multi-span id="span-3.03" nuclei="s-3.05 s-3.06" relation="restatement"/>
		<multi-span id="span-3.04" nuclei="s-3.08 s-3.10" relation="restatement"/>
		<multi-span id="span-3.05" nuclei="s-3.09 s-3.10" relation="restatement"/>
		<multi-span id="span-3.06" nuclei="s-3.11 s-3.12" relation="restatement"/>
		<multi-span id="span-3.07" nuclei="span-3.01 span-3.02 span-3.03 span-3.04 span-3.05 span-3.06 s-3.13" relation="restatement"/>
		
		<span id="span-3.10" nucleus="s-3.14" satellites="span-3.11 span-3.13 span-3.18" relation="elaboration">
			<title xref="s-3.13"/>
		</span>
		<span id="span-3.11" nucleus="s-3.15" satellites="s-3.16" relation="elaboration"/>
		
		<span id="span-3.13" nucleus="span-3.14" satellites="s-3.17" relation="background"/>
		<span id="span-3.14" nucleus="s-3.18" satellites="s-3.19" relation="evaluation"/>
		<span id="span-3.15" nucleus="s-3.14" satellites="span-3.16" relation="enablement"/>
		<span id="span-3.16" nucleus="s-3.20" satellites="s-3.21" relation="elaboration"/>
		<span id="span-3.17" nucleus="s-3.20" satellites="s-3.07" relation="enablement"/>
		
		<multi-span id="span-3.18" nuclei="s-3.22 s-3.23" relation="joint"/>
		
		<span id="span-3.19" nucleus="s-3.14" satellites="span-3.20 span-3.23" relation="enablement"/>
		<span id="span-3.20" nucleus="s-3.24" satellites="span-3.21" relation="enablement"/>
		<multi-span id="span-3.21" nuclei="s-3.25 s-3.26" relation="joint"/>
		<span id="span-3.23" nucleus="s-3.27" satellites="span-3.24" relation="enablement"/>
		<multi-span id="span-3.24" nuclei="s-3.28 s-3.29 s-3.30" relation="joint"/>
	</rst-structure>
	<rst-structure>
		<multi-span id="span-4.01" nuclei="span-4.02 span-4.03 span-4.04" relation="joint"/>
		<multi-span id="span-4.02" nuclei="s-4.01 s-4.02" relation="restatement"/>
		<multi-span id="span-4.03" nuclei="s-4.03 s-4.04" relation="restatement"/>
		<multi-span id="span-4.04" nuclei="s-4.05 s-4.06" relation="restatement"/>
		
		<multi-span id="span-4.05" nuclei="s-4.09 s-4.10" relation="restatement"/>
		
		<multi-span id="span-4.06" nuclei="span-4.01 span-4.05 s-4.07 s-4.11" relation="restatement"/>
		<multi-span id="span-4.07" nuclei="s-4.08 s-4.11" relation="joint"/>
		
		<span id="span-4.09" nucleus="s-4.12" satellites="s-4.13 span-4.11 span-4.16" relation="elaboration">
			<title xref="s-4.11"/>
		</span>
		
		<span id="span-4.11" nucleus="s-4.14" satellites="span-4.12" relation="elaboration"/>
		<span id="span-4.12" nucleus="s-4.15" satellites="span-4.13" relation="evidence"/>
		<multi-span id="span-4.13" nuclei="s-4.16 s-4.17 s-4.18" relation="joint"/>
		<span id="span-4.14" nucleus="s-4.14" satellites="s-4.19" relation="enablement"/>
		
		<multi-span id="span-4.16" nuclei="s-4.20 s-4.21" relation="joint"/>
	
		<span id="span-4.17" nucleus="s-4.12" satellites="span-4.18 span-4.20" relation="enablement"/>
		<span id="span-4.18" nucleus="s-4.22" satellites="s-4.23" relation="enablement"/>
		<span id="span-4.20" nucleus="s-4.24" satellites="span-4.21" relation="enablement"/>
		<span id="span-4.21" nucleus="s-4.25" satellites="s-4.26" relation="elaboration"/>
	</rst-structure>
	<rst-structure>
		<multi-span id="span-5.01" nuclei="span-5.02 span-5.03 span-5.04 span-5.05 span-5.06 s-5.07 s-5.13" relation="restatement"/>
		<multi-span id="span-5.02" nuclei="s-5.01 s-5.02" relation="restatement"/>
		<multi-span id="span-5.03" nuclei="s-5.03 s-5.04" relation="restatement"/>
		<multi-span id="span-5.04" nuclei="s-5.05 s-5.06" relation="restatement"/>
		<multi-span id="span-5.05" nuclei="s-5.09 s-5.10" relation="restatement"/>
		<multi-span id="span-5.06" nuclei="s-5.11 s-5.12" relation="restatement"/>
		<multi-span id="span-5.06-m" nuclei="s-5.13 s-5.08" relation="joint"/>
		<span id="span-5.07" nucleus="span-5.10" satellites="span-5.09" relation="preparation">
			<title xref="s-5.13"/>
		</span>
		
		<span id="span-5.08" nucleus="s-5.14" satellites="s-5.15" relation="nonvolitional-cause"/>
		<multi-span id="span-5.09" nuclei="span-5.08 s-5.16 s-5.17 s-5.18" relation="sequence"/>
		
		<span id="span-5.10" nucleus="s-5.19" satellites="span-5.11" relation="evidence"/>
		<multi-span id="span-5.11" nuclei="s-5.20 s-5.21 s-5.22 s-5.23 span-5.12 s-5.26" relation="list"/>
		<span id="span-5.12" nucleus="s-5.24" satellites="s-5.25" relation="elaboration"/>
		
		<span id="span-5.13" nucleus="s-5.19" satellites="span-5.14 span-5.17" relation="enablement"/>
		<span id="span-5.14" nucleus="s-5.27" satellites="s-5.28 span-5.15" relation="enablement"/>
		<span id="span-5.15" nucleus="s-5.29" satellites="s-5.30" relation="elaboration"/>
		<span id="span-5.16" nucleus="s-5.27" satellites="s-5.31" relation="enablement"/>
		<span id="span-5.17" nucleus="s-5.32" satellites="span-5.18" relation="enablement"/>
		<multi-span id="span-5.18" nuclei="s-5.33 s-5.34" relation="joint"/>	
	</rst-structure>
	<rst-structure>
		<multi-span id="span-6.01" nuclei="span-6.02 span-6.03 span-6.04 span-6.05 span-6.06 s-6.07 s-6.13" relation="restatement"/>
		<multi-span id="span-6.02" nuclei="s-6.01 s-6.02" relation="restatement"/>
		<multi-span id="span-6.03" nuclei="s-6.03 s-6.04" relation="restatement"/>
		<multi-span id="span-6.04" nuclei="s-6.05 s-6.06" relation="restatement"/>
		<multi-span id="span-6.05" nuclei="s-6.09 s-6.10" relation="restatement"/>
		<multi-span id="span-6.06" nuclei="s-6.11 s-6.12" relation="restatement"/>
		<multi-span id="span-6.06-m" nuclei="s-6.08 s-6.09" relation="joint"/>
		
		<span id="span-6.07" nucleus="s-6.14" satellites="span-6.09 span-6.11 span-6.14 span-6.16" relation="elaboration">
			<title xref="s-6.13"/>
		</span>
		<span id="span-6.09" nucleus="s-6.15" satellites="s-6.16" relation="elaboration"/>
		<multi-span id="span-6.11" nuclei="s-6.17 s-6.18" relation="joint"/>
		
		<multi-span id="span-6.14" nuclei="s-6.19 s-6.20 s-6.21" relation="joint"/>
		<span id="span-6.16" nucleus="s-6.22" satellites="s-6.23" relation="motivation"/>
		
		<span id="span-6.17" nucleus="s-6.14" satellites="span-6.18 span-6.22" relation="enablement"/>
		<span id="span-6.18" nucleus="s-6.24" satellites="s-6.25 s-6.26" relation="enablement"/>
		<span id="span-6.22" nucleus="s-6.27" satellites="s-6.28 s-6.29" relation="enablement"/>
	</rst-structure>
</gemRst>
