<?xml version="1.0" encoding="UTF-8"?>

<gemLayout>
	<segmentation>
		<layout-unit id="lay-5.01" xref="u-5.01">
			<layout-unit id="lay-5.01.1" xref="u-5.01.1">P</layout-unit>ay a visit
		</layout-unit>
		<layout-unit id="lay-5.02" xref="u-5.02" alt="Illustration: Diamond and lines"/>
		<layout-unit id="lay-5.03" xref="u-5.03">- to the Zoo</layout-unit>
		<layout-unit id="lay-5.04" xref="u-5.04">
			<layout-unit id="lay-5.04.1" xref="u-5.04.1">The Zoo on Korkeasaari Island, </layout-unit>
		</layout-unit>
		<layout-unit id="lay-5.05" xref="u-5.05 u-5.06 u-5.07 u-5.08">The zoo can be reached after a refreshing short sea trip.</layout-unit>
		<layout-unit id="lay-5.06" xref="u-5.09">- to the Open-Air Museum</layout-unit>
		<layout-unit id="lay-5.07" xref="u-5.10">
			<layout-unit id="lay-5.07.1" xref="u-5.10.1">Seurasaari Recreational Park and Open-Air Museum, </layout-unit>
		</layout-unit>
		<layout-unit id="lay-5.08" xref="u-5.11 u-5.12 u-5.13 u-5.14 u-5.15">The buildings give an excellent idea of Finnish folk traditions.</layout-unit>
		<layout-unit id="lay-5.09" xref="u-5.16 u-5.17">Bus 24.</layout-unit>
		<layout-unit id="lay-5.10" xref="u-5.18">- to the Sea Fortress</layout-unit>
		<layout-unit id="lay-5.11" xref="u-5.19">
			<layout-unit id="lay-5.11.1" xref="u-5.19.1">The Suomenlinna Sea Fortress, </layout-unit>
		</layout-unit>
		<layout-unit id="lay-5.12" xref="u-5.20 u-5.21 u-5.22">The historic sea fortress is one of Finland's most remarkable sights - it is included in Unesco's list of World Heritage Treasures.</layout-unit>
		<layout-unit id="lay-5.13" xref="u-5.23">Ferry connections from the Market Square all the year round.</layout-unit>
		<layout-unit id="lay-5.14" xref="u-5.24" alt="Photo: Rocks, flowers and sea"/>
		<layout-unit id="lay-5.15" xref="u-5.25" alt="Photo: Lion cubs"/>
		<layout-unit id="lay-5.16" xref="u-5.26" alt="Photo: Flowers and people"/>
		<layout-unit id="lay-5.17" xref="u-5.27">The Suomenlinna Sea Fortress is placed on the World Heritage List.</layout-unit>
		<layout-unit id="lay-5.18" xref="u-5.28">10</layout-unit>
		<layout-unit id="lay-5.19" xref="u-5.29" alt="Line: Page number"/>
		<layout-unit id="lay-5.20" xref="u-5.30">
			<layout-unit id="lay-5.20.1" xref="u-5.30.1">F</layout-unit>or sports-lovers
		</layout-unit>
		<layout-unit id="lay-5.21" xref="u-5.31" alt="Illustration: Diamond and lines"/>
		<layout-unit id="lay-5.22" xref="u-5.32" alt="Photo: Gymnasts"/>
		<layout-unit id="lay-5.23" xref="u-5.33" alt="Photo: Suomenlinna"/>
		<layout-unit id="lay-5.24" xref="u-5.34">Sports</layout-unit>
		<layout-unit id="lay-5.25" xref="u-5.35">
			<layout-unit id="lay-5.25.1" xref="u-5.35.1">Helsinki Ice Rink,</layout-unit> Keskuspuisto Park</layout-unit>
		<layout-unit id="lay-5.26" xref="u-5.36">
			<layout-unit id="lay-5.26.1" xref="u-5.36.1">Olympic Stadium,</layout-unit> Keskuspuisto Park</layout-unit>
		<layout-unit id="lay-5.27" xref="u-5.37">
			<layout-unit id="lay-5.27.1" xref="u-5.37.1">Velodrome, </layout-unit>Mäkelänkatu</layout-unit>
		<layout-unit id="lay-5.28" xref="u-5.38">
			<layout-unit id="lay-5.28.1" xref="u-5.38.1">Rowing Stadium,</layout-unit> Merikannontie</layout-unit>
		<layout-unit id="lay-5.29" xref="u-5.39">
			<layout-unit id="lay-5.29.1" xref="u-5.39.1">Töölö Sports Hall, </layout-unit>Paavo Nurmen kuja 1</layout-unit>
		<layout-unit id="lay-5.30" xref="u-5.40">Swimming</layout-unit>
		<layout-unit id="lay-5.31" xref="u-5.41">Outdoor Swimming-pools</layout-unit>
		<layout-unit id="lay-5.32" xref="u-5.42 u-5.43">
			<layout-unit id="lay-5.32.1" xref="u-5.42.1">Swimming Stadium, </layout-unit> Hammarskjöldintie.</layout-unit>
		<layout-unit id="lay-5.33" xref="u-5.44 u-5.45">
			<layout-unit id="lay-5.33.1" xref="u-5.44.1">Kumpula outdoor swimming-pool,</layout-unit> Allastie.</layout-unit>
		<layout-unit id="lay-5.34" xref="u-5.46">Swimming-baths</layout-unit>
		<layout-unit id="lay-5.35" xref="u-5.47">
			<layout-unit id="lay-5.35.1" xref="u-5.47.1">Helsinginkatu swimming-bath,</layout-unit> Helsinginkatu 25, tel. 765 255
		</layout-unit>
		<layout-unit id="lay-5.36" xref="u-5.48">
			<layout-unit id="lay-5.36.1" xref="u-5.48.1">Pirkkola swimming-bath,</layout-unit> Pirkkola Sports Centre, tel. 4029 203
		</layout-unit>
		<layout-unit id="lay-5.37" xref="u-5.49">
			<layout-unit id="lay-5.37.1" xref="u-5.49.1">Töölö Sports Halls,</layout-unit> Topeliuksenkatu 41 a, tel. 412 752
		</layout-unit>
		<layout-unit id="lay-5.38" xref="u-5.50">
			<layout-unit id="lay-5.38.1" xref="u-5.50.1">Yrjönkatu swimming-bath,</layout-unit> Yrjönkatu 21, tel. 6098 258, 6098 257
		</layout-unit>
		<layout-unit id="lay-5.39" xref="u-5.51">Beaches</layout-unit>
		<layout-unit id="lay-5.40" xref="u-5.52 u-5.53">
			<layout-unit id="lay-5.40.1" xref="u-5.52">Pihlajasaari Recreational Park.</layout-unit>
			<layout-unit id="lay-5.40.2" xref="u-5.53">Motor-boat connection from the end of Laivurinkatu in summer.</layout-unit>
		</layout-unit>
		<layout-unit id="lay-5.41" xref="u-5.54 u-5.55">Helsinki has facilities for golf, bowling, squash and tennis.</layout-unit>
		<layout-unit id="lay-5.42" xref="u-5.56">Bicycle rentals</layout-unit>
		<layout-unit id="lay-5.43" xref="u-5.57">Youth Hostel Stadionin maja, P. Stadionintie 3 B, tel. 496 071
		</layout-unit>
		<layout-unit id="lay-5.44" xref="u-5.58">Saunas</layout-unit>
		<layout-unit id="lay-5.45" xref="u-5.59">
			<layout-unit id="lay-5.45.1" xref="u-5.59.1">Finnish Sauna Society, </layout-unit> Vaskiniemi, tel. 678 677, 679 180
		</layout-unit>
		<layout-unit id="lay-5.46" xref="u-5.60">
			<layout-unit id="lay-5.46.1" xref="u-5.60.1">Oulunkylä Sports Centre,</layout-unit> tel. 725 837</layout-unit>
		<layout-unit id="lay-5.47" xref="u-5.61">11</layout-unit>
		<layout-unit id="lay-5.48" xref="u-5.62" alt="Line: Page number"/>
	</segmentation>
	<layout-structure>
		<layout-root id="whe-1995-l-pages-9-10" orientation="landscape">
			<layout-chunk id="page-9" location="multi" area-ref="whe-1995-a-pages-9-10">
				<layout-chunk id="page-9-title" location="row-2" area-ref="page-a-9-b">
					<layout-leaf xref="lay-5.01" location="row-2" area-ref="page-a-9-b" valign="left" halign="top"/>
					<layout-leaf xref="lay-5.02" location="row-2" area-ref="page-a-9-b" valign="left" halign="top"/>
				</layout-chunk>
				<layout-chunk id="page-9-column-1" location="row-3" area-ref="page-a-9-b">
					<layout-chunk id="page-9-column-1-entry-1" location="row-3" area-ref="page-a-9-b">
						<layout-leaf xref="lay-5.03" location="row-3" area-ref="page-a-9-b"/>
						<layout-leaf xref="lay-5.04" location="row-3" area-ref="page-a-9-b"/>
						<layout-leaf xref="lay-5.05" location="row-3" area-ref="page-a-9-b"/>
					</layout-chunk>
					<layout-chunk id="page-9-column-1-entry-2" location="row-3" area-ref="page-a-9-b">
						<layout-leaf xref="lay-5.06" location="row-3" area-ref="page-a-9-b"/>
						<layout-leaf xref="lay-5.07" location="row-3" area-ref="page-a-9-b"/>
						<layout-leaf xref="lay-5.08" location="row-3" area-ref="page-a-9-b"/>
						<layout-leaf xref="lay-5.09" location="row-3" area-ref="page-a-9-b"/>
					</layout-chunk>
					<layout-chunk id="page-9-column-1-entry-3" location="row-3" area-ref="page-a-9-b">
						<layout-leaf xref="lay-5.10" location="row-3" area-ref="page-a-9-b"/>
						<layout-leaf xref="lay-5.11" location="row-3" area-ref="page-a-9-b"/>
						<layout-leaf xref="lay-5.12" location="row-3" area-ref="page-a-9-b"/>
						<layout-leaf xref="lay-5.13" location="row-3" area-ref="page-a-9-b"/>
					</layout-chunk>
				</layout-chunk>
				<layout-chunk id="page-9-photography" location="multi" area-ref="page-a-9-c">
					<layout-leaf xref="lay-5.14" location="row-1" area-ref="page-a-9-c"/>
					<layout-leaf xref="lay-5.15" location="row-2" area-ref="page-a-9-c" valign="left"/>
					<layout-leaf xref="lay-5.16" location="row-2" area-ref="page-a-9-c" valign="right"/>
				</layout-chunk>
				<layout-chunk id="page-9-numbering" location="col-3" area-ref="whe-1995-a-pages-9-10">
					<layout-leaf xref="lay-5.18" location="col-3" area-ref="whe-1995-a-pages-9-10" halign="bottom" valign="center" vindent="10mm"/>
					<layout-leaf xref="lay-5.19" location="col-3" area-ref="whe-1995-a-pages-9-10" halign="bottom" valign="center"/>
				</layout-chunk>
			</layout-chunk>
			<layout-chunk id="page-10" location="multi" area-ref="whe-1995-a-pages-9-10">
				<layout-chunk id="page-10-title" location="row-2" area-ref="page-a-10-b">
					<layout-leaf xref="lay-5.20" location="row-2" area-ref="page-a-10-b" valign="left" halign="top"/>
					<layout-leaf xref="lay-5.21" location="row-2" area-ref="page-a-10-b" valign="left" halign="top"/>
				</layout-chunk>
				<layout-chunk id="page-10-photography" location="multi" area-ref="page-a-10-b">
					<layout-leaf xref="lay-5.22" location="row-2" halign="center" valign="center"/>
					<layout-chunk id="page-10-photograph-with-caption" location="multi" area-ref="whe-1995-a-pages-9-10">
						<layout-leaf xref="lay-5.23" location="row-3" area-ref="page-a-10-b"/>
						<layout-leaf xref="lay-5.17" location="row-3" area-ref="page-a-9-c" valign="right" halign="bottom"/>
					</layout-chunk>
				</layout-chunk>
				<layout-chunk id="page-10-column-1" location="row-2" area-ref="page-a-10-c">
					<layout-chunk id="page-10-entry-1" location="row-2" area-ref="page-a-10-c">
						<layout-leaf xref="lay-5.24" location="row-2" area-ref="page-a-10-c" valign="left"/>
						<layout-leaf xref="lay-5.25" location="row-2" area-ref="page-a-10-c" valign="left"/>
						<layout-leaf xref="lay-5.26" location="row-2" area-ref="page-a-10-c" valign="left"/>
						<layout-leaf xref="lay-5.27" location="row-2" area-ref="page-a-10-c" valign="left"/>
						<layout-leaf xref="lay-5.28" location="row-2" area-ref="page-a-10-c" valign="left"/>
						<layout-leaf xref="lay-5.29" location="row-2" area-ref="page-a-10-c" valign="left"/>
					</layout-chunk>
					<layout-chunk id="page-10-entry-2" location="row-2" area-ref="page-a-10-c">
						<layout-leaf xref="lay-5.30" location="row-2" area-ref="page-a-10-c" valign="left"/>
						<layout-chunk id="page-10-entry-2-subentry-1" location="row-2" area-ref="page-a-10-c">
							<layout-leaf xref="lay-5.31" location="row-2" area-ref="page-a-10-c" valign="left"/>
							<layout-leaf xref="lay-5.32" location="row-2" area-ref="page-a-10-c" valign="left"/>
							<layout-leaf xref="lay-5.33" location="row-2" area-ref="page-a-10-c" valign="left"/>
						</layout-chunk>
						<layout-chunk id="page-10-entry-2-subentry-2" location="row-2" area-ref="page-a-10-c">
							<layout-leaf xref="lay-5.34" location="row-2" area-ref="page-a-10-c" valign="left"/>
							<layout-leaf xref="lay-5.35" location="row-2" area-ref="page-a-10-c" valign="left"/>
							<layout-leaf xref="lay-5.36" location="row-2" area-ref="page-a-10-c" valign="left"/>
							<layout-leaf xref="lay-5.37" location="row-2" area-ref="page-a-10-c" valign="left"/>
							<layout-leaf xref="lay-5.38" location="row-2" area-ref="page-a-10-c" valign="left"/>
						</layout-chunk>
						<layout-chunk id="page-10-entry-2-subentry-3" location="row-2" area-ref="page-a-10-c">
							<layout-leaf xref="lay-5.39" location="row-2" area-ref="page-a-10-c" valign="left"/>
							<layout-leaf xref="lay-5.40" location="row-2" area-ref="page-a-10-c" valign="left"/>
						</layout-chunk>
						<layout-chunk id="page-10-entry-2-subentry-4" location="row-2" area-ref="page-a-10-c">
							<layout-leaf xref="lay-5.41" location="row-2" area-ref="page-a-10-c" valign="left"/>
						</layout-chunk>
					</layout-chunk>
					<layout-chunk id="page-10-entry-3" location="row-2" area-ref="page-a-10-c">
						<layout-leaf xref="lay-5.42" location="row-2" area-ref="page-a-10-c" valign="left"/>
						<layout-leaf xref="lay-5.43" location="row-2" area-ref="page-a-10-c" valign="left"/>
					</layout-chunk>
					<layout-chunk id="page-10-entry-4" location="row-2" area-ref="page-a-10-c">
						<layout-leaf xref="lay-5.44" location="row-2" area-ref="page-a-10-c" valign="left"/>
						<layout-leaf xref="lay-5.45" location="row-2" area-ref="page-a-10-c" valign="left"/>
						<layout-leaf xref="lay-5.46" location="row-2" area-ref="page-a-10-c" valign="left"/>
					</layout-chunk>
				</layout-chunk>
				<layout-chunk id="page-10-numbering" location="col-6" area-ref="whe-1995-a-pages-9-10">
					<layout-leaf xref="lay-5.47" location="col-6" area-ref="whe-1995-a-pages-9-10" halign="bottom" valign="center" vindent="10mm"/>
					<layout-leaf xref="lay-5.48" location="col-6" area-ref="whe-1995-a-pages-9-10" halign="bottom" valign="center"/>					
				</layout-chunk>
			</layout-chunk>
		</layout-root>
	</layout-structure>
	<area-model>
		<area-root id="whe-1995-a-pages-9-10" cols="8" rows="1" hspacing="3 20 3 24 24 3 20 3" vspacing="100" width="400mm" height="210mm">
			<sub-area id="page-a-9-b" location="col-2" cols="1" rows="4" hspacing="100" vspacing="10 13 56 21" width="82mm" height="210mm"/>
			<sub-area id="page-a-9-c" location="col-4" cols="1" rows="3" hspacing="100" vspacing="60 34 6" height="210mm" width="94mm"/>
			<sub-area id="page-a-10-b" location="col-5" cols="1" rows="3" hspacing="100" vspacing="10 33 57" height="210mm" width="94mm"/>
			<sub-area id="page-a-10-c" location="col-7" cols="1" rows="3" hspacing="100" vspacing="25 65 10" height="210mm" width="82mm"/>
		</area-root>
	</area-model>
	<realization>
		<hi-text xref="lay-5.01.1" context="lay-5.01" font-family="sans-serif" font-size="32" font-style="italic" font-weight="bold" case="caps" color="black"/>
		<text xref="lay-5.01" font-family="sans-serif" font-size="14mm" font-style="italic" font-weight="normal" case="smalls" color="black"/>
		<graphics xref="lay-5.02" type="two-d-element" colors="blue" height="45mm" width="28mm"/>
		<text xref="lay-5.03 lay-5.06 lay-5.10 lay-5.24 lay-5.30 lay-5.42 lay-5.44" font-family="sans-serif" font-size="7" font-style="italic" font-weight="normal" case="mixed" color="black"/>
		<hi-text xref="lay-5.04.1" context="lay-5.04" font-family="sans-serif" font-size="6" font-style="normal" font-weight="bold" case="mixed" color="black"/>
		<text xref="lay-5.04 lay-5.05 lay-5.07 lay-5.08 lay-5.11 lay-5.12 lay-5.13 lay-5.25 lay-5.26 lay-5.27 lay-5.28 lay-5.29 lay-5.32 lay-5.33 lay-5.35 lay-5.36 lay-5.37 lay-5.38 lay-5.40.2 lay-5.41 lay-5.43 lay-5.45 lay-5.46" font-family="sans-serif" font-size="6" font-style="normal" font-weight="normal" case="mixed" color="black"/>
		<hi-text xref="lay-5.07.1" context="lay-5.07" font-family="sans-serif" font-size="6" font-style="normal" font-weight="bold" case="mixed" color="black"/>
		<hi-text xref="lay-5.11.1" context="lay-5.11" font-family="sans-serif" font-size="6" font-style="normal" font-weight="bold" case="mixed" color="black"/>
		<graphics xref="lay-5.14" type="photo" colors="mixed" height="156mm" width="93mm"/>
		<graphics xref="lay-5.15" type="photo" colors="mixed" height="73mm" width="73mm"/>
		<graphics xref="lay-5.16" type="photo" colors="mixed" height="73mm" width="73mm"/>
		<text xref="lay-5.17" font-family="sans-serif" font-size="4" font-style="normal" font-weight="normal" case="mixed" color="black"/>
		<text xref="lay-5.18" font-family="sans-serif" font-size="6" font-style="normal" font-weight="normal" case="mixed" color="black"/>
		<graphics xref="lay-5.19" type="two-d-element" two-d-element-type="line" direction="diverse" colors="blue" length="15mm"/>
		<hi-text xref="lay-5.20.1" context="lay-5.20" font-family="sans-serif" font-size="32" font-style="italic" font-weight="bold" case="caps" color="black"/>
		<text xref="lay-5.20" font-family="sans-serif" font-size="14mm" font-style="italic" font-weight="normal" case="smalls" color="black"/>
		<graphics xref="lay-5.21" type="two-d-element" colors="blue" height="45mm" width="28mm"/>
		<graphics xref="lay-5.22" type="photo" colors="mixed" height="73mm" width="73mm"/>
		<graphics xref="lay-5.23" type="photo" colors="mixed" height="118mm" width="92mm"/>
		<hi-text xref="lay-5.25.1" context="lay-5.25" font-family="sans-serif" font-size="6" font-style="normal" font-weight="bold" case="mixed" color="black"/>
		<hi-text xref="lay-5.26.1" context="lay-5.26" font-family="sans-serif" font-size="6" font-style="normal" font-weight="bold" case="mixed" color="black"/>
		<hi-text xref="lay-5.27.1" context="lay-5.27" font-family="sans-serif" font-size="6" font-style="normal" font-weight="bold" case="mixed" color="black"/>
		<hi-text xref="lay-5.28.1" context="lay-5.28" font-family="sans-serif" font-size="6" font-style="normal" font-weight="bold" case="mixed" color="black"/>
		<hi-text xref="lay-5.29.1" context="lay-5.29" font-family="sans-serif" font-size="6" font-style="normal" font-weight="bold" case="mixed" color="black"/>
		<text xref="lay-5.31 lay-5.34 lay-5.39 lay-5.40.1" font-family="sans-serif" font-size="6" font-style="normal" font-weight="bold" case="mixed" color="black"/>
		<hi-text xref="lay-5.32.1" context="lay-5.32" font-family="sans-serif" font-size="6" font-style="normal" font-weight="bold" case="mixed" color="black"/>
		<hi-text xref="lay-5.33.1" context="lay-5.33" font-family="sans-serif" font-size="6" font-style="normal" font-weight="bold" case="mixed" color="black"/>
		<hi-text xref="lay-5.35.1" context="lay-5.35" font-family="sans-serif" font-size="6" font-style="normal" font-weight="bold" case="mixed" color="black"/>
		<hi-text xref="lay-5.36.1" context="lay-5.36" font-family="sans-serif" font-size="6" font-style="normal" font-weight="bold" case="mixed" color="black"/>
		<hi-text xref="lay-5.37.1" context="lay-5.37" font-family="sans-serif" font-size="6" font-style="normal" font-weight="bold" case="mixed" color="black"/>
		<hi-text xref="lay-5.38.1" context="lay-5.38" font-family="sans-serif" font-size="6" font-style="normal" font-weight="bold" case="mixed" color="black"/>
		<hi-text xref="lay-5.45.1" context="lay-5.45" font-family="sans-serif" font-size="6" font-style="normal" font-weight="bold" case="mixed" color="black"/>
		<hi-text xref="lay-5.46.1" context="lay-5.46" font-family="sans-serif" font-size="6" font-style="normal" font-weight="bold" case="mixed" color="black"/>
		<text xref="lay-5.47" font-family="sans-serif" font-size="6" font-style="normal" font-weight="normal" case="mixed" color="black"/>
		<graphics xref="lay-5.48" type="two-d-element" two-d-element-type="line" direction="diverse" colors="blue" length="15mm"/>
	</realization>
</gemLayout>
