<?xml version="1.0" encoding="UTF-8"?>

<gemBase>
	<unit id="u-5.01"><unit id="u-5.01.1">P</unit>ay a visit</unit>
	<unit id="u-5.02" alt="Illustration: Diamond and lines"/>
	<unit id="u-5.03">- to the Zoo</unit>
	<unit id="u-5.04"><unit id="u-5.04.1">The Zoo on Korkeasaari Island, </unit><unit id="u-5.04.2">tel. 199 81.</unit></unit>
	<unit id="u-5.05">The zoo can be reached after a refreshing short sea trip.</unit>
	<unit id="u-5.06">The landscape is a suitable home for animal species from mountaineous areas and cold regions.</unit>
	<unit id="u-5.07">The Zoo is open year round.</unit>
	<unit id="u-5.08">Pedestrian bridge from Mustikkamaa Island, motorboat connections in the summer.</unit>
	<unit id="u-5.09">- to the Open-Air Museum</unit>
	<unit id="u-5.10"><unit id="u-5.10.1">Seurasaari Recreational Park and Open-Air Museum, </unit><unit id="u-5.10.2">tel. 484 712.</unit></unit>
	<unit id="u-5.11">The buildings give an excellent idea of Finnish folk traditions.</unit>
	<unit id="u-5.12">In summertime the island is busy with numerous events.</unit>
	<unit id="u-5.13">Tourists are especially attracted by folk dance performances and concerts.</unit>
	<unit id="u-5.14">The high point of the season is the traditional midsummer celebration.</unit>
	<unit id="u-5.15">In winter the island is a suitable spot for skiing and sleigh riding.</unit>
	<unit id="u-5.16">The museum is open from May to mid-September.</unit>
	<unit id="u-5.17">Bus 24.</unit>
	<unit id="u-5.18">- to the Sea Fortress</unit>
	<unit id="u-5.19"><unit id="u-5.19.1">The Suomenlinna Sea Fortress, </unit><unit id="u-5.19.2">tel. 668 154 and 668 341.</unit></unit>
	<unit id="u-5.20">The historic sea fortress is one of Finland's most remarkable sights - it is included in Unesco's list of World Heritage Treasures.</unit>
	<unit id="u-5.21">The construction was started in 1748 to defend the Finnish coast.</unit>
	<unit id="u-5.22">Guided tours in summer daily 12.30pm and 2.30pm in English.</unit>
	<unit id="u-5.23">Ferry connections from the Market Square all the year round.</unit>
	<unit id="u-5.24" alt="Photo: Rocks, flowers and sea"/>
	<unit id="u-5.25" alt="Photo: Lion cubs"/>
	<unit id="u-5.26" alt="Photo: Flowers and people"/>
	<unit id="u-5.27">The Suomenlinna Sea Fortress is placed on the World Heritage List.</unit>
	<unit id="u-5.28">10</unit>
	<unit id="u-5.29" alt="Line: Page number"/>
	<unit id="u-5.30"><unit id="u-5.30.1">F</unit>or sports-lovers</unit>
	<unit id="u-5.31" alt="Illustration: Diamond and lines"/>
	<unit id="u-5.32" alt="Photo: Gymnasts"/>
	<unit id="u-5.33" alt="Photo: Suomenlinna"/>
	<unit id="u-5.34">Sports</unit>
	<unit id="u-5.35"><unit id="u-5.35.1">Helsinki Ice Rink,</unit> Keskuspuisto Park</unit>
	<unit id="u-5.36"><unit id="u-5.36.1">Olympic Stadium,</unit> Keskuspuisto Park</unit>
	<unit id="u-5.37"><unit id="u-5.37.1">Velodrome, </unit>Mäkelänkatu</unit>
	<unit id="u-5.38"><unit id="u-5.38.1">Rowing Stadium,</unit> Merikannontie</unit>
	<unit id="u-5.39"><unit id="u-5.39.1">Töölö Sports Hall, </unit>Paavo Nurmen kuja 1</unit>
	<unit id="u-5.40">Swimming</unit>
	<unit id="u-5.41">Outdoor Swimming-pools</unit>
	<unit id="u-5.42"><unit id="u-5.42.1">Swimming Stadium, </unit> Hammarskjöldintie.</unit>
	<unit id="u-5.43">Sauna.</unit>
	<unit id="u-5.44"><unit id="u-5.44.1">Kumpula outdoor swimming-pool,</unit> Allastie.</unit>
	<unit id="u-5.45">Sauna.</unit>
	<unit id="u-5.46">Swimming-baths</unit>
	<unit id="u-5.47"><unit id="u-5.47.1">Helsinginkatu swimming-bath,</unit> Helsinginkatu 25, <unit id="u-5.47.2">tel. 765 255</unit></unit>
	<unit id="u-5.48"><unit id="u-5.48.1">Pirkkola swimming-bath,</unit> Pirkkola Sports Centre, <unit id="u-5.48.2">tel. 4029 203</unit></unit>
	<unit id="u-5.49"><unit id="u-5.49.1">Töölö Sports Halls,</unit> Topeliuksenkatu 41 a, <unit id="u-5.49.2">tel. 412 752</unit></unit>
	<unit id="u-5.50"><unit id="u-5.50.1">Yrjönkatu swimming-bath,</unit> Yrjönkatu 21, <unit id="u-5.50.2">tel. 6098 258, 6098 257</unit></unit>
	<unit id="u-5.51">Beaches</unit>
	<unit id="u-5.52">Pihlajasaari Recreational Park.</unit>
	<unit id="u-5.53">Motor-boat connection from the end of Laivurinkatu in summer.</unit>
	<unit id="u-5.54">Helsinki has facilities for golf, bowling, squash and tennis.</unit>
	<unit id="u-5.55">Information available from the City Tourist Office.</unit>
	<unit id="u-5.56">Bicycle rentals</unit>
	<unit id="u-5.57">Youth Hostel Stadionin maja, P. Stadionintie 3 B, <unit id="u-5.57.1">tel. 496 071</unit></unit>
	<unit id="u-5.58">Saunas</unit>
	<unit id="u-5.59"><unit id="u-5.59.1">Finnish Sauna Society, </unit> Vaskiniemi, <unit id="u-5.59.2">tel. 678 677, 679 180</unit></unit>
	<unit id="u-5.60"><unit id="u-5.60.1">Oulunkylä Sports Centre,</unit> <unit id="u-5.60.2">tel. 725 837</unit></unit>
	<unit id="u-5.61">11</unit>
	<unit id="u-5.62" alt="Line: Page number"/>
</gemBase>


