<?xml version="1.0" encoding="UTF-8"?>

<gemNav>
	<pointer id="p-5.01" type="cross-reference" from="s-5.04" to="" range="phone">
		<content xref="u-5.04"/>
		<address xref="" address-precision="start-only"/>
	</pointer>
	<pointer id="p-5.02" type="cross-reference" from="s-5.11" to="" range="phone">
		<content xref="u-5.10"/>
		<address xref="" address-precision="start-only"/>
	</pointer>
	<pointer id="p-5.03" type="cross-reference" from="s-5.21" to="" range="phone">
		<content xref="u-5.19"/>
		<address xref="" address-precision="start-only"/>
	</pointer>
	<pointer id="p-5.04" type="cross-reference" from="s-5.48" to="" range="phone">
		<content xref="u-5.47"/>
		<address xref="" address-precision="start-only"/>
	</pointer>
	<pointer id="p-5.05" type="cross-reference" from="s-5.50" to="" range="phone">
		<content xref="u-5.48"/>
		<address xref="" address-precision="start-only"/>
	</pointer>
	<pointer id="p-5.06" type="cross-reference" from="s-5.52" to="" range="phone">
		<content xref="u-5.49"/>
		<address xref="" address-precision="start-only"/>
	</pointer>
	<pointer id="p-5.07" type="cross-reference" from="s-5.54" to="" range="phone">
		<content xref="u-5.50"/>
		<address xref="" address-precision="start-only"/>
	</pointer>
	<pointer id="p-5.08" type="cross-reference" from="s-5.62" to="" range="phone">
		<content xref="u-5.57"/>
		<address xref="" address-precision="start-only"/>
	</pointer>
	<pointer id="p-5.09" type="cross-reference" from="s-5.65" to="" range="phone">
		<content xref="u-5.59"/>
		<address xref="" address-precision="start-only"/>
	</pointer>
	<pointer id="p-5.10" type="cross-reference" from="s-5.67" to="" range="phone">
		<content xref="u-5.60"/>
		<address xref="" address-precision="start-only"/>
	</pointer>
	<entry id="e-5.01" xref="u-5.28" layout-chunk="page-9"/>
	<entry id="e-5.02" xref="u-5.61" layout-chunk="page-10"/>	
</gemNav>

