<?xml version="1.0" encoding="UTF-8"?>

<gemRst>
	<segmentation>
		<segment id="s-3.01" xref="u-3.01" alt="Illustration: Diamond and lines"/>
		<segment id="s-3.02" xref="u-3.02">A rhapsody in four seasons.</segment>
		<segment id="s-3.03" xref="u-3.03">Typical of the Helsinki cityscape are large areas in uniform architectural styles, representing Neoclassical, Art Nouveau, National Romantic, functional or modern architecture.</segment>
		<segment id="s-3.04" xref="u-3.04">From neoclassical simplicity to modernism</segment>
		<segment id="s-3.05" xref="u-3.05">The wooden houses built before 1809 have long since disappeared.</segment>
		<segment id="s-3.06" xref="u-3.06">The oldest area that has been preserved intact is Senate Square with its neoclassical government buildings from the 1820s and 1830s, designed by C. L. Engel.</segment>
		<segment id="s-3.07" xref="u-3.07">The Neorenaissance buildings from the 1880s, which made use of new building techniques, gave a continental look to the Esplanade Streets and the Katajanokka district.</segment>
		<segment id="s-3.08" xref="u-3.08">At around the turn of the 20th century whole districts were built in Art Nouveau style, following new European influences.</segment>
		<segment id="s-3.09" xref="u-3.09">The Finnish version of Art Nouveau, the National Romantic school, assimilated markedly national features.</segment>
		<segment id="s-3.10" xref="u-3.10">In the 1920s the emphasis was on practicality and functionalism.</segment>
		<segment id="s-3.11" xref="u-3.11">New districts and residential areas grew up around the centre.</segment>
		<segment id="s-3.12" xref="u-3.12">The most familiar landmarks of Helsinki's modern architecture from the 1970s are Finlandia Hall and Temppeliaukio Church.</segment>
		<segment id="s-3.13" xref="u-3.13">Even newer examples are the National Opera, the official residence of the Finnish President, Mäntyniemi, and the new Museum of Contemporary Art.</segment>
		<segment id="s-3.14" xref="u-3.14">The National Romantic facade of the Helsinki Telephone Company.</segment>
		<segment id="s-3.15" xref="u-3.15">Neorenaissance architecture at Erottaja.</segment>
		<segment id="s-3.16" xref="u-3.16">The Senate Square, in uniform neoclassical style, is surrounded by the Cathedral, the University, the Council of State, and municipal offices.</segment>
		<segment id="s-3.17" xref="u-3.17">Normally, snow keeps coming and going in wintertime.</segment>
		<segment id="s-3.18" xref="u-3.18">The tower of the Olympic Stadium, in functional style.</segment>
		<segment id="s-3.19" xref="u-3.19" alt="Photo: Helsinki Telephone Company facade"/>
		<segment id="s-3.20" xref="u-3.20" alt="Photo: Neorenaissance architectural details"/>
		<segment id="s-3.21" xref="u-3.21" alt="Photo: Senate Square"/>
		<segment id="s-3.22" xref="u-3.22" alt="Photo: Senate Square close-up in winter"/>
		<segment id="s-3.23" xref="u-3.23" alt="Photo: Stadium tower"/>
		<segment id="s-3.24" xref="u-3.26">Meet the four seasons</segment>
		<segment id="s-3.25" xref="u-3.27">Helsinki is definitely a city of four different seasons, which means warm sunshine in summer, cool weather and beautifully coloured leaves in autumn, varying amounts of snow and a frozen sea in winter, and bright and clear evenings and mornings in spring.</segment>
		<segment id="s-3.26" xref="u-3.28">Normally, the hottest month is July with an average temperature of +17.0 C, the recorded maximum in thirty years being +30.8 C.</segment>
		<segment id="s-3.27" xref="u-3.29">The coldest month is usually January, the average temperature being -5.7 C.</segment>
		<segment id="s-3.28" xref="u-3.30">Helsinki is located on the southern coast of Finland, very close to 60 North Latitude, which explains the abundance of light in summer months.</segment>
		<segment id="s-3.29" xref="u-3.31">After the longest day, around the 22th of June, the darkness lasts only 1 hour 20 minutes.</segment>
		<segment id="s-3.30" xref="u-3.32">The varying weather conditions have turned Finns into real experts at building and heating houses, as well as in winter traffic.</segment>
		<segment id="s-3.31" xref="u-3.33">Many special solutions, like snow removal machinery and central heating, have been developed to guarantee uninterrupted traffic and comfortable living.</segment>
		<segment id="s-3.32" xref="u-3.34">Helsinki keeps going all year round.</segment>
	</segmentation>
	<rst-structure>
		<multi-span id="span-3.01" nuclei="s-3.01 s-3.02" relation="joint"/>
		
		<multi-span id="span-3.02" nuclei="span-3.04 span-3.15" relation="joint"><title xref="span-3.01"/></multi-span>
		
		<span id="span-3.04" nucleus="s-3.03" satellites="span-3.05 span-3.09" relation="elaboration"><title xref="s-3.04"/></span>
		
		<multi-span id="span-3.05" nuclei="s-3.05 s-3.06 s-3.07 span-3.06 span-3.07 span-3.08" relation="sequence"/>
		<span id="span-3.06" nucleus="s-3.08" satellites="s-3.09" relation="elaboration"/>
		<span id="span-3.07" nucleus="s-3.10" satellites="s-3.11" relation="elaboration"/>
		<span id="span-3.08" nucleus="s-3.12" satellites="s-3.13" relation="elaboration"/>
		
		<multi-span id="span-3.09" nuclei="span-3.10 span-3.11 span-3.12 span-3.13 span-3.14" relation="joint"/>
		<multi-span id="span-3.10" nuclei="s-3.14 s-3.19" relation="restatement"/>
		<multi-span id="span-3.11" nuclei="s-3.15 s-3.20" relation="restatement"/>
		<multi-span id="span-3.12" nuclei="s-3.16 s-3.21" relation="restatement"/>
		<multi-span id="span-3.13" nuclei="s-3.17 s-3.22" relation="restatement"/>
		<multi-span id="span-3.14" nuclei="s-3.18 s-3.23" relation="restatement"/>
		
		<span id="span-3.15" nucleus="s-3.25" satellites="span-3.16 span-3.17 span-3.18" relation="elaboration"><title xref="s-3.24"/></span>
		<span id="span-3.16" nucleus="s-3.26" satellites="s-3.27" relation="antithesis"/>
		<span id="span-3.17" nucleus="s-3.28" satellites="s-3.29" relation="elaboration"/>
		<span id="span-3.18" nucleus="s-3.30" satellites="span-3.19" relation="elaboration"/>
		<span id="span-3.19" nucleus="s-3.31" satellites="s-3.32" relation="evaluation"/>
		
	</rst-structure>
</gemRst>
