<?xml version="1.0" encoding="UTF-8"?>

<gemLayout>
	<segmentation>
		<layout-unit id="lay-3.01" xref="u-3.01" alt="Illustration: Diamond and lines"/>
		<layout-unit id="lay-3.02" xref="u-3.02"><layout-unit id="lay-3.02.1" xref="u-3.02.1">A</layout-unit> rhapsody in four seasons.</layout-unit>
		<layout-unit id="lay-3.03" xref="u-3.03">Typical of the Helsinki cityscape are large areas in uniform architectural styles, representing Neoclassical, Art Nouveau, National Romantic, functional or modern architecture.</layout-unit>
		<layout-unit id="lay-3.04" xref="u-3.04">From neoclassical simplicity to modernism</layout-unit>
		<layout-unit id="lay-3.05" xref="u-3.05 u-3.06">The wooden houses built before 1809 have long since disappeared.
			<layout-unit id="lay-3.05.1" xref="u-3.06.1">neoclassical</layout-unit>
		</layout-unit>
		<layout-unit id="lay-3.06" xref="u-3.07 u-3.08 u-3.09">The Neorenaissance buildings from the 1880s, which made use of new building techniques, gave a continental look to the Esplanade Streets and the Katajanokka district.
			<layout-unit id="lay-3.06.1" xref="u-3.07.1">Neorenaissance</layout-unit>
			<layout-unit id="lay-3.06.2" xref="u-3.08.1">Art Nouveau</layout-unit>
			<layout-unit id="lay-3.06.3" xref="u-3.09.1">National Romantic</layout-unit>
		</layout-unit>
		<layout-unit id="lay-3.07" xref="u-3.10 u-3.11">In the 1920s the emphasis was on practicality and
			<layout-unit id="lay-3.07.1" xref="u-3.10.1">functionalism.</layout-unit>
		</layout-unit>
		<layout-unit id="lay-3.08" xref="u-3.12 u-3.13">The most familiar landmarks of Helsinki's
			<layout-unit id="lay-3.08.1" xref="u-3.12.1">modern architecture</layout-unit>
		</layout-unit>
		<layout-unit id="lay-3.09" xref="u-3.14">The National Romantic facade of the Helsinki Telephone Company.</layout-unit>
		<layout-unit id="lay-3.10" xref="u-3.15">Neorenaissance architecture at Erottaja.</layout-unit>
		<layout-unit id="lay-3.11" xref="u-3.16">The Senate Square, in uniform neoclassical style, is surrounded by the Cathedral, the University, the Council of State, and municipal offices.</layout-unit>
		<layout-unit id="lay-3.12" xref="u-3.17">Normally, snow keeps coming and going in wintertime.</layout-unit>
		<layout-unit id="lay-3.13" xref="u-3.18">The tower of the Olympic Stadium, in functional style.</layout-unit>
		<layout-unit id="lay-3.14" xref="u-3.19" alt="Photo: Helsinki Telephone Company facade"/>
		<layout-unit id="lay-3.15" xref="u-3.20" alt="Photo: Neorenaissance architectural details"/>
		<layout-unit id="lay-3.16" xref="u-3.21" alt="Photo: Senate Square"/>
		<layout-unit id="lay-3.17" xref="u-3.22" alt="Photo: Senate Square close-up in winter"/>
		<layout-unit id="lay-3.18" xref="u-3.23" alt="Photo: Stadium tower"/>
		<layout-unit id="lay-3.19" xref="u-3.24">4</layout-unit>
		<layout-unit id="lay-3.20" xref="u-3.25" alt="Line: Page number"/>
		<layout-unit id="lay-3.21" xref="u-3.26">Meet the four seasons</layout-unit>
		<layout-unit id="lay-3.22" xref="u-3.27">Helsinki is definitely a city of four different seasons, which means warm sunshine in summer, cool weather and beautifully coloured leaves in autumn, varying amounts of snow and a frozen sea in winter, and bright and clear evenings and mornings in spring.</layout-unit>
		<layout-unit id="lay-3.23" xref="u-3.28 u-3.29 u-3.30 u-3.31">Normally, the hottest month is July with an average temperature of +17.0 C, the recorded maximum in thirty years being +30.8 C.</layout-unit>
		<layout-unit id="lay-3.24" xref="u-3.32 u-3.33 u-3.34">The varying weather conditions have turned Finns into real experts at building and heating houses, as well as in winter traffic.</layout-unit>
		<layout-unit id="lay-3.25" xref="u-3.35">5</layout-unit>
		<layout-unit id="lay-3.26" xref="u-3.36" alt="Line: Page number"/>
	</segmentation>
	<layout-structure>
		<layout-root id="whe-1998-l-pages-3-4" orientation="landscape">
			<layout-chunk id="page-3" location="multi" area-ref="whe-1998-a-pages-3-4">
			<layout-chunk id="page-3-title" location="cell-22" area-ref="page-3-b">
				<layout-leaf xref="lay-3.01" location="cell-12" area-ref="page-3-b" valign="right" halign="top"/>
				<layout-leaf xref="lay-3.02" location="cell-22" area-ref="page-3-b" valign="left" halign="top"/>	
				<layout-chunk id="page-3-column-1" location="cell-23" area-ref="page-3-b">
					<layout-leaf xref="lay-3.03" location="cell-23" area-ref="page-3-b" valign="left"/>
					<layout-leaf xref="lay-3.04" location="cell-23" area-ref="page-3-b" valign="left"/>
					<layout-leaf xref="lay-3.05" location="cell-23" area-ref="page-3-b" valign="left"/>
					<layout-leaf xref="lay-3.06" location="cell-23" area-ref="page-3-b" valign="left" hindent="10mm"/>
					<layout-leaf xref="lay-3.07" location="cell-23" area-ref="page-3-b" valign="left" hindent="10mm"/>
					<layout-leaf xref="lay-3.08" location="cell-23" area-ref="page-3-b" valign="left" hindent="10mm"/>
				</layout-chunk>
				<layout-chunk id="page-3-captions" location="cell-23" area-ref="page-3-b">
					<layout-leaf xref="lay-3.09" location="cell-23" area-ref="page-3-b"/>
					<layout-leaf xref="lay-3.10" location="cell-23" area-ref="page-3-b"/>
					<layout-leaf xref="lay-3.11" location="cell-23" area-ref="page-3-b"/>
					<layout-leaf xref="lay-3.12" location="cell-23" area-ref="page-3-b"/>
					<layout-leaf xref="lay-3.13" location="cell-23" area-ref="page-3-b"/>
				</layout-chunk>	
			</layout-chunk>
			<layout-chunk id="page-3-photography" location="cell-32" area-ref="page-3-b">
				<layout-leaf xref="lay-3.14" location="cell-32" area-ref="page-3-b" halign="top"/>
				<layout-leaf xref="lay-3.15" location="cell-32" area-ref="page-3-b" halign="bottom"/>
			</layout-chunk>
			<layout-chunk id="page-3-numbering" location="cell-34" area-ref="page-3-b" valign="left" halign="center">
				<layout-leaf xref="lay-3.19" location="cell-34" area-ref="page-3-b" valign="left" halign="center"/>
				<layout-leaf xref="lay-3.20" location="cell-34" area-ref="page-3-b" valign="left" halign="center"/>
			</layout-chunk>
		</layout-chunk>
		<layout-chunk id="page-4" location="multi" area-ref="whe-1998-a-pages-3-4">
			<layout-chunk id="page-4-photography" location="multi" area-ref="whe-1998-a-pages-3-4">
				<layout-leaf xref="lay-3.16" location="cell-11" area-ref="page-4-b"/>
				<layout-leaf xref="lay-3.17" location="cell-21" area-ref="page-4-c" valign="left"/>
				<layout-leaf xref="lay-3.18" location="cell-21" area-ref="page-4-c" valign="right"/>
			</layout-chunk>
			<layout-chunk id="page-4-column-1" location="cell-23" area-ref="page-4-c">
				<layout-leaf xref="lay-3.21" location="cell-23" area-ref="page-4-c" valign="left"/>
				<layout-leaf xref="lay-3.22" location="cell-23" area-ref="page-4-c" valign="left"/>
				<layout-leaf xref="lay-3.23" location="cell-23" area-ref="page-4-c" valign="left" hindent="10mm"/>
				<layout-leaf xref="lay-3.24" location="cell-23" area-ref="page-4-c" valign="left" hindent="10mm"/>
			</layout-chunk>
			<layout-chunk id="page-4-numbering" location="cell-14" area-ref="page-4-c">
				<layout-leaf xref="lay-3.25" location="cell-14" area-ref="page-4-c" valign="center" halign="center"/>
				<layout-leaf xref="lay-3.26" location="cell-14" area-ref="page-4-c" valign="center" halign="center"/>				
			</layout-chunk>
		</layout-chunk>
		</layout-root>
	</layout-structure>
	<area-model>
		<area-root id="whe-1998-a-pages-3-4" cols="3" rows="1" hspacing="40 34 26" vspacing="100" width="400mm" height="210mm">
			<sub-area id="page-3-b" location="col-1" cols="3" rows="4" hspacing="9 54 37" vspacing="10 13 70 7" width="158mm" height="210mm"/>
			<sub-area id="page-4-b" location="col-2" cols="1" rows="1" hspacing="100" vspacing="100" width="135mm" height="210mm"/>
			<sub-area id="page-4-c" location="col-3" cols="3" rows="4" hspacing="7 79 14" vspacing="36 10 47 7" width="105mm" height="210mm"/>
		</area-root>
	</area-model>
	<realization>
		<graphics xref="lay-3.01" type="two-d-element" colors="blue" height="45mm" width="28mm"/>
		<hi-text xref="lay-3.02.1" context="lay-3.02" font-family="sans-serif" font-size="32" font-style="italic" font-weight="bold" case="caps" color="black"/>
		<text xref="lay-3.02" font-family="sans-serif" font-size="14mm" font-style="italic" font-weight="normal" case="smalls" color="black"/>
		<text xref="lay-3.03 lay-3.05 lay-3.06 lay-3.07 lay-3.08 lay-3.22 lay-3.23 lay-3.24" font-family="sans-serif" font-size="6" font-style="normal" font-weight="normal" case="mixed" color="black"/>
		<text xref="lay-3.04 lay-3.21" font-family="sans-serif" font-size="7" font-style="italic" font-weight="normal" case="mixed" color="black"/>
		<hi-text xref="lay-3.05.1" context="lay-3.05" font-family="sans-serif" font-size="6" font-style="normal" font-weight="bold" case="mixed" color="black"/>
		<hi-text xref="lay-3.06.1" context="lay-3.06" font-family="sans-serif" font-size="6" font-style="normal" font-weight="bold" case="mixed" color="black"/>
		<hi-text xref="lay-3.06.2" context="lay-3.06" font-family="sans-serif" font-size="6" font-style="normal" font-weight="bold" case="mixed" color="black"/>
		<hi-text xref="lay-3.06.3" context="lay-3.06" font-family="sans-serif" font-size="6" font-style="normal" font-weight="bold" case="mixed" color="black"/>
		<hi-text xref="lay-3.07.1" context="lay-3.07" font-family="sans-serif" font-size="6" font-style="normal" font-weight="bold" case="mixed" color="black"/>
		<hi-text xref="lay-3.08.1" context="lay-3.08" font-family="sans-serif" font-size="6" font-style="normal" font-weight="bold" case="mixed" color="black"/>
		<text xref="lay-3.09 lay-3.10 lay-3.11 lay-3.12 lay-3.13" font-family="sans-serif" font-size="4" font-style="normal" font-weight="normal" case="mixed" color="black"/>
		<graphics xref="lay-3.14" type="photo" colors="mixed" width="73mm" height="80mm"/>
		<graphics xref="lay-3.15" type="photo" colors="mixed" width="58mm" height="102mm"/>
		<graphics xref="lay-3.16" type="photo" colors="mixed" width="135mm" height="210mm"/>
		<graphics xref="lay-3.17" type="photo" colors="mixed" width="73mm" height="73mm"/>
		<graphics xref="lay-3.18" type="photo" colors="mixed" width="73mm" height="73mm"/>
		<text xref="lay-3.19" font-family="sans-serif" font-size="6" font-style="normal" font-weight="normal" case="mixed" color="black"/>
		<graphics xref="lay-3.20" type="two-d-element" two-d-element-type="line" direction="diverse" colors="blue" length="15mm"/>
		<text xref="lay-3.25" font-family="sans-serif" font-size="6" font-style="normal" font-weight="normal" case="mixed" color="black"/>
		<graphics xref="lay-3.26" type="two-d-element" two-d-element-type="line" direction="diverse" colors="blue" length="15mm"/>
	</realization>
</gemLayout>
