<?xml version="1.0" encoding="UTF-8"?>

<gemLayout>
	<segmentation>
		<layout-unit id="lay-1.01" xref="u-1.01">ecture architecture architecture architecture 
			<layout-unit id="lay-1.01.1" xref="u-1.01.1">architecture</layout-unit> architecture architecture archite
		</layout-unit>
		<layout-unit id="lay-1.02" xref="u-1.02" alt="Photo: Neorenaissance facade"/>
		<layout-unit id="lay-1.03" xref="u-1.03">Architectural nuggets</layout-unit>
		<layout-unit id="lay-1.04" xref="u-1.04 u-1.05 u-1.06">Helsinki promises an enchanting journey into a world of different architectural styles.</layout-unit>
		<layout-unit id="lay-1.05" xref="u-1.07 u-1.08 u-1.09">The monumental city centre is a unique neoclassical entity.</layout-unit>
		<layout-unit id="lay-1.06" xref="u-1.10 u-1.11 u-1.12">There are numerous buildings representing neo-styles in the centre of Helsinki, such as the beautifully conserved House of Estates (1890).</layout-unit>
		<layout-unit id="lay-1.07" xref="u-1.13" alt="Photo: Aerial view of Senate Square"/>
		<layout-unit id="lay-1.08" xref="u-1.14">The monumental city centre is a unique neoclassical entity.</layout-unit>
		<layout-unit id="lay-1.09" xref="u-1.15">Imposing late 19th century neorenaissance architecture on the Esplanades.</layout-unit>
		<layout-unit id="lay-1.10" xref="u-1.16">www.hel.fi</layout-unit>
		<layout-unit id="lay-1.11" xref="u-1.17">20</layout-unit>
		<layout-unit id="lay-1.12" xref="u-1.18 u-1.19 u-1.20">A fine example of the National Romantic style of art nouveau is the National Museum by the famous architectural trio Gesellius/Lindgren/Saarinen (1910).</layout-unit>
		<layout-unit id="lay-1.13" xref="u-1.21">The main Finnish representatives of 1920s Nordic classicism are the Parliament building (1931) and the wooden-house district of Käpylä epitomising classical Finnish wooden architecture.</layout-unit>
		<layout-unit id="lay-1.14" xref="u-1.22">Functionalism is magnificently embodied in the Olympic Stadium (1940) and the Lasipalatsi building (1935) right in the centre of the town that has just been cleverly restored to its former glory.</layout-unit>
		<layout-unit id="lay-1.15" xref="u-1.23 u-1.24">Modern architecture at its best is to be found in the works by the Finnish architect Alvar Aalto, such as the Academic Bookstore (1969) and Finlandia Hall (1975).</layout-unit>
		<layout-unit id="lay-1.16" xref="u-1.25 u-1.26">These are just a few of Helsinki's architectural nuggets.</layout-unit>
		<layout-unit id="lay-1.17" xref="u-1.27" alt="Photo: The National Theatre"/>
		<layout-unit id="lay-1.18" xref="u-1.28 u-1.29">National Romantic is the Finnish version of art nouveau.</layout-unit>
		<layout-unit id="lay-1.19" xref="u-1.30">Interesting districts:</layout-unit>
		<layout-unit id="lay-1.20" xref="u-1.31">Eira</layout-unit>
		<layout-unit id="lay-1.21" xref="u-1.32">trams 3B and 3T</layout-unit>
		<layout-unit id="lay-1.22" xref="u-1.33">Katajanokka</layout-unit>
		<layout-unit id="lay-1.23" xref="u-1.34">trams 2 and 4</layout-unit>
		<layout-unit id="lay-1.24" xref="u-1.35">Käpylä</layout-unit>
		<layout-unit id="lay-1.25" xref="u-1.36">tram 1</layout-unit>
		<layout-unit id="lay-1.26" xref="u-1.37">Senate Square</layout-unit>
		<layout-unit id="lay-1.27" xref="u-1.38">trams 3T, 3B and 4</layout-unit>
		<layout-unit id="lay-1.28" xref="u-1.39">Old and new live side by side in Helsinki; it all adds richness to life.</layout-unit>
		<layout-unit id="lay-1.29" xref="u-1.40" alt="Photo: Kiasma, statue of Mannerheim and the Parliament"/>
	</segmentation>
	<area-model>
		<area-root id="hyw-1999-a-pages-1-2" cols="2" rows="1" hspacing="50 50" vspacing="100" width="296mm" height="210mm">
			<sub-area id="page-a-1" location="col-1" cols="4" rows="1" hspacing="43 5 32 20" vspacing="100" width="148mm" height="210mm">
				<sub-area id="page-a-1-b" location="col-3" cols="1" rows="6" hspacing="100" vspacing="4 2 5 64 20 5" width="48mm"/>
			</sub-area>
			<sub-area id="page-a-2" location="col-2" cols="1" rows="2" hspacing="100" vspacing="69 31">
				<sub-area id="page-a-2-b" location="row-1" cols="5" rows="4" hspacing="19 32 5 32 10" vspacing="4 2 5 89" height="145mm" width="148mm"/>
			</sub-area>
		</area-root>
	</area-model>
	<layout-structure>
		<layout-root id="hyw-1999-l-pages-1-2">
			<layout-leaf xref="lay-1.01" location="row-2" area-ref="page-a-2-b" overlap-area="page-a-1"/>
			<layout-chunk id="page-1" location="col-1" area-ref="hyw-1999-a-pages-1-2">
				<layout-chunk id="page-1-photo-1" location="col-1" area-ref="page-a-1">
					<layout-leaf xref="lay-1.02" location="col-1" area-ref="page-a-1"/>
					<layout-leaf xref="lay-1.09" location="row-5" area-ref="page-a-1-b" halign="bottom" vindent="2mm"/>
				</layout-chunk>
				<layout-chunk id="page-1-photo-2" location="row-5" area-ref="page-a-1-b">
					<layout-leaf xref="lay-1.07" location="row-5" area-ref="page-a-1" halign="top"/>
					<layout-leaf xref="lay-1.08" location="row-5" area-ref="page-a-1-b" halign="bottom" vindent="1mm"/>
				</layout-chunk>
				<layout-chunk id="page-1-navigation" location="row-6" area-ref="page-a-1-b">
					<layout-leaf xref="lay-1.10" location="row-6" area-ref="page-a-1-b" valign="left" halign="top"/>
					<layout-leaf xref="lay-1.11" location="row-6" area-ref="page-a-1-b"/>
				</layout-chunk>
				<layout-chunk id="page-1-column-1" location="row-4" area-ref="page-a-1-b">
					<layout-leaf xref="lay-1.03" location="row-4" area-ref="page-a-1-b"/>
					<layout-leaf xref="lay-1.04" location="row-4" area-ref="page-a-1-b" vindent="5mm"/>
					<layout-leaf xref="lay-1.05" location="row-4" area-ref="page-a-1-b" vindent="1mm"/>
					<layout-leaf xref="lay-1.06" location="row-4" area-ref="page-a-1-b" vindent="1mm"/>
				</layout-chunk>
			</layout-chunk>
			<layout-chunk id="page-2" location="col-2" area-ref="hyw-1999-a-pages-1-2">
				<layout-chunk id="page-2-column-1" location="cell-24" area-ref="page-a-2-b">
					<layout-leaf xref="lay-1.12" location="cell-24" area-ref="page-a-2-b"/>
					<layout-leaf xref="lay-1.13" location="cell-24" area-ref="page-a-2-b" vindent="1mm"/>
					<layout-leaf xref="lay-1.14" location="cell-24" area-ref="page-a-2-b" vindent="1mm"/>
					<layout-leaf xref="lay-1.15" location="cell-24" area-ref="page-a-2-b" vindent="1mm"/>
				</layout-chunk>
				<layout-chunk id="page-2-photo-1" location="cell-44" area-ref="page-a-2-b">
					<layout-leaf xref="lay-1.17" location="cell-44" area-ref="page-a-2-b" halign="top"/>
					<layout-leaf xref="lay-1.18" location="cell-44" area-ref="page-a-2-b" vindent="1mm"/>
				</layout-chunk>
				<layout-chunk id="page-2-column-2" location="cell-44" area-ref="page-a-2-b">
					<layout-leaf xref="lay-1.16" location="cell-44" area-ref="page-a-2-b" vindent="7mm"/>
					<layout-chunk id="page-2-column-2-entry-2" location="cell-44" area-ref="page-a-2-b">
						<layout-leaf xref="lay-1.19" location="cell-44" area-ref="page-a-2-b" vindent="11mm"/>
						<layout-leaf xref="lay-1.20" location="cell-44" area-ref="page-a-2-b" vindent="1mm" valign="left"/>
						<layout-leaf xref="lay-1.21" location="cell-44" area-ref="page-a-2-b" vindent="1mm" valign="left"/>
						<layout-leaf xref="lay-1.22" location="cell-44" area-ref="page-a-2-b" vindent="1mm" valign="left"/>
						<layout-leaf xref="lay-1.23" location="cell-44" area-ref="page-a-2-b" vindent="1mm" valign="left"/>
						<layout-leaf xref="lay-1.24" location="cell-44" area-ref="page-a-2-b" vindent="1mm" valign="left"/>
						<layout-leaf xref="lay-1.25" location="cell-44" area-ref="page-a-2-b" vindent="1mm" valign="left"/>
						<layout-leaf xref="lay-1.26" location="cell-44" area-ref="page-a-2-b" vindent="1mm" valign="left"/>
						<layout-leaf xref="lay-1.27" location="cell-44" area-ref="page-a-2-b" vindent="1mm" valign="left"/>
					</layout-chunk>
				</layout-chunk>
				<layout-chunk id="page-2-photo-2" location="multi" area-ref="hyw-1999-a-pages-1-2">
					<layout-leaf xref="lay-1.28" location="row-2" area-ref="page-a-2"/>
					<layout-leaf xref="lay-1.29" location="cell-44" area-ref="page-a-2-b" halign="bottom" valign="left" vindent="1mm"/>
				</layout-chunk>
			</layout-chunk>
		</layout-root>
	</layout-structure>
	<realization>
		<text xref="lay-1.01" font-family="sans-serif" font-size="9" font-style="normal" font-weight="normal" case="smalls" color="grey"/>
		<text xref="lay-1.03" font-family="sans-serif" font-size="10" font-style="normal" font-weight="bold" case="mixed" color="black"/>
		<text xref="lay-1.04 lay-1.05 lay-1.05 lay-1.12 lay-1.13 lay-1.14 lay-1.15 lay-1.16" font-family="sans-serif" font-size="5" font-style="normal" font-weight="normal" case="mixed" color="black"/>
		<text xref="lay-1.08 lay-1.09 lay-1.18 lay-1.28" font-family="sans-serif" font-size="4" font-style="normal" font-weight="normal" case="mixed" color="black"/>
		<text xref="lay-1.10" font-family="sans-serif" font-size="3" font-style="normal" font-weight="bold" case="smalls" color="grey"/>
		<text xref="lay-1.11" font-family="sans-serif" font-size="6" font-style="normal" font-weight="bold" case="smalls" color="black"/>
		<text xref="lay-1.19" font-family="sans-serif" font-size="5" font-style="normal" font-weight="bold" case="mixed" color="black"/>
		<text xref="lay-1.20 lay-1.22 lay-1.24 lay-1.26" font-family="sans-serif" font-size="3" font-style="normal" font-weight="bold" case="mixed" color="black"/>
		<text xref="lay-1.21 lay-1.23 lay-1.25 lay-1.27" font-family="sans-serif" font-size="3" font-style="italic" font-weight="normal" case="mixed" color="black"/>
		<graphics xref="lay-1.02" type="photo" colors="mixed" width="64mm" height="210mm"/>
		<graphics xref="lay-1.07" type="photo" colors="mixed" width="41mm" height="27mm"/>
		<graphics xref="lay-1.17" type="photo" colors="mixed" width="41mm" height="27mm"/>
		<graphics xref="lay-1.29" type="photo" colors="mixed" width="148mm" height="64mm"/>
		<hi-text xref="lay-1.01.1" context="lay-1.01" font-family="sans-serif" font-size="9" font-style="normal" font-weight="normal" case="smalls" color="black"/>
	</realization>
</gemLayout>
