<?xml version="1.0" encoding="UTF-8"?>

<gemRst>
	<segmentation>
		<segment id="s-1.01" xref="u-1.01">useums museums museums museums museums museums museums museums museums museums muse</segment>
		<segment id="s-1.02" xref="u-1.02">Sederholm House, Aleksanterinkatu 16-18, tel. (09) 169 3625.</segment>
		<segment id="s-1.03" xref="u-1.03">The oldest stone building in downtown Helsinki.</segment>
		<segment id="s-1.04" xref="u-1.04">The museum reflects the life of the merchant Johan Sederholm in 18th century Helsinki, the building and its restoration.</segment>
		<segment id="s-1.05" xref="u-1.05">Disabled persons: access for wheelchairs, lift, Inva-WC.</segment>
		<segment id="s-1.06" xref="u-1.06">Tuomarinkylä Museum, Tuomarinkylä Manor, tel. 728 7428.</segment>
		<segment id="s-1.07" xref="u-1.07">The main building and the outhouses date from 1790.</segment>
		<segment id="s-1.08" xref="u-1.08">Large manor park.</segment>
		<segment id="s-1.09" xref="u-1.09">Exhibition devoted to life at the manor.</segment>
		<segment id="s-1.10" xref="u-1.10">Ticket also valid for the Children's Museum.</segment>
		<segment id="s-1.11" xref="u-1.11">Disabled persons, difficult for wheelchairs, assistant needed.</segment>
		<segment id="s-1.12" xref="u-1.12">Other services: Cafe Tuomarinkylän Kartano in the yard, tel. (09) 728 5700.</segment>
		<segment id="s-1.13" xref="u-1.13">Open Mon-Sat 11-22, Sun 11-20, 80 seats (terrace in the summer for 40), lunch from 40 FIM, coffee and pastry c. 15 FIM.</segment>
		<segment id="s-1.14" xref="u-1.14">Children's Museum, in one of the outhouses at Tuomarinkylä Manor, tel. (09) 752 1694.</segment>
		<segment id="s-1.15" xref="u-1.15">Exhibitions showing the life of children and young people, seen through their eyes.</segment>
		<segment id="s-1.16" xref="u-1.16">Ticket also valid for the Tuomarinkylä Museum.</segment>
		<segment id="s-1.17" xref="u-1.17">Disabled persons: difficult for wheelchairs, assistant needed.</segment>
		<segment id="s-1.18" xref="u-1.18">Worker's Home Museum, Kirstinkuja 4, tel. (09) 146 1039.</segment>
		<segment id="s-1.19" xref="u-1.19">A museum showing how workers lived in Helsinki 1909-1980.</segment>
		<segment id="s-1.20" xref="u-1.20">The building was one of the first homes to be built for workers by the City of Helsinki.</segment>
		<segment id="s-1.21" xref="u-1.21">Open May-September.</segment>
		<segment id="s-1.22" xref="u-1.22">Disabled persons: no access for wheelchairs.</segment>
		<segment id="s-1.23" xref="u-1.23">The City Museums are open Wed-Sun 11-17.</segment>
		<segment id="s-1.24" xref="u-1.24">Note!</segment>
		<segment id="s-1.25" xref="u-1.25">The Helsinki City Museum branc on Sofiankatu is open all year round Mon-Fri 9-17, Sat-Sun 11-17.</segment>
		<segment id="s-1.26" xref="u-1.26">The Sederholm House is also open June-August Mon-Sun 11-17.</segment>
		<segment id="s-1.27" xref="u-1.27">Admission: adults 20 FIM, children (under 18) free, OAPs 10 FIM, OAP groups 10 FIM/person, other groups 10 FIM/person.</segment>
		<segment id="s-1.28" xref="u-1.28">Free admission on Thursdays.</segment>
		<segment id="s-1.29" xref="u-1.29">Guides during opening hours 200 FIM, Burgher's House 100 FIM, bookings tel. (09) 169 3949 and 169 3443.</segment>
		<segment id="s-1.30" xref="u-1.30">Helsinki Car Museum, Munkkisaarenkatu 12, tel. (09) 667 123.</segment>
		<segment id="s-1.31" xref="u-1.31">Open Mon-Fri 12-15, Sat-Sun 11-16.</segment>
		<segment id="s-1.32" xref="u-1.32">Some 30 roadworthy cars used e.g. by statesmen.</segment>
		<segment id="s-1.33" xref="u-1.33">Waxworks of famous Finns, over 4,000 models of Mercedes-Benz cars.</segment>
		<segment id="s-1.34" xref="u-1.34">Cars hired out for special occasions.</segment>
		<segment id="s-1.37" xref="u-1.37">Admission: adults 30 FIM, children (7-15 years) 10 FIM, OAPs 15 FIM, groups (10 or more) 15 FIM/person.</segment>
		<segment id="s-1.38" xref="u-1.38">Disabled persons: access for wheelchairs, Inva-WC.</segment>
		<segment id="s-1.39" xref="u-1.39">Other services: Merilinja cafeteria, tel. (09) 654 101, same entrance as for Car Museum.</segment>
		<segment id="s-1.40" xref="u-1.40">Open Mon-Thu 9-19.30, Fri 9-14, Sat-Sun closed.</segment>
		<segment id="s-1.41" xref="u-1.41">Seating for c. 55, lunch 28-40 FIM.</segment>
		<segment id="s-1.42" xref="u-1.42">Groups should book in advance.</segment>
		<segment id="s-1.43" xref="u-1.43">Cable Factory, Tallberginkatu 1</segment>
		<segment id="s-1.44" xref="u-1.44">Hotel and Restaurant Museum, at the Cable Factory, tel. (09) 693 1774.</segment>
		<segment id="s-1.45" xref="u-1.45">Open Tue-Fri 12-18, Wed 12-20, Sat-Sun 12-17.</segment>
		<segment id="s-1.46" xref="u-1.46">Photographic Museum of Finland, at the Cable Factory, tel. (09) 686 6360.</segment>
		<segment id="s-1.47" xref="u-1.47">Closed for repairs, reopening 29.1.1999.</segment>
		<segment id="s-1.48" xref="u-1.48">Open Tue, Thu and Fri 12-18, Wed 12-20, Sat-Sun 12-17.</segment>
		<segment id="s-1.49" xref="u-1.49">Admission: charge to be announced when the museum opens.</segment>
		<segment id="s-1.50" xref="u-1.50">Guided tours (for a fee) tobe booked in advance.</segment>
		<segment id="s-1.51" xref="u-1.51">Disabled persons: access for wheelchairs, assistant needed, lift.</segment>
		<segment id="s-1.52" xref="u-1.52">Other services: cafe and restaurant at the Cable Factory.</segment>
		<segment id="s-1.53" xref="u-1.53">Theatre Museum, at the Cable Factory, tel. (09) 694 5088.</segment>
		<segment id="s-1.54" xref="u-1.54">Closed for reparis until autumn 1999.</segment>
		<segment id="s-1.55" xref="u-1.55">The museum has another branch at Aleksanterinkatu 12, tel (09) 649 5088.</segment>
		<segment id="s-1.56" xref="u-1.56">Theatre Adventure exhibition.</segment>
		<segment id="s-1.57" xref="u-1.57">Open by arrangement.</segment>
		<segment id="s-1.58" xref="u-1.58">Admission: adults 20 FIM, children (over 7) 10 FIM, OAPs 10 FIM, OAP groups 10 FIM/person, other groups 10 FIM/person.</segment>
		<segment id="s-1.59" xref="u-1.59">Guides 150 FIM/group.</segment>
		<segment id="s-1.60" xref="u-1.60">Disabled persons: no access for wheelchairs at the Aleksanterinkatu museum.</segment>
		<segment id="s-1.61" xref="u-1.61">Natural History Museum (Zoological Museum), Pohjoinen Rautatienkatu 13, tel. (09) 191 7400.</segment>
		<segment id="s-1.62" xref="u-1.62">Mammals, birds, fish invertebrates, etc.</segment>
		<segment id="s-1.63" xref="u-1.63">Groups of animals in natural settings.</segment>
		<segment id="s-1.64" xref="u-1.64">Special exhibition, Aliens, in spring 1999.</segment>
		<segment id="s-1.65" xref="u-1.65">Free advice on mushrooms in autumn.</segment>
		<segment id="s-1.66" xref="u-1.66">Museum open all year round Mon-Fri 9-17, Sat-Sun 11-16.</segment>
		<segment id="s-1.67" xref="u-1.67">Guides may be booked in advance.</segment>
		<segment id="s-1.68" xref="u-1.68">Admission: (higher price for special exhibitions) adults 25 FIM, children (7-15 years) 10 FIM, OAP groups booking in advance 10 FIM/person, no other group reductions.</segment>
		<segment id="s-1.69" xref="u-1.69">Guided theme tours by arrangement (mammals, birds, evolution).</segment>
	</segmentation>
	<rst-structure>
		<span id="span-1.01" nucleus="s-1.01" satellites="span-1.02 span-1.05 span-1.09 span-1.12 span-1.16 span-1.22 span-1.28 span-1.38" relation="elaboration"/>
		<span id="span-1.02" nucleus="s-1.02" satellites="span-1.03" relation="elaboration"/>
		<span id="span-1.03" nucleus="s-1.03" satellites="s-1.04" relation="elaboration"/>
		<span id="span-1.04" nucleus="s-1.02" satellites="s-1.05" relation="enablement"/>
		<span id="span-1.05" nucleus="s-1.06" satellites="span-1.06 span-1.08" relation="elaboration"/>
		<span id="span-1.06" nucleus="s-1.07" satellites="s-1.08 s-1.09 s-1.10" relation="elaboration"/>
		<span id="span-1.07" nucleus="s-1.06" satellites="s-1.11" relation="enablement"/>
		<span id="span-1.08" nucleus="s-1.12" satellites="s-1.13" relation="enablement"/>
		<span id="span-1.09" nucleus="s-1.14" satellites="s-1.15" relation="elaboration"/>
		<span id="span-1.10" nucleus="s-1.14" satellites="span-1.11" relation="enablement"/>
		<multi-span id="span-1.11" nuclei="s-1.16 s-1.17" relation="joint"/>
		<span id="span-1.12" nucleus="s-1.18" satellites="span-1.13" relation="elaboration"/>
		<span id="span-1.13" nucleus="s-1.19" satellites="s-1.20" relation="background"/>
		<span id="span-1.14" nucleus="s-1.18" satellites="span-1.15" relation="elaboration"/>
		<multi-span id="span-1.15" nuclei="s-1.21 s-1.22" relation="joint"/>
		<span id="span-1.16" nucleus="s-1.23" satellites="span-1.17" relation="elaboration"/>
		<span id="span-1.17" nucleus="s-1.25" satellites="s-1.24" relation="preparation"/>
		<span id="span-1.18" nucleus="s-1.25" satellites="span-1.19" relation="elaboration"/>
		<span id="span-1.19" nucleus="s-1.26" satellites="span-1.20" relation="enablement"/>
		<multi-span id="span-1.20" nuclei="s-1.27 s-1.28 s-1.29" relation="joint"/>
		<span id="span-1.21" nucleus="s-1.30" satellites="s-1.31 span-1.24" relation="enablement"/>
		<span id="span-1.22" nucleus="s-1.30" satellites="span-1.23 span-1.26" relation="elaboration"/>
		<multi-span id="span-1.23" nuclei="s-1.32 s-1.33 s-1.34" relation="joint"/>
		<multi-span id="span-1.24" nuclei="s-1.37 s-1.38" relation="joint"/>
		<span id="span-1.25" nucleus="s-1.39" satellites="s-1.40" relation="enablement"/>
		<span id="span-1.26" nucleus="s-1.39" satellites="span-1.27" relation="elaboration"/>
		<span id="span-1.27" nucleus="s-1.41" satellites="s-1.42" relation="elaboration"/>
		<span id="span-1.28" nucleus="s-1.43" satellites="span-1.29 span-1.30 span-1.33" relation="elaboration"/>
		<span id="span-1.29" nucleus="s-1.44" satellites="s-1.45" relation="elaboration"/>
		<span id="span-1.30" nucleus="s-1.46" satellites="s-1.47" relation="elaboration"/>
		<span id="span-1.31" nucleus="s-1.46" satellites="span-1.32" relation="enablement"/>
		<multi-span id="span-1.32" nuclei="s-1.48 s-1.49 s-1.50 s-1.51 s-1.52" relation="joint"/>
		<span id="span-1.33" nucleus="s-1.53" satellites="span-1.34 span-1.35" relation="elaboration"/>
		<span id="span-1.34" nucleus="s-1.54" satellites="s-1.55" relation="elaboration"/>
		<span id="span-1.35" nucleus="s-1.56" satellites="s-1.57" relation="elaboration"/>
		<span id="span-1.36" nucleus="s-1.53" satellites="span-1.37" relation="enablement"/>
		<multi-span id="span-1.37" nuclei="s-1.58 s-1.59 s-1.60" relation="joint"/>
		<span id="span-1.38" nucleus="s-1.61" satellites="span-1.39 s-1.65" relation="elaboration"/>
		<span id="span-1.39" nucleus="s-1.62" satellites="s-1.63 s-1.64" relation="elaboration"/>
		<span id="span-1.40" nucleus="s-1.61" satellites="span-1.41" relation="enablement"/>
		<multi-span id="span-1.41" nuclei="s-1.66 s-1.67 s-1.68 s-1.69" relation="joint"/>
	</rst-structure>
</gemRst>
