<?xml version="1.0" encoding="UTF-8"?>

<gemBase>
	<unit id="u-1.01">useums museums museums museums museums museums museums <unit id="u-1.01.1">museums</unit> museums museums muse</unit>
	<unit id="u-1.02"><unit id="u-1.02.1">Sederholm House,</unit> Aleksanterinkatu 16-18, tel. (09) 169 3625.</unit>
	<unit id="u-1.03">The oldest stone building in downtown Helsinki.</unit>
	<unit id="u-1.04">The museum reflects the life of the merchant Johan Sederholm in 18th century Helsinki, the building and its restoration.</unit>
	<unit id="u-1.05">Disabled persons: access for wheelchairs, lift, Inva-WC.</unit>
	<unit id="u-1.06"><unit id="u-1.06.1">Tuomarinkylä Museum,</unit> Tuomarinkylä Manor, tel. 728 7428.</unit>
	<unit id="u-1.07">The main building and the outhouses date from 1790.</unit>
	<unit id="u-1.08">Large manor park.</unit>
	<unit id="u-1.09">Exhibition devoted to life at the manor.</unit>
	<unit id="u-1.10">Ticket also valid for the Children's Museum.</unit>
	<unit id="u-1.11">Disabled persons, difficult for wheelchairs, assistant needed.</unit>
	<unit id="u-1.12">Other services: Cafe Tuomarinkylän Kartano in the yard, tel. (09) 728 5700.</unit>
	<unit id="u-1.13">Open Mon-Sat 11-22, Sun 11-20, 80 seats (terrace in the summer for 40), lunch from 40 FIM, coffee and pastry c. 15 FIM.</unit>
	<unit id="u-1.14"><unit id="u-1.14.1">Children's Museum,</unit> in one of the outhouses at Tuomarinkylä Manor, tel. (09) 752 1694.</unit>
	<unit id="u-1.15">Exhibitions showing the life of children and young people, seen through their eyes.</unit>
	<unit id="u-1.16">Ticket also valid for the Tuomarinkylä Museum.</unit>
	<unit id="u-1.17">Disabled persons: difficult for wheelchairs, assistant needed.</unit>
	<unit id="u-1.18"><unit id="u-1.18.1">Worker's Home Museum,</unit> Kirstinkuja 4, tel. (09) 146 1039.</unit>
	<unit id="u-1.19">A museum showing how workers lived in Helsinki 1909-1980.</unit>
	<unit id="u-1.20">The building was one of the first homes to be built for workers by the City of Helsinki.</unit>
	<unit id="u-1.21">Open May-September.</unit>
	<unit id="u-1.22">Disabled persons: no access for wheelchairs.</unit>
	<unit id="u-1.23">The City Museums are open Wed-Sun 11-17.</unit>
	<unit id="u-1.24">Note!</unit>
	<unit id="u-1.25">The Helsinki City Museum branch on Sofiankatu is open all year round Mon-Fri 9-17, Sat-Sun 11-17.</unit>
	<unit id="u-1.26">The Sederholm House is also open June-August Mon-Sun 11-17.</unit>
	<unit id="u-1.27">Admission: adults 20 FIM, children (under 18) free, OAPs 10 FIM, OAP groups 10 FIM/person, other groups 10 FIM/person.</unit>
	<unit id="u-1.28">Free admission on Thursdays.</unit>
	<unit id="u-1.29">Guides during opening hours 200 FIM, Burgher's House 100 FIM, bookings tel. (09) 169 3949 and 169 3443.</unit>
	<unit id="u-1.30"><unit id="u-1.30.1">Helsinki Car Museum,</unit> Munkkisaarenkatu 12, tel. (09) 667 123.</unit>
	<unit id="u-1.31">Open Mon-Fri 12-15, Sat-Sun 11-16.</unit>
	<unit id="u-1.32">Some 30 roadworthy cars used e.g. by statesmen.</unit>
	<unit id="u-1.33">Waxworks of famous Finns, over 4,000 models of Mercedes-Benz cars.</unit>
	<unit id="u-1.34">Cars hired out for special occasions.</unit>
	<unit id="u-1.35">www.hel.fi</unit>
	<unit id="u-1.36">8</unit>
	<unit id="u-1.37">Admission: adults 30 FIM, children (7-15 years) 10 FIM, OAPs 15 FIM, groups (10 or more) 15 FIM/person.</unit>
	<unit id="u-1.38">Disabled persons: access for wheelchairs, Inva-WC.</unit>
	<unit id="u-1.39">Other services: Merilinja cafeteria, tel. (09) 654 101, same entrance as for Car Museum.</unit>
	<unit id="u-1.40">Open Mon-Thu 9-19.30, Fri 9-14, Sat-Sun closed.</unit>
	<unit id="u-1.41">Seating for c. 55, lunch 28-40 FIM.</unit>
	<unit id="u-1.42">Groups should book in advance.</unit>
	<unit id="u-1.43"><unit id="u-1.43.1">Cable Factory,</unit> Tallberginkatu 1</unit>
	<unit id="u-1.44"><unit id="u-1.44.1">Hotel and Restaurant Museum,</unit> at the Cable Factory, tel. (09) 693 1774.</unit>
	<unit id="u-1.45">Open Tue-Fri 12-18, Wed 12-20, Sat-Sun 12-17.</unit>
	<unit id="u-1.46"><unit id="u-1.46.1">Photographic Museum of Finland,</unit> at the Cable Factory, tel. (09) 686 6360.</unit>
	<unit id="u-1.47">Closed for repairs, reopening 29.1.1999.</unit>
	<unit id="u-1.48">Open Tue, Thu and Fri 12-18, Wed 12-20, Sat-Sun 12-17.</unit>
	<unit id="u-1.49">Admission: charge to be announced when the museum opens.</unit>
	<unit id="u-1.50">Guided tours (for a fee) to be booked in advance.</unit>
	<unit id="u-1.51">Disabled persons: access for wheelchairs, assistant needed, lift.</unit>
	<unit id="u-1.52">Other services: cafe and restaurant at the Cable Factory.</unit>
	<unit id="u-1.53"><unit id="u-1.53.1">Theatre Museum,</unit> at the Cable Factory, tel. (09) 694 5088.</unit>
	<unit id="u-1.54">Closed for repairs until autumn 1999.</unit>
	<unit id="u-1.55">The museum has another branch at Aleksanterinkatu 12, tel (09) 649 5088.</unit>
	<unit id="u-1.56">Theatre Adventure exhibition.</unit>
	<unit id="u-1.57">Open by arrangement.</unit>
	<unit id="u-1.58">Admission: adults 20 FIM, children (over 7) 10 FIM, OAPs 10 FIM, OAP groups 10 FIM/person, other groups 10 FIM/person.</unit>
	<unit id="u-1.59">Guides 150 FIM/group.</unit>
	<unit id="u-1.60">Disabled persons: no access for wheelchairs at the Aleksanterinkatu museum.</unit>
	<unit id="u-1.61"><unit id="u-1.61.1">Natural History Museum</unit> (Zoological Museum), Pohjoinen Rautatienkatu 13, tel. (09) 191 7400.</unit>
	<unit id="u-1.62">Mammals, birds, fish invertebrates, etc.</unit>
	<unit id="u-1.63">Groups of animals in natural settings.</unit>
	<unit id="u-1.64">Special exhibition, Aliens, in spring 1999.</unit>
	<unit id="u-1.65">Free advice on mushrooms in autumn.</unit>
	<unit id="u-1.66">Museum open all year round Mon-Fri 9-17, Sat-Sun 11-16.</unit>
	<unit id="u-1.67">Guides may be booked in advance.</unit>
	<unit id="u-1.68">Admission: (higher price for special exhibitions) adults 25 FIM, children (7-15 years) 10 FIM, OAP groups booking in advance 10 FIM/person, no other group reductions.</unit>
	<unit id="u-1.69">Guided theme tours by arrangement (mammals, birds, evolution).</unit>
	<unit id="u-1.70">9</unit>
	<unit id="u-1.71">www.hel.fi</unit>
</gemBase>


