<?xml version="1.0" encoding="UTF-8"?>

<gemBase>
	<unit id="u-1.01">H E L S I N K I</unit>
	<unit id="u-1.02">1 5 5 0 - 2 0 0 0</unit>
	<unit id="u-1.03" alt="Photo: Market Square and the Cathedral"/>
	<unit id="u-1.04" alt="Photo: Esplanade"/>
	<unit id="u-1.05" alt="Photo: Parliament"/>
	<unit id="u-1.06">Helsinki 450</unit>
	<unit id="u-1.07">City of Helsinki</unit>
	<unit id="u-1.08">• 1550 founded by Gustav Vasa, King of Sweden</unit>
	<unit id="u-1.09">• 1812 became the capital of Finland, a Grand Duchy of the Russian Empire</unit>
	<unit id="u-1.10">• 1917 gained independence and became the capital of The Independent Republic of Finland</unit>
	<unit id="u-1.11">• 540,000 inhabitants, 7 % of whom are Swedish-speaking</unit>
	<unit id="u-1.12">• Total area of 686km2:</unit>
	<unit id="u-1.13"> • land area 185km2 • sea area 501 km2</unit>
	<unit id="u-1.14"> • shoreline 98 km • 315 islands</unit>
	<unit id="u-1.15">• 300,000 jobs</unit>
	<unit id="u-1.16"> • 85% in service sector</unit>
	<unit id="u-1.17">• Helsinki Region: 1,2 million inhabitants</unit>
	<unit id="u-1.18" alt="Photo: Suomenlinna"/>
	<unit id="u-1.19" alt="Photo: Harbour and a sailing ship"/>
	<unit id="u-1.20">
		<unit id="u-1.20.1">a</unit> city surrounded by the sea and islands, Helsinki is also a synthesis of nature and culture.</unit>
	<unit id="u-1.21">Many of its attractions, and its architectural bearing traits of both its easter and western heritage, are easily revealed to the tourist roaming the city on foot.</unit>
	<unit id="u-1.22">With its numerous museums, rich musical life and wide variety of exhibitions and events, Helsinki is an interesting choice for a city holiday or a meeting place at all times of the year.</unit>
	<unit id="u-1.23" alt="Photo: Litography of the Senate Square in 1838"/>
	<unit id="u-1.23-m">Senate Square, litography, published by Tengström, 1838.</unit>
	<unit id="u-1.24">Helsinki's distinct character comes from its being the meeting point of many contrasts; east and west, technology and nature, old and new.</unit>
	<unit id="u-1.25">What is more, it is the city that changes and lives with the season, each of which as a character of its own.</unit>
	<unit id="u-1.26">On many of the city's street corners one could easily imagine oneself to be in old St. Petersburg.</unit>
	<unit id="u-1.27">The neo-classical lines of Helsinki's architecture have been marvelously preserved.</unit>
	<unit id="u-1.28">There are also numerous fine examples of the National Romantic style of art nouveau.</unit>
	<unit id="u-1.29">Functionalism is magnificiently embodied in the Olympic Stadium (1940) and the Lasipalatsi building (1935) right in the centre of town.</unit>
	<unit id="u-1.30">
		<unit id="u-1.30.1">Modern architecture at its best is to be found in the works of Alvar Aalto, such as the Academic </unit>
		<unit id="u-1.30.2">Bookstore and Finlandia Hall.</unit>
	</unit>
	<unit id="u-1.31">These are just a few of Helsinki's architectural nuggets.</unit>
	<unit id="u-1.32">Suomenlinna, the sea fortress built some 250 years ago on the islands off the coast of Helsinki, is one of the city's greatest treasures and only 15 minutes by ferry from the Market Square.</unit>
	<unit id="u-1.33">Its museums, restaurants, cafes and parks will make you want to delay your return until the very last ferry.</unit>
	<unit id="u-1.34">Suomenlinna is one of the items on the UNESCO World Heritage List.</unit>
	<unit id="u-1.35">If you could travel back in time, it would be interesting to arrive in Helsinki a few centuries ago.</unit>
	<unit id="u-1.36">Helsinki was founded by King Gustav Vasa of Sweden in 1550 - Finland at the time was a part of the Swedish empire - to compete with the more southernly located port of Tallinn.</unit>
	<unit id="u-1.37" alt="Photo: Litography of the Esplanade in 1890"/>
	<unit id="u-1.37-m">The Esplanade of Runeberg, litography, published by Weilin &amp; Göös, 1890.</unit>
	<unit id="u-1.38">In 1809, Finland was annexed to Russia as an autonomous Grand Duchy, and in 1812 this sleepy little town of some four thousand inhabitants became the country's new capital.</unit>
	<unit id="u-1.39">From this time and from the decades of busy construction following, the modern centre of the city was formed.</unit>
	<unit id="u-1.40">In the beginning of the 20th century Helsinki had already over 100,000 inhabitants.</unit>
	<unit id="u-1.41">
		<unit id="u-1.41.1">In 1917 Finland achieved its </unit>
		<unit id="u-1.41.2">independence with Helsinki the capital of this newly independent country.</unit>
	</unit>
	<unit id="u-1.42" alt="Photo: Esplanade in early 20th century"/>
	<unit id="u-1.42-m">Foto: Eugen Hoffers, early 20th century, Helsinki City Museum</unit>
	<unit id="u-1.43">Helsinki has been the most of many notable international events.</unit>
	<unit id="u-1.44">The Helsinki Olympics of 1952 marked an important restoring of international goodwill following the war.</unit>
	<unit id="u-1.45">The conference for Security and Co-operation in Europe (CSCE) held in Helsinki in 1975 was a landmark meeting in bringing the east and west closer together.</unit>
	<unit id="u-1.46">Since the Helsinki has hosted many important summit meetings.</unit>
	<unit id="u-1.47">In December 1999 the city will be the venue for the summing during the Finnish EU presidency.</unit>
	<unit id="u-1.48">
		<unit id="u-1.48.1">450</unit>
		<unit id="u-1.48.2">Helsinki</unit>
	</unit>
	<unit id="u-1.49">1550 - 2000</unit>
	<unit id="u-1.50" alt="Illustration: Coat of Arms"/>
	<unit id="u-1.51">Helsinki</unit>
	<unit id="u-1.52" alt="Photo: Railway Station tower"/>
	<unit id="u-1.53" alt="Photo: The Olympic Stadium tower"/>
	<unit id="u-1.54" alt="Photo: Kiasma"/>
	<unit id="u-1.55">Helsinki celebrates its 450th anniversary in the year 2000 - the year in which it will also be assuming the title of European City of Culture, along with Avignon, Bergen, Bologna, Brussels, Cracow, Prague, Reykjavik and Santiago de Compostela.</unit>
	<unit id="u-1.56" alt="Logo: Helsinki 450"/>
	<unit id="u-1.57">2000.hel.fi</unit>
	<unit id="u-1.58">Helsinki</unit>
	<unit id="u-1.59">European City of Culture</unit>
	<unit id="u-1.60"><unit id="u-1.60.1">450 </unit><unit id="u-1.60.2">Helsinki</unit></unit>
	<unit id="u-1.61" alt="Photo: Cathedral and Market Square"/>
	<unit id="u-1.62">Cover foto: Eugen Hoffers, appr. 1866, Helsinki City Museum</unit>
	<unit id="u-1.63">
		<unit id="u-1.63.1">Y</unit>ou will find the Tourist Office in the city centre, just beside the Market Square.</unit>
	<unit id="u-1.64">We offer you brochures and maps of Helsinki, information on forthcoming events and the range of programmes available, in addition to useful advice.</unit>
	<unit id="u-1.65">You can also obtain information from us through the Internet or contact us by e-mail.</unit>
	<unit id="u-1.66">We look forward to hearing from you!</unit>
	<unit id="u-1.67">Helsinki City Tourist Office</unit>
	<unit id="u-1.68">Pohjoisesplanadi 19</unit>
	<unit id="u-1.69">FIN-00100 Helsinki</unit>
	<unit id="u-1.70">www.hel.fi</unit>
	<unit id="u-1.71">tourist.info@hel.fi</unit>
	<unit id="u-1.72">tel. 169 3757</unit>
	<unit id="u-1.73">fax 169 3839</unit>
	<unit id="u-1.74">
		<unit id="u-1.74.1">T</unit>he Helsinki City Tourist Office is at your service at the following times during the winter season: Mon-Fri 9-17, Sat 9-15, and in summer (2.5.-30.9) Mon-Fri 9-19 and Sat-Sun 9-15.</unit>
	<unit id="u-1.75">
		<unit id="u-1.75.1">T</unit>he TourExpert sales desk on the premises of the Tourist Office is a very convenient service, enabling you to reserve a hotel room and buy tickets for sightseeing tours and many kinds of entertainment events as well as for flights and train and bus trips within Finland.</unit>
	<unit id="u-2.01" alt="Map: Downtown Helsinki"/>
	<unit id="u-2.02">CITY MAP</unit>
	<unit id="u-2.03">Find your way about in Helsinki</unit>
	<unit id="u-2.04" alt="Logo: Z-CARD"/>
	<unit id="u-2.05">Z-CARD(tm) PocketMedia(tm) (Z-Industries Ltd:lle on myönnetty lupa tavaramerkin käyttöön.).</unit>
	<unit id="u-2.06">Näille tuotteille ja niihin liittyville koneille ja valmistusmenetelmille on anottu ja myönnetty eurooppalaisia ja maailmanlaajuisia patentteja.</unit>
	<unit id="u-2.07">Tuotteisiin sovelletaan tekijänoikeuksia, tavaramerkkejä ja muita aineettomia oikeuksia koskevia määräyksiä.</unit>
	<unit id="u-2.08">Suomalainen patentti nro 94912.</unit>
	<unit id="u-2.09">(c) 1999 Z Industries Ltd.</unit>
	<unit id="u-2.10">Lisensoitu valmistaja Z-CARD(tm) EUROPE.</unit>
	<unit id="u-2.11">Puh. + 44(0)171 924 5147.</unit>
	<unit id="u-2.12">Fax. + 44(0)171 924 5149</unit>
	<unit id="u-2.13">Internet: www.zcard.com</unit>
	<unit id="u-2.14">Markkinointi Suomessa: Z-CARD(tm) Finland, puh. 09 682 2033.</unit>
	<unit id="u-2.15">fax 09 682 2104.</unit>
	<unit id="u-2.16">No 013611/24</unit>
	<unit id="u-2.17">1. Helsinki City Tourist Office</unit>
	<unit id="u-2.18">2. Finnish Tourist Board</unit>
	<unit id="u-2.19">3. West Terminal</unit>
	<unit id="u-2.20">4. Olympia Terminal</unit>
	<unit id="u-2.21">5. Katajanokka Terminal</unit>
	<unit id="u-2.22">6. Kanava Terminal</unit>
	<unit id="u-2.23">7. Suomenlinna Sea Fortress</unit>
	<unit id="u-2.24">8. Museum of Applied Arts</unit>
	<unit id="u-2.25">9. Old Market Hall</unit>
	<unit id="u-2.26">10. Market Square</unit>
	<unit id="u-2.27">11. Uspensky Cathedral</unit>
	<unit id="u-2.28">12. City Hall</unit>
	<unit id="u-2.29">13. City Museum</unit>
	<unit id="u-2.30">14. Senate Square</unit>
	<unit id="u-2.31">15. University</unit>
	<unit id="u-2.32">16. Museum of Foreign Art</unit>
	<unit id="u-2.33">17. Lasipalatsi building</unit>
	<unit id="u-2.34">18. Ateneum</unit>
	<unit id="u-2.35">19. National Theatre</unit>
	<unit id="u-2.36">20. Railway Station</unit>
	<unit id="u-2.37">21. Air Terminal</unit>
	<unit id="u-2.38">22. Kiasma</unit>
	<unit id="u-2.39">23. Bus Station</unit>
	<unit id="u-2.40">24. Tennispalatsi Building</unit>
	<unit id="u-2.41">25. Temppeliaukio Church</unit>
	<unit id="u-2.42">26. National Museum</unit>
	<unit id="u-2.43">27. City Museum</unit>
	<unit id="u-2.44">28. Finlandia Hall</unit>
	<unit id="u-2.45">29. Hakaniemi Market</unit>
	<unit id="u-2.46">30. City Theatre</unit>
	<unit id="u-2.47">31. National Opera</unit>
	<unit id="u-2.48">32. Sibelius Monument</unit>
	<unit id="u-2.49">33. Olympic Stadium</unit>
	<unit id="u-2.50">34. Linnanmäki Amusement Park</unit>
	<unit id="u-2.51">35. Indoor Icerink</unit>
	<unit id="u-2.52">36. Hansa Terminal</unit>
	<unit id="u-2.53">37. Helsinki Fair Centre</unit>
	<unit id="u-2.54">38. Hartwall Areena</unit>
	<unit id="u-2.55">39. Helsinki Zoo</unit>
</gemBase>
