<?xml version="1.0" encoding="UTF-8"?>

<gemLayout>
	<segmentation>
		<layout-unit id="lay-1.02" xref="u-1.01">H E L S I N K I</layout-unit>
		<layout-unit id="lay-1.03" xref="u-1.02">1 5 5 0 - 2 0 0 0</layout-unit>
		<layout-unit id="lay-1.04" xref="u-1.03" alt="Photo: Market Square and the Cathedral"/>
		<layout-unit id="lay-1.05" xref="u-1.04" alt="Photo: Esplanade"/>
		<layout-unit id="lay-1.06" xref="u-1.05" alt="Photo: Parliament"/>
		<layout-unit id="lay-1.07" xref="u-1.06">Helsinki 450</layout-unit>
		<layout-unit id="lay-1.08" xref="u-1.07">City of Helsinki</layout-unit>
		<layout-unit id="lay-1.09" xref="u-1.08">• 1550 founded by Gustav Vasa, King of Sweden</layout-unit>
		<layout-unit id="lay-1.10" xref="u-1.09">• 1812 became the capital of Finland, a Grand Duchy of the Russian Empire</layout-unit>
		<layout-unit id="lay-1.11" xref="u-1.10">• 1917 gained independence and became the capital of The Independent Republic of Finland</layout-unit>
		<layout-unit id="lay-1.12" xref="u-1.11">• 540,000 inhabitants, 7 % of whom are Swedish-speaking</layout-unit>
		<layout-unit id="lay-1.13" xref="u-1.12">• Total area of 686km2:</layout-unit>
		<layout-unit id="lay-1.14" xref="u-1.13"> • land area 185km2 • sea area 501 km2</layout-unit>
		<layout-unit id="lay-1.15" xref="u-1.14"> • shoreline 98 km • 315 islands</layout-unit>
		<layout-unit id="lay-1.16" xref="u-1.15">• 300,000 jobs</layout-unit>
		<layout-unit id="lay-1.17" xref="u-1.16"> • 85% in service sector</layout-unit>
		<layout-unit id="lay-1.18" xref="u-1.17">• Helsinki Region: 1,2 million inhabitants</layout-unit>
		<layout-unit id="lay-1.19" xref="u-1.18" alt="Photo: Suomenlinna"/>
		<layout-unit id="lay-1.20" xref="u-1.19" alt="Photo: Harbour and a sailing ship"/>
		<layout-unit id="lay-1.21" xref="u-1.20 u-1.21 u-1.22">
			<layout-unit id="lay-1.21.1" xref="u-1.20.1">a</layout-unit> city surrounded by the sea and islands, Helsinki is also a synthesis of nature and culture.</layout-unit>
		<layout-unit id="lay-1.22" xref="u-1.23" alt="Illustration: Litography of the Senate Square in 1838"/>
		<layout-unit id="lay-1.23" xref="u-1.23-m">Senate Square, litography, published by Tengström, 1838.</layout-unit>
		<layout-unit id="lay-1.24" xref="u-1.24 u-1.25">Helsinki's distinct character comes from its being the meeting point of many contrasts; east and west, technology and nature, old and new.</layout-unit>
		<layout-unit id="lay-1.25" xref="u-1.26 u-1.27 u-1.28 u-1.29 u-1.30.1">On many of the city's street corners one could easily imagine oneself to be in old St. Petersburg.</layout-unit>
		<layout-unit id="lay-1.26" xref="u-1.30.2 u-1.31">These are just a few of Helsinki's architectural nuggets.</layout-unit>
		<layout-unit id="lay-1.27" xref="u-1.32 u-1.33 u-1.34">Suomenlinna, the sea fortress built some 250 years ago on the islands off the coast of Helsinki, is one of the city's greatest treasures and only 15 minutes by ferry from the Market Square.</layout-unit>
		<layout-unit id="lay-1.28" xref="u-1.35 u-1.36">If you could travel back in time, it would be interesting to arrive in Helsinki a few centuries ago.</layout-unit>
		<layout-unit id="lay-1.29" xref="u-1.37" alt="Illustration: Litography of the Esplanade in 1890"/>
		<layout-unit id="lay-1.30" xref="u-1.37-m">The Esplanade of Runeberg, litography, published by Weilin &amp; Göös, 1890.</layout-unit>
		<layout-unit id="lay-1.31" xref="u-1.38 u-1.39 u-1.40 u-1.41.1">In 1809, Finland was annexed to Russia as an autonomous Grand Duchy, and in 1812 this sleepy little town of some four thousand inhabitants became the country's new capital.</layout-unit>
		<layout-unit id="lay-1.31-m" xref="u-1.41.2"/>
		<layout-unit id="lay-1.32" xref="u-1.42" alt="Photo: Esplanade in early 20th century"/>
		<layout-unit id="lay-1.33" xref="u-1.42-m">Foto: Eugen Hoffers, early 20th century, Helsinki City Museum</layout-unit>
		<layout-unit id="lay-1.34" xref="u-1.43 u-1.44 u-1.45 u-1.46 u-1.47">Helsinki has been the most of many notable international events.</layout-unit>
		<layout-unit id="lay-1.35" xref="u-1.48">
			<layout-unit id="lay-1.35.1" xref="u-1.48.1">450</layout-unit>
			<layout-unit id="lay-1.35.2" xref="u-1.48.2">Helsinki</layout-unit>
		</layout-unit>
		<layout-unit id="lay-1.36" xref="u-1.49">1550 - 2000</layout-unit>
		<layout-unit id="lay-1.37" xref="u-1.50" alt="Illustration: Coat of Arms"/>
		<layout-unit id="lay-1.38" xref="u-1.51">Helsinki</layout-unit>
		<layout-unit id="lay-1.39" xref="u-1.52" alt="Photo: Railway Station tower"/>
		<layout-unit id="lay-1.40" xref="u-1.53" alt="Photo: The Olympic Stadium tower"/>
		<layout-unit id="lay-1.41" xref="u-1.54" alt="Photo: Kiasma"/>
		<layout-unit id="lay-1.42" xref="u-1.55">Helsinki celebrates its 450th anniversary in the year 2000 - the year in which it will also be assuming the title of European City of Culture, along with Avignon, Bergen, Bologna, Brussels, Cracow, Prague, Reykjavik and Santiago de Compostela.</layout-unit>
		<layout-unit id="lay-1.43" xref="u-1.56" alt="Logo: Helsinki 450"/>
		<layout-unit id="lay-1.44" xref="u-1.57">2000.hel.fi</layout-unit>
		<layout-unit id="lay-1.45" xref="u-1.58">Helsinki</layout-unit>
		<layout-unit id="lay-1.46" xref="u-1.59">European City of Culture</layout-unit>
		<layout-unit id="lay-1.47" xref="u-1.60">450 Helsinki
			<layout-unit id="lay-1.47.1" xref="u-1.60.1">450</layout-unit>
			<layout-unit id="lay-1.47.2" xref="u-1.60.2">Helsinki</layout-unit>
		</layout-unit>
		<layout-unit id="lay-1.48" xref="u-1.61" alt="Photograph: Cathedral and Market Square"/>
		<layout-unit id="lay-1.49" xref="u-1.62">Cover foto: Eugen Hoffers, appr. 1866, Helsinki City Museum</layout-unit>
		<layout-unit id="lay-1.50" xref="u-1.63 u-1.64 u-1.65 u-1.66">
			<layout-unit id="lay-1.50.1" xref="u-1.63.1">Y</layout-unit>ou will find the Tourist Office in the city centre, just beside the Market Square.</layout-unit>
		<layout-unit id="lay-1.51" xref="u-1.67">Helsinki City Tourist Office</layout-unit>
		<layout-unit id="lay-1.52" xref="u-1.68 u-1.69 u-1.70 u-1.71 u-1.72 u-1.73">Pohjoisesplanadi 19</layout-unit>
		<layout-unit id="lay-1.53" xref="u-1.74">
			<layout-unit id="lay-1.53.1" xref="u-1.74.1">T</layout-unit>he Helsinki City Tourist Office is at your service at the following times during the winter season: Mon-Fri 9-17, Sat 9-15, and in summer (2.5.-30.9) Mon-Fri 9-19 and Sat-Sun 9-15.</layout-unit>
		<layout-unit id="lay-1.54" xref="u-1.75">
			<layout-unit id="lay-1.54.1" xref="u-1.75.1">T</layout-unit>he TourExpert sales desk on the premises of the Tourist Office is a very convenient service, enabling you to reserve a hotel room and buy tickets for sightseeing tours and many kinds of entertainment events as well as for flights and train and bus trips within Finland.</layout-unit>
		<layout-unit id="lay-2.01-m" xref="u-2.01" alt="Map: Downtown Helsinki"/>
		<layout-unit id="lay-2.01" xref="u-2.02">CITY MAP</layout-unit>
		<layout-unit id="lay-2.02" xref="u-2.03">Find your way about in Helsinki</layout-unit>
		<layout-unit id="lay-2.03" xref="u-2.04" alt="Logo: Z-CARD"/>
		<layout-unit id="lay-2.04" xref="u-2.05 u-2.06 u-2.07 u-2.08 u-2.09 u-2.10 u-2.11 u-2.12 u-2.13">Z-CARD(tm) PocketMedia(tm) (Z-Industries Ltd:lle on myönnetty lupa tavaramerkin käyttöön.).</layout-unit>
		<layout-unit id="lay-2.05" xref="u-2.14 u-2.15 u-2.16">Markkinointi Suomessa: Z-CARD(tm) Finland, puh. 09 682 2033.</layout-unit>
		<layout-unit id="lay-2.06" xref="u-2.17">1. Helsinki City Tourist Office</layout-unit>
		<layout-unit id="lay-2.07" xref="u-2.18">2. Finnish Tourist Board</layout-unit>
		<layout-unit id="lay-2.08" xref="u-2.19">3. West Terminal</layout-unit>
		<layout-unit id="lay-2.09" xref="u-2.20">4. Olympia Terminal</layout-unit>
		<layout-unit id="lay-2.10" xref="u-2.21">5. Katajanokka Terminal</layout-unit>
		<layout-unit id="lay-2.11" xref="u-2.22">6. Kanava Terminal</layout-unit>
		<layout-unit id="lay-2.12" xref="u-2.23">7. Suomenlinna Sea Fortress</layout-unit>
		<layout-unit id="lay-2.13" xref="u-2.24">8. Museum of Applied Arts</layout-unit>
		<layout-unit id="lay-2.14" xref="u-2.25">9. Old Market Hall</layout-unit>
		<layout-unit id="lay-2.15" xref="u-2.26">10. Market Square</layout-unit>
		<layout-unit id="lay-2.16" xref="u-2.27">11. Uspensky Cathedral</layout-unit>
		<layout-unit id="lay-2.17" xref="u-2.28">12. City Hall</layout-unit>
		<layout-unit id="lay-2.18" xref="u-2.29">13. City Museum</layout-unit>
		<layout-unit id="lay-2.19" xref="u-2.30">14. Senate Square</layout-unit>
		<layout-unit id="lay-2.20" xref="u-2.31">15. University</layout-unit>
		<layout-unit id="lay-2.21" xref="u-2.32">16. Museum of Foreign Art</layout-unit>
		<layout-unit id="lay-2.22" xref="u-2.33">17. Lasipalatsi building</layout-unit>
		<layout-unit id="lay-2.23" xref="u-2.34">18. Ateneum</layout-unit>
		<layout-unit id="lay-2.24" xref="u-2.35">19. National Theatre</layout-unit>
		<layout-unit id="lay-2.25" xref="u-2.36">20. Railway Station</layout-unit>
		<layout-unit id="lay-2.26" xref="u-2.37">21. Air Terminal</layout-unit>
		<layout-unit id="lay-2.27" xref="u-2.38">22. Kiasma</layout-unit>
		<layout-unit id="lay-2.28" xref="u-2.39">23. Bus Station</layout-unit>
		<layout-unit id="lay-2.29" xref="u-2.40">24. Tennispalatsi Building</layout-unit>
		<layout-unit id="lay-2.30" xref="u-2.41">25. Temppeliaukio Church</layout-unit>
		<layout-unit id="lay-2.31" xref="u-2.42">26. National Museum</layout-unit>
		<layout-unit id="lay-2.32" xref="u-2.43">27. City Museum</layout-unit>
		<layout-unit id="lay-2.33" xref="u-2.44">28. Finlandia Hall</layout-unit>
		<layout-unit id="lay-2.34" xref="u-2.45">29. Hakaniemi Market</layout-unit>
		<layout-unit id="lay-2.35" xref="u-2.46">30. City Theatre</layout-unit>
		<layout-unit id="lay-2.36" xref="u-2.47">31. National Opera</layout-unit>
		<layout-unit id="lay-2.37" xref="u-2.48">32. Sibelius Monument</layout-unit>
		<layout-unit id="lay-2.38" xref="u-2.49">33. Olympic Stadium</layout-unit>
		<layout-unit id="lay-2.39" xref="u-2.50">34. Linnanmäki Amusement Park</layout-unit>
		<layout-unit id="lay-2.40" xref="u-2.51">35. Indoor Icerink</layout-unit>
		<layout-unit id="lay-2.41" xref="u-2.52">36. Hansa Terminal</layout-unit>
		<layout-unit id="lay-2.42" xref="u-2.53">37. Helsinki Fair Centre</layout-unit>
		<layout-unit id="lay-2.43" xref="u-2.54">38. Hartwall Areena</layout-unit>
		<layout-unit id="lay-2.44" xref="u-2.55">39. Helsinki Zoo</layout-unit>
	</segmentation>
	<area-model>
		<area-root id="h45-2000-a-side-1" cols="10" rows="1" hspacing="1 15 1 15 2 15 1 33 2 15" vspacing="100" width="292mm" height="233mm">
			<sub-area id="side-a-1-b" location="col-2" cols="1" rows="5" hspacing="100" vspacing="11 15 28 12 34" width="45mm" height="233mm"/>
			<sub-area id="side-a-1-c" location="col-4" cols="1" rows="2" hspacing="100" vspacing="11 89" width="45mm" height="233mm"/>
			<sub-area id="side-a-1-d" location="col-6" cols="1" rows="2" hspacing="100" vspacing="36 64" width="43mm" height="233mm"/>
			<sub-area id="side-a-1-e" location="col-8" cols="1" rows="6" hspacing="100" vspacing="6 7 13 2 10 62" width="97mm" height="233mm">
				<sub-area id="side-a-1-e-1" location="row-3" cols="3" rows="1" hspacing="33 34 33" vspacing="100" width="97mm" height="31mm"/>
				<sub-area id="side-a-1-e-2" location="row-5" cols="2" rows="1" hspacing="67 33" vspacing="100" width="97mm" height="24mm"/>
				<sub-area id="side-a-1-e-3" location="row-6" cols="3" rows="1" hspacing="47 5 48" vspacing="100" height="145mm" width="97mm">
					<sub-area id="side-a-1-e-3-b" location="col-3" cols="1" rows="2" hspacing="100" vspacing="74 26" height="145mm" width="46mm"/>
				</sub-area>
			</sub-area>
			<sub-area id="side-a-1-f" location="col-10" cols="1" rows="4" hspacing="100" vspacing="37 2 3 58" width="42mm" height="233mm"/>
		</area-root>
		<area-root id="h45-2000-a-side-2" cols="1" rows="2" hspacing="100" vspacing="87 13" width="233mm" height="292mm">
			<sub-area id="side-a-2-b" location="row-2" cols="9" rows="1" hspacing="1 6 3 18 18 18 18 13 5" vspacing="100" width="233mm" height="33mm"/>
		</area-root>
	</area-model>
	<layout-structure>
		<layout-root id="h45-2000-l-side-1" orientation="landscape">
			<layout-chunk id="side-1-cover-front" location="row-5" area-ref="side-a-1-b">
				<layout-leaf xref="lay-1.02" location="row-5" area-ref="side-a-1-b" vindent="10mm" direction="up"/>
				<layout-leaf xref="lay-1.03" location="row-5" area-ref="side-a-1-b" direction="up"/>
				<layout-leaf xref="lay-1.04" location="row-5" area-ref="side-a-1-b" direction="up"/>
			</layout-chunk>
			<layout-chunk id="side-1-facts" location="row-3" area-ref="side-a-1-b">
				<layout-leaf xref="lay-1.08" location="row-3" area-ref="side-a-1-b" valign="left" halign="top"/>
				<layout-chunk id="side-1-facts-list" location="row-3" area-ref="side-a-1-b">
					<layout-leaf xref="lay-1.09" location="row-3" area-ref="side-a-1-b" vindent="2mm" valign="left"/>
					<layout-leaf xref="lay-1.10" location="row-3" area-ref="side-a-1-b" vindent="2mm" valign="left"/>
					<layout-leaf xref="lay-1.11" location="row-3" area-ref="side-a-1-b" vindent="2mm" valign="left"/>
					<layout-leaf xref="lay-1.12" location="row-3" area-ref="side-a-1-b" vindent="2mm" valign="left"/>
					<layout-leaf xref="lay-1.13" location="row-3" area-ref="side-a-1-b" vindent="2mm" valign="left"/>
					<layout-leaf xref="lay-1.14" location="row-3" area-ref="side-a-1-b" vindent="2mm" valign="left"/>
					<layout-leaf xref="lay-1.15" location="row-3" area-ref="side-a-1-b" vindent="2mm" valign="left"/>
					<layout-leaf xref="lay-1.16" location="row-3" area-ref="side-a-1-b" vindent="2mm" valign="left"/>
					<layout-leaf xref="lay-1.17" location="row-3" area-ref="side-a-1-b" vindent="2mm" valign="left"/>
					<layout-leaf xref="lay-1.18" location="row-3" area-ref="side-a-1-b" vindent="2mm" valign="left"/>
				</layout-chunk>
				<layout-leaf xref="lay-1.05" location="row-2" area-ref="side-a-1-b" halign="top"/>
				<layout-leaf xref="lay-1.06" location="row-2" area-ref="side-a-1-c" halign="top"/>
				<layout-leaf xref="lay-1.07" location="row-2" area-ref="side-a-1-c" halign="center" valign="center" direction="up"/>
				<layout-leaf xref="lay-1.19" location="row-5" area-ref="side-a-1-b" halign="top"/>
			</layout-chunk>
			<layout-chunk id="side-1-header-and-text" location="multi" area-ref="h45-2000-a-side-1">
				<layout-chunk id="side-1-header" location="multi" area-ref="side-a-1-e">
					<layout-leaf xref="lay-1.38" location="row-2" area-ref="side-a-1-e" valign="left" halign="top" vindent="3mm"/>
					<layout-chunk id="side-1-header-photography" location="multi" area-ref="side-a-1-e-1">
						<layout-leaf xref="lay-1.39" location="col-1" area-ref="side-a-1-e-1"/>
						<layout-leaf xref="lay-1.40" location="col-2" area-ref="side-a-1-e-1"/>
						<layout-leaf xref="lay-1.41" location="col-3" area-ref="side-a-1-e-1"/>
					</layout-chunk>
					<layout-leaf xref="lay-1.42" location="col-1" area-ref="side-a-1-e-2" valign="left" halign="top"/>
					<layout-chunk id="side-1-header-logo" location="col-2" area-ref="side-a-1-e-2">
						<layout-leaf xref="lay-1.43" location="col-2" area-ref="side-a-1-e-2" valign="left" halign="top"/>
						<layout-leaf xref="lay-1.44" location="col-2" area-ref="side-a-1-e-2" vindent="3mm"/>
						<layout-leaf xref="lay-1.45" location="col-2" area-ref="side-a-1-e-2" vindent="3mm"/>
						<layout-leaf xref="lay-1.46" location="col-2" area-ref="side-a-1-e-2" vindent="3mm"/>
					</layout-chunk>
				</layout-chunk>
				<layout-chunk id="side-1-text" location="multi" area-ref="h45-2000-a-side-1">
					<layout-chunk id="side-1-text-column-1" location="multi" area-ref="side-a-1-d">
						<layout-leaf xref="lay-1.20" location="row-1" area-ref="side-a-1-d"/>
						<layout-leaf xref="lay-1.21" location="row-2" area-ref="side-a-1-d" valign="left" halign="top" flow-around="lay-1.21.1"/>
						<layout-chunk id="column-1-photo" location="row-2" area-ref="side-a-1-d">
							<layout-leaf xref="lay-1.22" location="row-2" area-ref="side-a-1-d"/>
							<layout-leaf xref="lay-1.23" location="row-2" area-ref="side-a-1-d" valign="left"/>
						</layout-chunk>
						<layout-leaf xref="lay-1.24" location="row-1" area-ref="side-a-1-d" hindent="5mm" vindent="2mm"/>
						<layout-leaf xref="lay-1.25" location="row-1" area-ref="side-a-1-d" hindent="5mm" vindent="2mm"/>
					</layout-chunk>
					<layout-chunk id="side-1-text-column-2" location="col-1" area-ref="side-a-1-e-3">
						<layout-leaf xref="lay-1.26" location="col-1" area-ref="side-a-1-e-3"/>
						<layout-leaf xref="lay-1.27" location="col-1" area-ref="side-a-1-e-3" hindent="5mm" vindent="2mm"/>
						<layout-leaf xref="lay-1.28" location="col-1" area-ref="side-a-1-e-3" hindent="5mm" vindent="2mm"/>
						<layout-chunk id="column-2-photo" location="col-1" area-ref="side-a-1-e-3">
							<layout-leaf xref="lay-1.29" location="col-1" area-ref="side-a-1-e-3"/>
							<layout-leaf xref="lay-1.30" location="col-1" area-ref="side-a-1-e-3" valign="left"/>
						</layout-chunk>
						<layout-leaf xref="lay-1.31" location="col-1" area-ref="side-a-1-e-3" hindent="5mm" vindent="2mm"/>
					</layout-chunk>
					<layout-chunk id="side-1-text-column-3" location="row-1" area-ref="side-a-1-e-3-b">
						<layout-chunk id="column-3-photo" location="row-1" area-ref="side-a-1-e-3-b">
							<layout-leaf xref="lay-1.32" location="row-1" area-ref="side-a-1-e-3-b"/>
							<layout-leaf xref="lay-1.33" location="row-1" area-ref="side-a-1-e-3-b" valign="left"/>
						</layout-chunk>
						<layout-leaf xref="lay-1.31-m" location="row-1" area-ref="side-a-1-e-3-b" vindent="2mm"/>
						<layout-leaf xref="lay-1.34" location="row-1" area-ref="side-a-1-e-3-b" hindent="5mm" vindent="2mm"/>
						<layout-chunk id="column-3-logo" location="row-2" area-ref="side-a-1-e-3-b">
							<layout-leaf xref="lay-1.35" location="row-2" area-ref="side-a-1-e-3-b" valign="left"/>
							<layout-leaf xref="lay-1.36" location="row-2" area-ref="side-a-1-e-3-b" valign="left" vindent="22mm"/>
							<layout-leaf xref="lay-1.37" location="row-2" area-ref="side-a-1-e-3-b" valign="center"/>
						</layout-chunk>
					</layout-chunk>
				</layout-chunk>
			</layout-chunk>
			<layout-chunk id="side-1-cover-back" location="multi" area-ref="side-a-1-f">
				<layout-chunk id="cover-back" location="multi" area-ref="side-a-1-f">
					<layout-leaf xref="lay-1.47" location="row-1" valign="left" halign="top" direction="up"/>
					<layout-leaf xref="lay-1.48" location="row-1" area-ref="side-a-1-f"/>
					<layout-leaf xref="lay-1.49" location="row-3" valign="right" halign="top"/>
				</layout-chunk>
				<layout-chunk id="side-1-tourist-info" location="row-4" area-ref="side-a-1-f">
					<layout-leaf xref="lay-1.50" location="row-4" area-ref="side-a-1-f"/>
					<layout-chunk id="contact-info" location="row-4" area-ref="side-a-1-f">
						<layout-leaf xref="lay-1.51" location="row-4" area-ref="side-a-1-f" vindent="5mm"/>
						<layout-leaf xref="lay-1.52" location="row-4" area-ref="side-a-1-f" vindent="2mm"/>
					</layout-chunk>
					<layout-leaf xref="lay-1.53" location="row-4" area-ref="side-a-1-f" vindent="5mm"/>
					<layout-leaf xref="lay-1.54" location="row-4" area-ref="side-a-1-f" vindent="5mm"/>
				</layout-chunk>
			</layout-chunk>
		</layout-root>
		<layout-root id="h45-2000-l-side-2" orientation="portrait">
			<layout-chunk id="side-2-map" location="row-1" area-ref="h45-2000-a-side-2">
				<layout-leaf xref="lay-2.01-m" location="row-1" area-ref="h45-2000-a-side-2"/>
				<layout-leaf xref="lay-2.01" location="row-1" valign="center" halign="bottom"/>
				<layout-leaf xref="lay-2.02" location="row-1" valign="center" halign="bottom"/>
			</layout-chunk>
			<layout-chunk id="media-info" location="col-2" area-ref="side-a-2-b">
				<layout-leaf xref="lay-2.03" location="col-2" direction="down"/>
				<layout-leaf xref="lay-2.04" location="col-2" direction="down" flow-around="lay-2.03"/>
				<layout-leaf xref="lay-2.05" location="col-2" direction="down"/>
			</layout-chunk>
			<layout-chunk id="side-2-map-legend" location="multi" area-ref="side-a-2-b">
				<layout-chunk id="legend-column-1" location="col-4" area-ref="side-a-2-b">
					<layout-leaf xref="lay-2.06" location="col-4" area-ref="side-a-2-b"/>
					<layout-leaf xref="lay-2.07" location="col-4" area-ref="side-a-2-b"/>
					<layout-leaf xref="lay-2.08" location="col-4" area-ref="side-a-2-b"/>
					<layout-leaf xref="lay-2.09" location="col-4" area-ref="side-a-2-b"/>
					<layout-leaf xref="lay-2.10" location="col-4" area-ref="side-a-2-b"/>
					<layout-leaf xref="lay-2.11" location="col-4" area-ref="side-a-2-b"/>
					<layout-leaf xref="lay-2.12" location="col-4" area-ref="side-a-2-b"/>
					<layout-leaf xref="lay-2.13" location="col-4" area-ref="side-a-2-b"/>
				</layout-chunk>
				<layout-chunk id="legend-column-2" location="col-5" area-ref="side-a-2-b">
					<layout-leaf xref="lay-2.14" location="col-5" area-ref="side-a-2-b"/>
					<layout-leaf xref="lay-2.15" location="col-5" area-ref="side-a-2-b"/>
					<layout-leaf xref="lay-2.16" location="col-5" area-ref="side-a-2-b"/>
					<layout-leaf xref="lay-2.17" location="col-5" area-ref="side-a-2-b"/>
					<layout-leaf xref="lay-2.18" location="col-5" area-ref="side-a-2-b"/>
					<layout-leaf xref="lay-2.19" location="col-5" area-ref="side-a-2-b"/>
					<layout-leaf xref="lay-2.20" location="col-5" area-ref="side-a-2-b"/>
					<layout-leaf xref="lay-2.21" location="col-5" area-ref="side-a-2-b"/>
				</layout-chunk>
				<layout-chunk id="legend-column-3" location="col-6" area-ref="side-a-2-b">
					<layout-leaf xref="lay-2.22" location="col-6" area-ref="side-a-2-b"/>
					<layout-leaf xref="lay-2.23" location="col-6" area-ref="side-a-2-b"/>
					<layout-leaf xref="lay-2.24" location="col-6" area-ref="side-a-2-b"/>
					<layout-leaf xref="lay-2.25" location="col-6" area-ref="side-a-2-b"/>
					<layout-leaf xref="lay-2.26" location="col-6" area-ref="side-a-2-b"/>
					<layout-leaf xref="lay-2.27" location="col-6" area-ref="side-a-2-b"/>
					<layout-leaf xref="lay-2.28" location="col-6" area-ref="side-a-2-b"/>
					<layout-leaf xref="lay-2.29" location="col-6" area-ref="side-a-2-b"/>
				</layout-chunk>
				<layout-chunk id="legend-column-4" location="col-7" area-ref="side-a-2-b">
					<layout-leaf xref="lay-2.30" location="col-7" area-ref="side-a-2-b"/>
					<layout-leaf xref="lay-2.31" location="col-7" area-ref="side-a-2-b"/>
					<layout-leaf xref="lay-2.32" location="col-7" area-ref="side-a-2-b"/>
					<layout-leaf xref="lay-2.33" location="col-7" area-ref="side-a-2-b"/>
					<layout-leaf xref="lay-2.34" location="col-7" area-ref="side-a-2-b"/>
					<layout-leaf xref="lay-2.35" location="col-7" area-ref="side-a-2-b"/>
					<layout-leaf xref="lay-2.36" location="col-7" area-ref="side-a-2-b"/>
					<layout-leaf xref="lay-2.37" location="col-7" area-ref="side-a-2-b"/>
				</layout-chunk>
				<layout-chunk id="legend-column-5" location="col-8" area-ref="side-a-2-b">
					<layout-leaf xref="lay-2.38" location="col-8" area-ref="side-a-2-b"/>
					<layout-leaf xref="lay-2.39" location="col-8" area-ref="side-a-2-b"/>
					<layout-leaf xref="lay-2.40" location="col-8" area-ref="side-a-2-b"/>
					<layout-leaf xref="lay-2.41" location="col-8" area-ref="side-a-2-b"/>
					<layout-leaf xref="lay-2.42" location="col-8" area-ref="side-a-2-b"/>
					<layout-leaf xref="lay-2.43" location="col-8" area-ref="side-a-2-b"/>
					<layout-leaf xref="lay-2.44" location="col-8" area-ref="side-a-2-b"/>
				</layout-chunk>
			</layout-chunk>
		</layout-root>
	</layout-structure>
	<realization>
		<graphics xref="lay-1.04" type="photo" colors="mixed" width="81mm" height="52mm"/>
		<graphics xref="lay-1.05" type="photo" colors="mixed" width="45mm" height="29mm"/>
		<graphics xref="lay-1.06" type="photo" colors="mixed" width="45mm" height="29mm"/>
		<graphics xref="lay-1.19" type="photo" colors="mixed" width="45mm" height="21mm"/>
		<graphics xref="lay-1.20" type="photo" colors="mixed" width="42mm" height="78mm"/>
		<graphics xref="lay-1.22" type="illustration" colors="mixed" width="45mm" height="31mm"/>
		<graphics xref="lay-1.29" type="illustration" colors="mixed" width="45mm" height="31mm"/>
		<graphics xref="lay-1.32" type="photo" colors="mixed" width="45mm" height="31mm"/>
		<graphics xref="lay-1.37" type="illustration" colors="mixed" height="8mm" width="5mm"/>
		<graphics xref="lay-1.39" type="photo" colors="mixed" width="30mm" height="30mm"/>
		<graphics xref="lay-1.40" type="photo" colors="mixed" width="30mm" height="30mm"/>
		<graphics xref="lay-1.41" type="photo" colors="mixed" width="30mm" height="30mm"/>
		<graphics xref="lay-1.43" type="illustration" colors="mixed" height="12mm" width="12mm"/>
		<graphics xref="lay-1.48" type="photo" colors="mixed" width="52mm" height="81mm"/>
		<text xref="lay-1.02" font-family="sans-serif" font-size="11" font-style="normal" font-weight="normal" case="caps" color="white" background-color="blue"/>
		<text xref="lay-1.03" font-family="sans-serif" font-size="11" font-style="normal" font-weight="normal" case="caps" color="white" shadow-color="blue" shadow-style="solid" shadow="bottom-right"/>
		<text xref="lay-1.07" font-family="sans-serif" font-size="47" font-style="normal" font-weight="bold" case="mixed" color="white" shadow-color="grey" shadow-style="solid" shadow="top-left"/>
		<text xref="lay-1.08" font-family="sans-serif" font-size="6" font-style="normal" font-weight="bold" case="mixed" color="black"/>
		<text xref="lay-1.09 lay-1.10 lay-1.11 lay-1.12 lay-1.13 lay-1.14 lay-1.15 lay-1.16 lay-1.17 lay-1.18" font-family="sans-serif" font-size="4" font-style="normal" font-weight="normal" case="mixed" color="black"/>
		<hi-text xref="lay-1.21.1" context="lay-1.21" font-family="serif" font-size="36" font-style="normal" font-weight="normal" case="smalls" color="grey"/>
		<text xref="lay-1.21 lay-1.24 lay-1.25 lay-1.26 lay-1.27 lay-1.28 lay-1.31 lay-1.31-m lay-1.34" font-family="serif" font-size="4" font-style="normal" font-weight="normal" case="mixed" color="black"/>
		<text xref="lay-1.23 lay-1.30 lay-1.33 lay-1.49" font-family="serif" font-size="2" font-style="italic" font-weight="normal" case="mixed" color="black"/>
		<hi-text xref="lay-1.35.1" context="lay-1.35" font-family="sans-serif" font-size="12" font-style="italic" font-weight="normal" case="mixed" color="red"/>
		<hi-text xref="lay-1.35.2" context="lay-1.35" font-family="sans-serif" font-size="7" font-style="italic" font-weight="normal" case="mixed" color="blue"/>
		<text xref="lay-1.36" font-family="sans-serif" font-size="4" font-style="normal" font-weight="normal" case="mixed" color="light-blue"/>
		<text xref="lay-1.38" font-family="sans-serif" font-size="22" font-style="normal" font-weight="normal" case="smallcaps" color="blue"/>
		<text xref="lay-1.42" font-family="sans-serif" font-size="4" font-style="normal" font-weight="bold" case="mixed" color="black"/>
		<text xref="lay-1.44" font-family="sans-serif" font-size="3" font-style="normal" font-weight="normal" case="smalls" color="light-blue"/>
		<text xref="lay-1.45 lay-1.46" font-family="sans-serif" font-size="3" font-style="normal" font-weight="normal" case="smalls" color="light-green"/>
		<hi-text xref="lay-1.47.1" context="lay-1.47" font-family="serif" font-size="14" font-style="italic" font-weight="normal" case="mixed" color="black"/>
		<hi-text xref="lay-1.47.2" context="lay-1.47" font-family="serif" font-size="7" font-style="italic" font-weight="normal" case="mixed" color="black"/>
		<text xref="lay-1.50 lay-1.53 lay-1.54" font-family="sans-serif" font-size="3" font-style="normal" font-weight="normal" case="mixed" color="black"/>
		<hi-text xref="lay-1.50.1" context="lay-1.50" font-family="sans-serif" font-size="10" font-style="normal" font-weight="bold" case="caps" color="black"/>
		<hi-text xref="lay-1.53.1" context="lay-1.53" font-family="sans-serif" font-size="10" font-style="normal" font-weight="bold" case="caps" color="black"/>
		<hi-text xref="lay-1.54.1" context="lay-1.54" font-family="sans-serif" font-size="10" font-style="normal" font-weight="bold" case="caps" color="black"/>
		<text xref="lay-1.51" font-family="sans-serif" font-size="5" font-style="normal" font-weight="bold" case="mixed" color="black"/>
		<text xref="lay-1.52" font-family="sans-serif" font-size="4" font-style="normal" font-weight="bold" case="mixed" color="black"/>
		<graphics xref="lay-2.01-m" type="map" colors="mixed" width="233mm" height="255mm"/>
		<text xref="lay-2.01" font-family="sans-serif" font-size="12" font-style="normal" font-weight="bold" case="caps" color="white"/>
		<text xref="lay-2.02" font-family="sans-serif" font-size="7" font-style="normal" font-weight="bold" case="mixed" color="white"/>
		<graphics xref="lay-2.03" type="illustration" colors="mixed" width="9mm" height="9mm"/>
		<text xref="lay-2.04" font-family="sans-serif" font-size="2" font-style="normal" font-weight="normal" case="mixed" color="black"/>
		<text xref="lay-2.05" font-family="sans-serif" font-size="2" font-style="normal" font-weight="bold" case="mixed" color="black"/>
		<text xref="lay-2.06 lay-2.07  lay-2.08  lay-2.09 lay-2.10 lay-2.11 lay-2.12 lay-2.13 lay-2.14 lay-2.15 lay-2.16 lay-2.17 lay-2.18 lay-2.19 lay-2.20 lay-2.21 lay-2.22 lay-2.23 lay-2.24 lay-2.25 lay-2.26 lay-2.27 lay-2.28 lay-2.29 lay-2.30 lay-2.31 lay-2.32 lay-2.33 lay-2.34 lay-2.35 lay-2.36 lay-2.37 lay-2.38 lay-2.39 lay-2.40 lay-2.41 lay-2.42 lay-2.43  lay-2.44" font-family="serif" font-size="4" font-style="normal" font-weight="normal" case="mixed" color="black"/>
	</realization>
</gemLayout>
