<?xml version="1.0" encoding="UTF-8"?>

<gemNav>
	<pointer id="p-1.01" type="cross-reference" from="s-1.60" to="" range="www">
		<content xref="u-1.57"/>
		<address xref="" address-precision="start-only"/>
	</pointer>
	<pointer id="p-1.02" type="cross-reference" from="s-1.73" to="" range="www">
		<content xref="u-1.70"/>
		<address xref="" address-precision="start-only"/>
	</pointer>
	<pointer id="p-1.03" type="cross-reference" from="s-1.74" to="" range="www">
		<content xref="u-1.71"/>
		<address xref="" address-precision="start-only"/>
	</pointer>
	<pointer id="p-1.04" type="cross-reference" from="s-1.75" to="" range="phone">
		<content xref="u-1.72"/>
		<address xref="" address-precision="start-only"/>
	</pointer>
	<pointer id="p-1.05" type="cross-reference" from="s-1.76" to="" range="phone">
		<content xref="u-1.73"/>
		<address xref="" address-precision="start-only"/>
	</pointer>
	<entry id="e-2.01" xref="s-2.01"/>
	<pointer id="p-2.01" type="cross-reference" from="s-2.04" to="e-2.01" range="in-view">
		<content xref="u-2.17"/>
		<address xref="e-2.01" address-precision="start-end"/>
	</pointer>
	<pointer id="p-2.02" type="cross-reference" from="s-2.05" to="e-2.01" range="in-view">
		<content xref="u-2.18"/>
		<address xref="e-2.01" address-precision="start-end"/>
	</pointer>
	<pointer id="p-2.03" type="cross-reference" from="s-2.06" to="e-2.01" range="in-view">
		<content xref="u-2.19"/>
		<address xref="e-2.01" address-precision="start-end"/>
	</pointer>
	<pointer id="p-2.04" type="cross-reference" from="s-2.07" to="e-2.01" range="in-view">
		<content xref="u-2.20"/>
		<address xref="e-2.01" address-precision="start-end"/>
	</pointer>
	<pointer id="p-2.05" type="cross-reference" from="s-2.08" to="e-2.01" range="in-view">
		<content xref="u-2.21"/>
		<address xref="e-2.01" address-precision="start-end"/>
	</pointer>
	<pointer id="p-2.06" type="cross-reference" from="s-2.09" to="e-2.01" range="in-view">
		<content xref="u-2.22"/>
		<address xref="e-2.01" address-precision="start-end"/>
	</pointer>
	<pointer id="p-2.07" type="cross-reference" from="s-2.10" to="e-2.01" range="in-view">
		<content xref="u-2.23"/>
		<address xref="e-2.01" address-precision="start-end"/>
	</pointer>
	<pointer id="p-2.08" type="cross-reference" from="s-2.11" to="e-2.01" range="in-view">
		<content xref="u-2.24"/>
		<address xref="e-2.01" address-precision="start-end"/>
	</pointer>
	<pointer id="p-2.09" type="cross-reference" from="s-2.12" to="e-2.01" range="in-view">
		<content xref="u-2.25"/>
		<address xref="e-2.01" address-precision="start-end"/>
	</pointer>
	<pointer id="p-2.10" type="cross-reference" from="s-2.13" to="e-2.01" range="in-view">
		<content xref="u-2.26"/>
		<address xref="e-2.01" address-precision="start-end"/>
	</pointer>
	<pointer id="p-2.11" type="cross-reference" from="s-2.14" to="e-2.01" range="in-view">
		<content xref="u-2.27"/>
		<address xref="e-2.01" address-precision="start-end"/>
	</pointer>
	<pointer id="p-2.12" type="cross-reference" from="s-2.15" to="e-2.01" range="in-view">
		<content xref="u-2.28"/>
		<address xref="e-2.01" address-precision="start-end"/>
	</pointer>
	<pointer id="p-2.13" type="cross-reference" from="s-2.16" to="e-2.01" range="in-view">
		<content xref="u-2.29"/>
		<address xref="e-2.01" address-precision="start-end"/>
	</pointer>
	<pointer id="p-2.14" type="cross-reference" from="s-2.17" to="e-2.01" range="in-view">
		<content xref="u-2.30"/>
		<address xref="e-2.01" address-precision="start-end"/>
	</pointer>
	<pointer id="p-2.15" type="cross-reference" from="s-2.18" to="e-2.01" range="in-view">
		<content xref="u-2.31"/>
		<address xref="e-2.01" address-precision="start-end"/>
	</pointer>
	<pointer id="p-2.16" type="cross-reference" from="s-2.19" to="e-2.01" range="in-view">
		<content xref="u-2.32"/>
		<address xref="e-2.01" address-precision="start-end"/>
	</pointer>
	<pointer id="p-2.17" type="cross-reference" from="s-2.20" to="e-2.01" range="in-view">
		<content xref="u-2.33"/>
		<address xref="e-2.01" address-precision="start-end"/>
	</pointer>
	<pointer id="p-2.18" type="cross-reference" from="s-2.21" to="e-2.01" range="in-view">
		<content xref="u-2.34"/>
		<address xref="e-2.01" address-precision="start-end"/>
	</pointer>
	<pointer id="p-2.19" type="cross-reference" from="s-2.22" to="e-2.01" range="in-view">
		<content xref="u-2.35"/>
		<address xref="e-2.01" address-precision="start-end"/>
	</pointer>
	<pointer id="p-2.20" type="cross-reference" from="s-2.23" to="e-2.01" range="in-view">
		<content xref="u-2.36"/>
		<address xref="e-2.01" address-precision="start-end"/>
	</pointer>
	<pointer id="p-2.21" type="cross-reference" from="s-2.24" to="e-2.01" range="in-view">
		<content xref="u-2.37"/>
		<address xref="e-2.01" address-precision="start-end"/>
	</pointer>
	<pointer id="p-2.22" type="cross-reference" from="s-2.25" to="e-2.01" range="in-view">
		<content xref="u-2.38"/>
		<address xref="e-2.01" address-precision="start-end"/>
	</pointer>
	<pointer id="p-2.23" type="cross-reference" from="s-2.26" to="e-2.01" range="in-view">
		<content xref="u-2.39"/>
		<address xref="e-2.01" address-precision="start-end"/>
	</pointer>
	<pointer id="p-2.24" type="cross-reference" from="s-2.27" to="e-2.01" range="in-view">
		<content xref="u-2.40"/>
		<address xref="e-2.01" address-precision="start-end"/>
	</pointer>
	<pointer id="p-2.25" type="cross-reference" from="s-2.28" to="e-2.01" range="in-view">
		<content xref="u-2.41"/>
		<address xref="e-2.01" address-precision="start-end"/>
	</pointer>
	<pointer id="p-2.26" type="cross-reference" from="s-2.29" to="e-2.01" range="in-view">
		<content xref="u-2.42"/>
		<address xref="e-2.01" address-precision="start-end"/>
	</pointer>
	<pointer id="p-2.27" type="cross-reference" from="s-2.30" to="e-2.01" range="in-view">
		<content xref="u-2.43"/>
		<address xref="e-2.01" address-precision="start-end"/>
	</pointer>
	<pointer id="p-2.28" type="cross-reference" from="s-2.31" to="e-2.01" range="in-view">
		<content xref="u-2.44"/>
		<address xref="e-2.01" address-precision="start-end"/>
	</pointer>
	<pointer id="p-2.29" type="cross-reference" from="s-2.32" to="e-2.01" range="in-view">
		<content xref="u-2.45"/>
		<address xref="e-2.01" address-precision="start-end"/>
	</pointer>
	<pointer id="p-2.30" type="cross-reference" from="s-2.33" to="e-2.01" range="in-view">
		<content xref="u-2.46"/>
		<address xref="e-2.01" address-precision="start-end"/>
	</pointer>
	<pointer id="p-2.31" type="cross-reference" from="s-2.34" to="e-2.01" range="in-view">
		<content xref="u-2.47"/>
		<address xref="e-2.01" address-precision="start-end"/>
	</pointer>
	<pointer id="p-2.32" type="cross-reference" from="s-2.35" to="e-2.01" range="in-view">
		<content xref="u-2.48"/>
		<address xref="e-2.01" address-precision="start-end"/>
	</pointer>
	<pointer id="p-2.33" type="cross-reference" from="s-2.36" to="e-2.01" range="in-view">
		<content xref="u-2.49"/>
		<address xref="e-2.01" address-precision="start-end"/>
	</pointer>
	<pointer id="p-2.34" type="cross-reference" from="s-2.37" to="e-2.01" range="in-view">
		<content xref="u-2.50"/>
		<address xref="e-2.01" address-precision="start-end"/>
	</pointer>
	<pointer id="p-2.35" type="cross-reference" from="s-2.38" to="e-2.01" range="in-view">
		<content xref="u-2.51"/>
		<address xref="e-2.01" address-precision="start-end"/>
	</pointer>
	<pointer id="p-2.36" type="cross-reference" from="s-2.39" to="e-2.01" range="in-view">
		<content xref="u-2.52"/>
		<address xref="e-2.01" address-precision="start-end"/>
	</pointer>
	<pointer id="p-2.37" type="cross-reference" from="s-2.40" to="e-2.01" range="in-view">
		<content xref="u-2.53"/>
		<address xref="e-2.01" address-precision="start-end"/>
	</pointer>
	<pointer id="p-2.38" type="cross-reference" from="s-2.41" to="e-2.01" range="in-view">
		<content xref="u-2.54"/>
		<address xref="e-2.01" address-precision="start-end"/>
	</pointer>
	<pointer id="p-2.39" type="cross-reference" from="s-2.42" to="e-2.01" range="in-view">
		<content xref="u-2.55"/>
		<address xref="e-2.01" address-precision="start-end"/>
	</pointer>
</gemNav>
