<?xml version="1.0" encoding="UTF-8"?>

<gemRst>
	<segmentation>
		<segment id="s-1.01" xref="u-1.03">Architecture and natural environment: full of nuances</segment>
		<segment id="s-1.02" xref="u-1.04">Suomenlinna's delicate natural environment offers an exciting counterpoint to the rugged fortifications.</segment>
		<segment id="s-1.03" xref="u-1.05">The parks beckon one to linger, the sea laps at the cliffs of the shore, and rare plants flourish in the pure sea air.</segment>
		<segment id="s-1.04" xref="u-1.06">In the winter, the snow, ice and quiet give the fortress a fairy-tale atmosphere.</segment>
		<segment id="s-1.05" xref="u-1.07">Throughout the year, from the greenness of summer to the peace of winter, the islands are alive.</segment>
		<segment id="s-1.06" xref="u-1.08">Suomenlinna is an excellent place for outings and recreation in all four seasons.</segment>
		<segment id="s-1.07" xref="u-1.09" alt="Photo: View from Jetty barracks"/>
		<segment id="s-1.08" xref="u-1.10">For those interested in architecture, Suomenlinna is a unique, historically genuine place to visit.</segment>
		<segment id="s-1.09" xref="u-1.11">Six kilometres long, its walls are a masterpiece of 18th century fortification technology.</segment>
		<segment id="s-1.10" xref="u-1.12">The buildings represent varied stylistic orientations and construction traditions.</segment>
		<segment id="s-1.11" xref="u-1.13">The pink Jetty Barracks, the best-known building from Suomenlinna's Russian period, greet the traveller arriving at the fortress.</segment>
		<segment id="s-1.12" xref="u-1.14">The barracks were built between 1868 and 1870.</segment>
		<segment id="s-1.13" xref="u-1.15">From the vault of the Jetty Barracks, the view opens on an area of wooden houses, the preserved portion of the Russian era's wooden mercantile district.</segment>
		<segment id="s-1.14" xref="u-1.16">Across the street stands Suomenlinna's church, completed in 1854 as the Russians' Orthodox garrison church.</segment>
		<segment id="s-1.15" xref="u-1.17">At that time the building had the traditional onion domes and five towers.</segment>
		<segment id="s-1.16" xref="u-1.18">The outward appearance of the building, which dominates Helsinki's southern horizon, was modified when it became a Lutheran church in the 1920s, after Finland became independent.</segment>
		<segment id="s-1.17" xref="u-1.22">Suomenlinna's dry dock is Europe's oldest operating dry dock.</segment>
		<segment id="s-1.18" xref="u-1.23">The Governing Body of Suomenlinna assumed control of the facility in 1985.</segment>
		<segment id="s-1.19" xref="u-1.24">The Governing Body leases it to the Suomenlinna Dry Dock Association, which has made it into a functioning centre for the restoration of traditional boats.</segment>
		<segment id="s-1.20" xref="u-1.25">The building which dominates Pikku-Mustasaari Island, and today serves as the Naval College, was designed by C.L. Engel, and was constructed between 1821 and 1829.</segment>
		<segment id="s-1.21" xref="u-1.26">The building long served as an infirmary.</segment>
		<segment id="s-1.22" xref="u-1.27">Next to it, a second infirmary building was erected in 1844.</segment>
		<segment id="s-1.23" xref="u-1.28" alt="Photo: Suomenlinna church"/>
		<segment id="s-1.24" xref="u-1.29" alt="Photo: Children and a cannon"/>
		<segment id="s-1.25" xref="u-1.30" alt="Photo: Earthworks"/>
	</segmentation>
	<rst-structure>
		<span id="span-1.01" nucleus="s-1.01" satellites="span-1.02 span-1.05 span-1.09 span-1.12 span-1.14" relation="elaboration"/>
		
		<span id="span-1.02" nucleus="s-1.02" satellites="s-1.03" relation="motivation"/>
		<span id="span-1.03" nucleus="s-1.02" satellites="s-1.04 span-1.04" relation="elaboration"/>
		<span id="span-1.04" nucleus="s-1.05" satellites="s-1.06" relation="evaluation"/>
		
		<span id="span-1.05" nucleus="s-1.09" satellites="s-1.08" relation="motivation"/>
		<span id="span-1.06" nucleus="s-1.09" satellites="span-1.07" relation="elaboration"/>
		<span id="span-1.07" nucleus="s-1.10" satellites="span-1.08" relation="elaboration"/>
		<span id="span-1.08" nucleus="s-1.11" satellites="s-1.12" relation="elaboration"/>
		
		<span id="span-1.09" nucleus="s-1.13" satellites="span-1.10" relation="elaboration"/>
		<span id="span-1.10" nucleus="s-1.14" satellites="span-1.11" relation="elaboration"/>
		<span id="span-1.11" nucleus="s-1.15" satellites="s-1.16" relation="means"/>
		
		<span id="span-1.12" nucleus="s-1.17" satellites="span-1.13" relation="elaboration"/>
		<span id="span-1.13" nucleus="s-1.18" satellites="s-1.19" relation="volitional-result"/>
		<span id="span-1.14" nucleus="s-1.20" satellites="span-1.15" relation="elaboration"/>
		<span id="span-1.15" nucleus="s-1.21" satellites="s-1.22" relation="elaboration"/>
		
		<multi-span id="span-1.17" nuclei="s-1.07 s-1.23 s-1.24 s-1.01 s-1.25" relation="restatement"/>
	</rst-structure>
</gemRst>
