<?xml version="1.0" encoding="UTF-8"?>

<gemBase>
	<unit id="u-10.01" alt="Photo: Esplanade"/>
	<unit id="u-10.02">Summer oases</unit>
	<unit id="u-10.03" alt="Logo: Sense Helsinki"/>
	<unit id="u-10.04">Parks and gardens</unit>
	<unit id="u-10.05">Helsinki has dozens of parks and green areas which cover about 5,000 hectares in all.</unit>
	<unit id="u-10.06">Visitors can walk around Töölö Bay or down by the sea in Kaivopuisto, for example.</unit>
	<unit id="u-10.07">Esplanade Park</unit>
	<unit id="u-10.08">The Esplanade is full of life in the summer and is a favourite spot among tourists and locals alike.</unit>
	<unit id="u-10.09">On warm summer days the park is full of people who enjoy its green urban environment.</unit>
	<unit id="u-10.10"><unit id="u-10.10.1">The Esplanade bandstand</unit> has plenty of programme in the summer, including jazz, blues, folk music and rock.</unit>
	<unit id="u-10.11">Jazz concerts in July are especially popular.</unit>
	<unit id="u-10.11-m" alt="Photo: The Esplanade bandstand"/>
	<unit id="u-10.12">Performances are generally at 4.30pm Monday through Thursday and 10.30am on Saturdays.</unit>
	<unit id="u-10.13">Additional programme is also offered around lunchtime on weekdays.</unit>
	<unit id="u-10.14">The streets on both sides of the Esplanade are full of design shops and pleasant cafes and restaurants with terraces.</unit>
	<unit id="u-10.15" alt="Illustration: Section identifier and page number">Summer oases 21</unit>
</gemBase>


