<?xml version="1.0" encoding="UTF-8"?>

<gemRst>
	<segmentation>
		<segment id="s-10.01" xref="u-10.01" alt="Photo: Esplanade"/>
		<segment id="s-10.02" xref="u-10.02">Summer oases</segment>
		<segment id="s-10.03" xref="u-10.03" alt="Logo: Sense Helsinki"/>
		<segment id="s-10.04" xref="u-10.04">Parks and gardens</segment>
		<segment id="s-10.05" xref="u-10.05">Helsinki has dozens of parks and green areas which cover about 5,000 hectares in all.</segment>
		<segment id="s-10.06" xref="u-10.06">Visitors can walk around Töölö Bay or down by the sea in Kaivopuisto, for example.</segment>
		<segment id="s-10.07" xref="u-10.07">Esplanade Park</segment>
		<segment id="s-10.08" xref="u-10.08">The Esplanade is full of life in the summer and is a favourite spot among tourists and locals alike.</segment>
		<segment id="s-10.09" xref="u-10.09">On warm summer days the park is full of people who enjoy its green urban environment.</segment>
		<segment id="s-10.10" xref="u-10.10">The Esplanade bandstand has plenty of programme in the summer, including jazz, blues, folk music and rock.</segment>
		<segment id="s-10.11" xref="u-10.11">Jazz concerts in July are especially popular.</segment>
		<segment id="s-10.11-m" xref="u-10.11-m" alt="Photo: The Esplanade bandstand"/>
		<segment id="s-10.12" xref="u-10.12">Performances are generally at 4.30pm Monday through Thursday and 10.30am on Saturdays.</segment>
		<segment id="s-10.13" xref="u-10.13">Additional programme is also offered around lunchtime on weekdays.</segment>
		<segment id="s-10.14" xref="u-10.14">The streets on both sides of the Esplanade are full of design shops and pleasant cafes and restaurants with terraces.</segment>
	</segmentation>
	<rst-structure>
		<multi-span id="span-10.01" nuclei="s-10.02 s-10.03" relation="joint"/>
		<span id="span-10.02" nucleus="s-10.04" satellites="span-10.03" relation="elaboration">
			<title xref="span-10.01"/>
		</span>
		<span id="span-10.03" nucleus="s-10.05" satellites="s-10.06" relation="elaboration"/>
		<span id="span-10.04" nucleus="span-10.02" satellites="s-10.08" relation="preparation"><title xref="s-10.07"/></span>
		<multi-span id="span-10.05" nuclei="s-10.01 s-10.07 s-10.11-m" relation="restatement"/>
		<span id="span-10.06" nucleus="s-10.08" satellites="span-10.07 s-10.14" relation="elaboration"/>
		<multi-span id="span-10.07" nuclei="s-10.09 s-10.10 span-10.08" relation="joint"/>
		<span id="span-10.08" nucleus="s-10.11" satellites="s-10.12 s-10.13" relation="elaboration"/>
	</rst-structure>
</gemRst>
