<?xml version="1.0" encoding="UTF-8"?>

<gemLayout>
	<segmentation>
		<layout-unit id="lay-10.01" xref="u-10.01" alt="Photo: Esplanade"/>
		<layout-unit id="lay-10.02" xref="u-10.02">Summer oases</layout-unit>
		<layout-unit id="lay-10.03" xref="u-10.03" alt="Logo: Sense Helsinki"/>
		<layout-unit id="lay-10.04" xref="u-10.04">Parks and gardens</layout-unit>
		<layout-unit id="lay-10.05" xref="u-10.05 u-10.06">Helsinki has dozens of parks and green areas which cover about 5,000 hectares in all.</layout-unit>
		<layout-unit id="lay-10.06" xref="u-10.07">Esplanade Park</layout-unit>
		<layout-unit id="lay-10.07" xref="u-10.08 u-10.09 u-10.10 u-10.11 u-10.12 u-10.13">
			<layout-unit id="lay-10.07.1" xref="u-10.10.1">The Esplanade bandstand</layout-unit>
		</layout-unit>
		<layout-unit id="lay-10.07-m" xref="u-10.11-m" alt="Photo: The Esplanade bandstand"/>
		<layout-unit id="lay-10.08" xref="u-10.14">The streets on both sides of the Esplanade are full of design shops and pleasant cafes and restaurants with terraces.</layout-unit>
		<layout-unit id="lay-10.09" xref="u-10.15" alt="Graphic: Section identifier and page number">Summer oases 21</layout-unit>
	</segmentation>
	<area-model>
		<area-root id="she-2002-a-pages-10-11" cols="4" rows="1" hspacing="50 8 40 2" vspacing="100" width="208mm" height="142mm">
			<sub-area id="page-a-10" location="col-1" cols="1" rows="1" hspacing="100" vspacing="100"/>
			<sub-area id="page-a-11" location="col-3" cols="1" rows="6" hspacing="100" vspacing="24 7 13 40 10 6" width="85mm" height="142mm">
				<sub-area id="page-a-11-b" location="row-1" cols="3" rows="1" hspacing="32 40 28" vspacing="100" height="34mm" width="85mm"/>
				<sub-area id="page-a-11-b-1" location="col-1" cols="1" rows="2" hspacing="100" vspacing="35 65" height="34mm" width="28mm"/>
			</sub-area>
		</area-root>
	</area-model>
	<layout-structure>
		<layout-root id="she-2002-l-pages-10-11" orientation="landscape">
			<layout-chunk id="page-10" location="col-1" area-ref="she-2002-a-pages-10-11">
				<layout-leaf xref="lay-10.01" location="col-1" area-ref="she-2002-a-pages-10-11"/>
			</layout-chunk>
			<layout-chunk id="page-11" location="col-3" area-ref="she-2002-a-pages-10-11">
				<layout-chunk id="chapter-title" location="multi" area-ref="page-a-11-b">
					<layout-leaf xref="lay-10.02" location="row-2" area-ref="page-a-11-b-1" halign="top"/>
					<layout-leaf xref="lay-10.03" location="col-3" area-ref="page-a-11-b"/>
				</layout-chunk>
				<layout-chunk id="section-title-and-description" location="multi" area-ref="page-a-11">
					<layout-leaf xref="lay-10.04" location="row-3" area-ref="page-a-11" valign="left" halign="top"/>
					<layout-leaf xref="lay-10.05" location="row-3" area-ref="page-a-11"/>
					<layout-chunk id="page-11-entry-1" location="row-4" area-ref="page-a-11">
						<layout-leaf xref="lay-10.06" location="row-4" area-ref="page-a-11" valign="left" halign="top"/>
						<layout-leaf xref="lay-10.07" location="row-4" area-ref="page-a-11" valign="left" flow-around="lay-10.07-m"/>
						<layout-leaf xref="lay-10.07-m" location="row-4" area-ref="page-a-11" valign="right" halign="top" hindent="3mm" vindent="5mm"/>
						<layout-leaf xref="lay-10.08" location="row-4" area-ref="page-a-11" vindent="3mm" valign="left"/>
					</layout-chunk>
				</layout-chunk>
				<layout-leaf xref="lay-10.09" location="row-6" halign="top" valign="right"/>
			</layout-chunk>
		</layout-root>
	</layout-structure>
	<realization>
		<graphics xref="lay-10.01" type="photo" colors="mixed" width="142mm" height="142mm"/>
		<text xref="lay-10.02" font-family="sans-serif" font-size="8" font-style="normal" font-weight="bold" case="mixed" color="black"/>
		<graphics xref="lay-10.03" type="illustration" colors="mixed" width="23mm" height="33mm"/>
		<text xref="lay-10.04" font-family="sans-serif" font-size="6" font-style="normal" font-weight="bold" case="mixed" color="grey"/>
		<text xref="lay-10.05 lay-10.07 lay-10.08" font-family="sans-serif" font-size="5" font-style="normal" font-weight="normal" case="mixed" color="black"/>
		<text xref="lay-10.06 lay-10.07.1" font-family="sans-serif" font-size="5" font-style="normal" font-weight="bold" case="mixed" color="black"/>
		<graphics xref="lay-10.07-m" type="photo" colors="mixed" width="40mm" height="27mm"/>
		<graphics xref="lay-10.09" type="illustration" colors="mixed" width="23mm" height="4mm"/>
	</realization>
</gemLayout>
