<?xml version="1.0" encoding="UTF-8"?>

<gemLayout>
	<segmentation>
		<layout-unit id="lay-4.01" xref="u-4.01" alt="Illustration: Orange box (left)"/>
		<layout-unit id="lay-4.02" xref="u-4.02">UNTIL 6.1.2004 WINTER CIRCUS</layout-unit>
		<layout-unit id="lay-4.03" xref="u-4.03 u-4.04">This year's Winter Circus celebrates the tenth anniversary of the Dance Theatre Hurjaruuth.</layout-unit>
		<layout-unit id="lay-4.04" xref="u-4.05 u-4.06 u-4.07 u-4.08">Dance Theatre Hurjaruuth, Cable Factory, Tallberginkatu 1, performance times vary</layout-unit>
		<layout-unit id="lay-4.05" xref="u-4.09" alt="Photo: Clown"/>
		<layout-unit id="lay-4.06" xref="u-4.10">6</layout-unit>
		<layout-unit id="lay-4.07" xref="u-4.11">EVENTS IN THE CITY</layout-unit>
		<layout-unit id="lay-4.08" xref="u-4.12" alt="Logo: Hot Helsinki Team"/>
		<layout-unit id="lay-4.09" xref="u-4.13" alt="Photo: Dancer"/>
		<layout-unit id="lay-4.10" xref="u-4.14" alt="Illustration: Orange box (right)"/>
		<layout-unit id="lay-4.11" xref="u-4.15">UNTIL 15.1.2004 FORCES OF LIGHT</layout-unit>
		<layout-unit id="lay-4.12" xref="u-4.16 u-4.17 u-4.18 u-4.19 u-4.20">This annual winter event takes place throughout the city centre and sees light and fire used to create works of art and spectacles during the darkest time of the year.</layout-unit>
		<layout-unit id="lay-4.13" xref="u-4.21">City centre and Suomenlinna</layout-unit>
		<layout-unit id="lay-4.14" xref="u-4.22" alt="Logo: Hot Helsinki Team"/>
		<layout-unit id="lay-4.15" xref="u-4.23">EVENTS IN THE CITY</layout-unit>
		<layout-unit id="lay-4.16" xref="u-4.24">7</layout-unit>
	</segmentation>
	<realization>
		<chunk xref="whe-2003-l-pages-5-6" background-color="#BDCEDE"/>
		<graphics xref="lay-4.01 lay-4.10" type="two-d-element" two-d-element-type="square" colors="#D44206" width="3mm" height="19mm"/>
		<graphics xref="lay-4.05" type="photo" colors="mixed" width="80mm" height="80mm"/>
		<graphics xref="lay-4.09" type="photo" colors="mixed" width="80mm" height="80mm"/>
		<graphics xref="lay-4.08" type="illustration" colors="blue" width="28mm" height="4mm"/>
		<graphics xref="lay-4.14" type="illustration" colors="blue" width="28mm" height="4mm"/>
		<text xref="lay-4.06 lay-4.16" font-family="sans-serif" font-size="5" font-style="normal" font-weight="normal" case="mixed" color="blue"/>
		<text xref="lay-4.07 lay-4.15" font-family="sans-serif" font-size="3" font-style="normal" font-weight="normal" case="caps" color="black"/>
		<text xref="lay-4.02 lay-4.11" font-family="sans-serif" font-size="5" font-style="normal" font-weight="bold" case="caps" color="black"/>
		<text xref="lay-4.03 lay-4.12 lay-4.04 lay-4.13" font-family="sans-serif" font-size="4" font-style="normal" font-weight="normal" case="mixed" color="black"/>
	</realization>
	<layout-structure>
		<layout-root id="whe-2003-l-pages-5-6" orientation="landscape">
			<layout-chunk id="page-5" location="multi" area-ref="whe-2003-a-pages-5-6">
				<layout-leaf xref="lay-4.01" location="row-2" area-ref="page-a-5-margin"/>
				<layout-chunk id="page-5-entry-1" location="multi" area-ref="page-a-5">
					<layout-leaf xref="lay-4.02" location="row-1" area-ref="page-a-5-b-1" valign="left" halign="top"/>
					<layout-chunk id="page-5-entry-1-text" location="multi" area-ref="page-a-5-b">
						<layout-leaf xref="lay-4.03" location="row-1" area-ref="page-a-5-b-1" valign="left"/>
						<layout-leaf xref="lay-4.04" location="col-2" area-ref="page-a-5-b-2" valign="left"/>
					</layout-chunk>
					<layout-leaf xref="lay-4.05" location="row-2" area-ref="page-a-5-c-1"/>
				</layout-chunk>
			<layout-chunk id="page-5-navigation" location="multi" area-ref="page-a-5-d">
				<layout-leaf xref="lay-4.06" location="col-2" area-ref="page-a-5-d"/>
				<layout-leaf xref="lay-4.07" location="col-4" area-ref="page-a-5-d"/>
				<layout-leaf xref="lay-4.08" location="col-6" area-ref="page-a-5-d"/>
			</layout-chunk>
			</layout-chunk>
			<layout-chunk id="page-6" location="multi" area-ref="whe-2003-a-pages-5-6">
				<layout-leaf xref="lay-4.10" location="row-2" area-ref="page-a-6-margin"/>
				<layout-chunk id="page-6-entry-1" location="multi" area-ref="page-a-5">
					<layout-leaf xref="lay-4.09" location="col-1" area-ref="page-a-6-b"/>
					<layout-leaf xref="lay-4.11" location="col-1" area-ref="page-a-6-c-1" valign="left" halign="top"/>
						<layout-chunk id="page-6-entry-1-text" location="multi" area-ref="page-a-6-c">
							<layout-leaf xref="lay-4.12" location="col-1" area-ref="page-a-6-c-1"/>
							<layout-leaf xref="lay-4.13" location="col-2" area-ref="page-a-6-c-2"/>
						</layout-chunk>
				</layout-chunk>
				<layout-chunk id="page-6-navigation" location="multi" area-ref="page-a-6-d">
					<layout-leaf xref="lay-4.14" location="col-1" area-ref="page-a-6-d"/>
					<layout-leaf xref="lay-4.15" location="col-3" area-ref="page-a-6-d"/>
					<layout-leaf xref="lay-4.16" location="col-5" area-ref="page-a-6-d"/>
				</layout-chunk>
			</layout-chunk>
		</layout-root>
	</layout-structure>
	<area-model>
		<!--
		<area-root id="whe-2003-a-cover" cols="1" rows="3" hspacing="100" vspacing="5 60 35" width="208mm" height="142mm">
			<sub-area id="page-a-cover-b" location="row-1" cols="2" rows="1" hspacing="76 24" vspacing="100" width="208mm" height="7mm"/>
			<sub-area id="page-a-cover-c" location="row-3" cols="3" rows="1" hspacing="6 48 46" vspacing="100" width="208mm" height="49mm">
				<sub-area id="page-a-cover-c-1" location="col-2" cols="1" rows="3" hspacing="100" vspacing="22 10 68" width="100mm" height="49mm">
					<sub-area id="page-a-cover-c-1-b" location="row-3" cols="3" rows="1" hspacing="14 59 27" vspacing="100" width="100mm" height="33mm">
						<sub-area id="page-a-cover-c-1-c" location="col-1" cols="1" rows="2" hspacing="100" vspacing="27 73" height="33mm" width="14mm"/>
						<sub-area id="page-a-cover-c-1-d" location="col-2" cols="1" rows="4" hspacing="100" vspacing="6 20 54 20" height="33mm" width="59mm"/>
					</sub-area>
				</sub-area>
				<sub-area id="page-a-cover-c-2" location="col-3" cols="1" rows="3" hspacing="100" vspacing="16 16 68" width="96mm" height="49mm">
					<sub-area id="page-a-cover-c-2-b" location="row-3" cols="2" rows="1" hspacing="70 30" vspacing="100" height="33mm" width="96mm">
						<sub-area id="page-a-cover-c-2-c" location="col-2" cols="1" rows="3" hspacing="100" vspacing="33 21 46" height="33mm" width="28mm"/>
					</sub-area>
				</sub-area>
			</sub-area>
		</area-root>
		<area-root id="whe-2003-a-pages-1-2" cols="4" rows="1" hspacing="4 40 6 50" vspacing="100" width="208mm" height="142mm">
			<sub-area id="page-a-1" location="col-2" cols="1" rows="6" hspacing="100" vspacing="2 4 4 50 31 9" width="81mm">
				<sub-area id="page-a-1-b" location="row-5" cols="2" rows="1" hspacing="4 96" vspacing="100" width="81mm" height="45mm">
					<sub-area id="page-a-1-c" location="col-2" cols="1" rows="4" hspacing="100" vspacing="10 13 27 50" width="78mm" height="45mm"/>
				</sub-area>
			</sub-area>
			<sub-area id="page-a-2" location="col-4" cols="1" rows="5" hspacing="100" vspacing="2 11 7 54 26" height="142mm" width="104mm">
				<sub-area id="page-a-2-b" location="row-2" cols="3" rows="1" hspacing="18 64 18" vspacing="100" height="16mm" width="104mm">
					<sub-area id="page-2-b-1" location="col-2" cols="1" rows="2" hspacing="100" vspacing="81 19" width="66mm" height="16mm"/>
				</sub-area>
				<sub-area id="page-a-2-c" location="row-4" cols="3" rows="1" hspacing="13 51 36" vspacing="100" width="104mm" height="37mm">
					<sub-area id="page-a-2-c-1" location="col-2" cols="1" rows="4" hspacing="100" vspacing="18 22 27 33" height="37mm" width="53mm">
						<sub-area id="page-a-2-c-2" location="row-3" cols="3" rows="3" hspacing="21 27 52" vspacing="30 40 30" height="10mm" width="53mm"/>
					</sub-area>
				</sub-area>
			</sub-area>
		</area-root>
		<area-root id="whe-2003-a-pages-3-4" cols="4" rows="1" hspacing="50 6 41 3" vspacing="100" width="208mm" height="142mm">
			<sub-area id="page-a-3" location="col-1" cols="1" rows="2" hspacing="100" vspacing="18 25" height="142mm" width="104mm">
				<sub-area id="page-a-3-b" location="row-2" cols="3" rows="1" hspacing="10 33 57" vspacing="100" height="37mm" width="104mm"/>
			</sub-area>
			<sub-area id="page-a-4" location="col-3" cols="1" rows="14" hspacing="100" vspacing="2 3 7 13 12 3 12 8 4 14 12 3 2 5" height="142mm" width="86mm">
				<sub-area id="page-a-4-b" location="row-2" cols="2" rows="1" hspacing="45 55" vspacing="100" height="5mm" width="86mm"/>
				<sub-area id="page-a-4-c" location="row-5" cols="2" rows="1" hspacing="3 97" vspacing="100" height="17mm" width="86mm"/>
				<sub-area id="page-a-4-d" location="row-8" cols="2" rows="1" hspacing="3 97" vspacing="100" height="13mm" width="86mm"/>
				<sub-area id="page-a-4-e" location="row-11" cols="2" rows="1" hspacing="3 97" vspacing="100" height="17mm" width="86mm"/>
				<sub-area id="page-a-4-f" location="row-13" cols="4" rows="1" hspacing="55 20 16 2 7" vspacing="100" height="2mm" width="86mm"/>
			</sub-area>
			<sub-area id="page-a-4-margin" location="col-4" cols="1" rows="3" hspacing="100" vspacing="2 13 85" height="142mm" width="3mm"/>
		</area-root>
		-->
		<area-root id="whe-2003-a-pages-5-6" cols="5" rows="1" hspacing="2 42 13 41 2" vspacing="100" width="208mm" height="142mm">
			<sub-area id="page-a-5-margin" location="col-1" cols="1" rows="3" hspacing="100" vspacing="2 13 85" width="3mm" height="142mm"/>
			<sub-area id="page-a-5" location="col-2" cols="1" rows="5" hspacing="100" vspacing="3 24 68 3 4" width="87mm" height="142mm">
				<sub-area id="page-a-5-b" location="row-2" cols="3" rows="1" hspacing="9 86 5" vspacing="100" height="34mm" width="87mm">
					<sub-area id="page-a-5-b-1" location="col-2" cols="1" rows="2" hspacing="100" vspacing="50 50" width="75mm" height="34mm">
						<sub-area id="page-a-5-b-2" location="row-2" cols="2" rows="1" hspacing="4 96" vspacing="100" height="17mm" width="75mm"/>
					</sub-area>
				</sub-area>
				<sub-area id="page-a-5-c" location="row-3" cols="2" rows="1" hspacing="7 93" vspacing="100" height="95mm" width="87mm">
					<sub-area id="page-a-5-c-1" location="col-2" cols="1" rows="3" hspacing="100" vspacing="9 83 8" width="81mm" height="95mm"/>
				</sub-area>
				<sub-area id="page-a-5-d" location="row-4" cols="6" rows="1" hspacing="7 2 15 21 22 33" vspacing="100" height="3mm" width="87mm"/>
			</sub-area>
			<sub-area id="page-a-6" location="col-4" cols="1" rows="7" hspacing="100" vspacing="4 56 4 27 5 2 2" width="86mm" height="142mm">
				<sub-area id="page-a-6-b" location="row-2" cols="2" rows="1" hspacing="94 6" vspacing="100" height="80mm" width="86mm"/>
				<sub-area id="page-a-6-c" location="row-4" cols="1" rows="2" hspacing="100" vspacing="95 5" height="37mm" width="86mm">
					<sub-area id="page-a-6-c-1" location="row-1" cols="2" rows="1" hspacing="90 10" vspacing="100" height="35mm" width="86mm"/>
					<sub-area id="page-a-6-c-2" location="row-2" cols="3" rows="1" hspacing="3 33 64" vspacing="100" height="2mm" width="86mm"/>
				</sub-area>
				<sub-area id="page-a-6-d" location="row-6" cols="5" rows="1" hspacing="55 20 16 3 6" vspacing="100" height="3mm" width="86mm"/>
			</sub-area>
			<sub-area id="page-a-6-margin" location="col-5" cols="1" rows="3" hspacing="100" vspacing="2 13 85" width="3mm" height="142mm"/>
		</area-root>
		<!--
		<area-root id="whe-2003-a-pages-7-8" cols="7" rows="1" hspacing="2 3 38 14 38 3 2" vspacing="100" height="142mm" width="208mm">
			<sub-area id="page-a-7-margin" location="col-1" cols="1" rows="3" hspacing="100" vspacing="4 9 87" height="142mm" width="3mm"/>
			<sub-area id="page-a-7" location="col-3" cols="1" rows="12" hspacing="100" vspacing="5 15 17 3 10 9 3 12 12 10 2 2" height="142mm" width="80mm">
				<sub-area id="page-a-7-b" location="row-3" cols="2" rows="1" hspacing="4 96" vspacing="100" height="24mm" width="80mm"/>
				<sub-area id="page-a-7-c" location="row-6" cols="2" rows="1" hspacing="4 96" vspacing="100" height="13mm" width="80mm"/>
				<sub-area id="page-a-7-d" location="row-9" cols="2" rows="1" hspacing="4 96" vspacing="100" height="17mm" width="80mm"/>
				<sub-area id="page-a-7-e" location="row-11" cols="4" rows="1" hspacing="3 16 23 58" vspacing="100" height="2mm" width="80mm"/>
			</sub-area>
			<sub-area id="page-a-8" location="col-5" cols="1" rows="11" hspacing="100" vspacing="5 37 3 25 2 3 7 4 10 2 2" height="142mm" width="80mm">
				<sub-area id="page-a-8-b" location="row-5" cols="2" rows="1" hspacing="4 96" vspacing="100" height="2mm" width="80mm"/>
				<sub-area id="page-a-8-c" location="row-8" cols="2" rows="1" hspacing="4 96" vspacing="100" height="6mm" width="80mm"/>
				<sub-area id="page-a-8-d" location="row-10" cols="4" rows="1" hspacing="58 23 16 3" vspacing="100" height="2mm" width="80mm"/>
			</sub-area>
			<sub-area id="page-a-8-margin" location="col-7" cols="1" rows="3" hspacing="100" vspacing="4 9 87" height="142mm" width="3mm"/>
		</area-root>
		<area-root id="whe-2003-a-pages-9-10" cols="7" rows="1" hspacing="2 3 38 14 38 3 2" vspacing="100" height="142mm" width="208mm">
			<sub-area id="page-a-9-margin" location="col-1" cols="1" rows="3" hspacing="100" vspacing="5 14 81" height="142mm" width="208mm"/>
			<sub-area id="page-a-9" location="col-3" cols="1" rows="17" hspacing="100" vspacing="5 10 7 3 8 7 3 5 7 4 8 3 10 9 7 2 2" height="142mm" width="79mm">
				<sub-area id="page-a-9-b" location="row-3" cols="2" rows="1" hspacing="4 96" vspacing="100" height="10mm" width="79mm"/>
				<sub-area id="page-a-9-c" location="row-6" cols="2" rows="1" hspacing="4 96" vspacing="100" height="10mm" width="79mm"/>
				<sub-area id="page-a-9-d" location="row-9" cols="2" rows="1" hspacing="4 96" vspacing="100" height="10mm" width="79mm"/>
				<sub-area id="page-a-9-e" location="row-14" cols="2" rows="1" hspacing="4 96" vspacing="100" height="10mm" width="79mm"/>
				<sub-area id="page-a-9-f" location="row-16" cols="4" rows="1" hspacing="5 15 23 57" vspacing="100" height="2mm" width="79mm"/>
			</sub-area>
			<sub-area id="page-a-10" location="col-5" cols="1" rows="8" hspacing="100" vspacing="4 60 5 20 2 5 2 2" height="142mm" width="80mm">
				<sub-area id="page-a-10-b" location="row-5" cols="2" rows="1" hspacing="4 96" vspacing="100" height="10mm" width="80mm"/>
				<sub-area id="page-a-10-c" location="row-7" cols="5" rows="1" hspacing="38 21 23 15 3" vspacing="100" height="3mm" width="80mm"/>
			</sub-area>
			<sub-area id="page-a-10-margin" location="col-7" cols="1" rows="3" hspacing="100" vspacing="5 14 81" height="142mm" width="208mm"/>
		</area-root>
		<area-root id="whe-2003-a-pages-11-12" cols="5" rows="1" hspacing="2 3 38 7 50" vspacing="100" height="142mm" width="208mm">
			<sub-area id="page-a-11-margin" location="col-1" cols="1" rows="3" hspacing="100" vspacing="5 13 82" height="142mm" width="3mm"/>
			<sub-area id="page-a-11" location="col-3" cols="1" rows="16" hspacing="100" vspacing="5 8 7 4 8 7 4 8 7 4 15 4 8 4 2 5" height="142mm" width="80mm">
				<sub-area id="page-a-11-a" location="row-3" cols="2" rows="1" hspacing="4 96" vspacing="100" height="7mm" width="80mm"/>
				<sub-area id="page-a-11-b" location="row-6" cols="2" rows="1" hspacing="4 96" vspacing="100" height="7mm" width="80mm"/>
				<sub-area id="page-a-11-c" location="row-9" cols="2" rows="1" hspacing="4 96" vspacing="100" height="7mm" width="80mm"/>
				<sub-area id="page-a-11-d" location="row-15" cols="4" rows="1" hspacing="5 15 23 57" vspacing="100" height="3mm" width="80mm"/>
			</sub-area>
			<sub-area id="page-a-12" location="col-5" cols="1" rows="4" hspacing="7 38 3 2" vspacing="100" height="142mm" width="104mm">
				<sub-area id="page-a-12-b" location="col-2" cols="1" rows="5" hspacing="100" vspacing="17 61 5 2 5" height="142mm" width="80mm">
					<sub-area id="page-a-12-b-1" location="row-4" cols="5" rows="1" hspacing="55 20 16 3 6" vspacing="100" height="3mm" width="80mm"/>
				</sub-area>
				<sub-area id="page-a-12-c" location="col-4" cols="1" rows="3" hspacing="100" vspacing="5 13 82" height="142mm" width="3mm"/>
			</sub-area>
		</area-root>
		<area-root id="whe-2003-a-pages-13-14" cols="7" rows="1" hspacing="2 3 38 14 38 3 2" vspacing="100" height="142mm" width="208mm">
			<sub-area id="page-a-13-margin" location="col-1" cols="1" rows="3" hspacing="100" vspacing="4 13 83" height="142mm" width="3mm"/>
			<sub-area id="page-a-13" location="col-3" cols="1" rows="17" hspacing="100" vspacing="5 7 7 3 9 9 4 12 7 4 7 7 3 7 4 2 3" width="80mm" height="142mm">
				<sub-area id="page-a-13-b" location="row-3" cols="2" rows="1" hspacing="4 96" vspacing="100" width="80mm" height="10mm"/>
				<sub-area id="page-a-13-c" location="row-6" cols="2" rows="1" hspacing="4 96" vspacing="100" width="80mm" height="14mm"/>
				<sub-area id="page-a-13-d" location="row-9" cols="2" rows="1" hspacing="4 96" vspacing="100" width="80mm" height="10mm"/>
				<sub-area id="page-a-13-e" location="row-12" cols="2" rows="1" hspacing="4 96" vspacing="100" width="80mm" height="10mm"/>
				<sub-area id="page-a-13-f" location="row-16" cols="4" rows="1" hspacing="4 15 23 58" vspacing="100" height="3mm" width="80mm"/>
			</sub-area>
			<sub-area id="page-a-14" location="col-5" cols="1" rows="14" hspacing="100" vspacing="2 8 4 2 35 5 15 2 3 13 2 2 2 5" width="80mm" height="142mm">
				<sub-area id="page-a-14-b" location="row-3" cols="2" rows="1" hspacing="4 96" vspacing="100" width="80mm" height="6mm"/>
				<sub-area id="page-a-14-c" location="row-8" cols="2" rows="1" hspacing="4 96" vspacing="100" width="80mm" height="3mm"/>
				<sub-area id="page-a-14-d" location="row-11" cols="2" rows="1" hspacing="4 96" vspacing="100" width="80mm" height="3mm"/>
				<sub-area id="page-a-14-e" location="row-13" cols="5" rows="1" hspacing="38 21 21 16 4" vspacing="100" height="3mm" width="80mm"/>
			</sub-area>
			<sub-area id="page-a-14-margin" location="col-7" cols="1" rows="3" hspacing="100" vspacing="4 13 83" height="142mm" width="3mm"/>
		</area-root>
		<area-root id="whe-2003-a-pages-15-16" cols="7" rows="1" hspacing="2 3 38 14 38 3 2" vspacing="100" height="142mm" width="208mm">
			<sub-area id="page-a-15-margin" location="col-1" cols="1" rows="3" hspacing="100" vspacing="2 13 85" height="142mm" width="3mm"/>
			<sub-area id="page-a-15" location="col-3" cols="1" rows="14" hspacing="100" vspacing="2 6 3 12 8 4 14 7 3 18 7 9 2 5" height="142mm" width="79mm">
				<sub-area id="page-a-15-b" location="row-2" cols="2" rows="1" hspacing="4 96" vspacing="100" width="79mm" height="9mm"/>
				<sub-area id="page-a-15-c" location="row-5" cols="2" rows="1" hspacing="4 96" vspacing="100" width="79mm" height="11mm"/>
				<sub-area id="page-a-15-d" location="row-8" cols="2" rows="1" hspacing="4 96" vspacing="100" width="79mm" height="10mm"/>
				<sub-area id="page-a-15-e" location="row-11" cols="2" rows="1" hspacing="4 96" vspacing="100" width="79mm" height="10mm"/>
				<sub-area id="page-a-15-f" location="row-13" cols="4" rows="1" hspacing="4 15 22 59" vspacing="100" width="79mm" height="3mm"/>
			</sub-area>
			<sub-area id="page-a-16" location="col-5" cols="1" rows="14" hspacing="100" vspacing="2 38 2 9 9 3 5 7 4 7 2 5 2 5" height="142mm" width="80mm">
				<sub-area id="page-a-16-b" location="row-5" cols="2" rows="1" hspacing="4 96" vspacing="100" width="80mm" height="10mm"/>
				<sub-area id="page-a-16-c" location="row-8" cols="2" rows="1" hspacing="4 96" vspacing="100" width="80mm" height="10mm"/>
				<sub-area id="page-a-16-d" location="row-11" cols="2" rows="1" hspacing="4 96" vspacing="100" width="80mm" height="3mm"/>
				<sub-area id="page-a-16-e" location="row-13" cols="4" rows="1" hspacing="59 22 15 4" vspacing="100" width="79mm" height="3mm"/>
			</sub-area>
			<sub-area id="page-a-16-margin" location="col-7" cols="1" rows="3" hspacing="100" vspacing="2 13 85" height="142mm" width="3mm"/>
		</area-root>
		<area-root id="whe-2003-a-pages-17-18" cols="7" rows="1" hspacing="2 3 38 14 38 3 2" vspacing="100" height="142mm" width="208mm">
			<sub-area id="page-a-17-margin" location="col-1" cols="1" rows="3" hspacing="100" vspacing="5 13 82" height="142mm" width="3mm"/>
			<sub-area id="page-a-17" location="col-3" cols="1" rows="20" hspacing="100" vspacing="5 4 5 3 8 7 3 8 7 3 5 7 3 8 5 3 7 4 2 3" height="142mm" width="80mm">
				<sub-area id="page-a-17-b" location="row-3" cols="2" rows="1" hspacing="4 96" vspacing="100" width="80mm" height="7mm"/>
				<sub-area id="page-a-17-c" location="row-6" cols="2" rows="1" hspacing="4 96" vspacing="100" width="80mm" height="10mm"/>
				<sub-area id="page-a-17-d" location="row-9" cols="2" rows="1" hspacing="4 96" vspacing="100" width="80mm" height="10mm"/>
				<sub-area id="page-a-17-e" location="row-12" cols="2" rows="1" hspacing="4 96" vspacing="100" width="80mm" height="7mm"/>
				<sub-area id="page-a-17-f" location="row-15" cols="2" rows="1" hspacing="4 96" vspacing="100" width="80mm" height="7mm"/>
				<sub-area id="page-a-17-g" location="row-19" cols="4" rows="1" hspacing="4 15 22 59" vspacing="100" width="79mm" height="3mm"/>
			</sub-area>
			<sub-area id="page-a-18" location="col-5" cols="1" rows="15" hspacing="100" vspacing="5 8 5 3 14 10 3 8 7 3 12 10 7 2 3" height="142mm" width="80mm">
				<sub-area id="page-a-18-b" location="row-3" cols="2" rows="1" hspacing="4 96" vspacing="100" width="80mm" height="7mm"/>
				<sub-area id="page-a-18-c" location="row-6" cols="2" rows="1" hspacing="4 96" vspacing="100" width="80mm" height="14mm"/>
				<sub-area id="page-a-18-d" location="row-9" cols="2" rows="1" hspacing="4 96" vspacing="100" width="80mm" height="10mm"/>
				<sub-area id="page-a-18-e" location="row-12" cols="2" rows="1" hspacing="4 96" vspacing="100" width="80mm" height="14mm"/>
				<sub-area id="page-a-18-f" location="row-14" cols="4" rows="1" hspacing="59 22 15 4" vspacing="100" width="80mm" height="3mm"/>
			</sub-area>
			<sub-area id="page-a-18-margin" location="col-7" cols="1" rows="3" hspacing="100" vspacing="5 13 82" height="142mm" width="3mm"/>
		</area-root>
		<area-root id="whe-2003-a-pages-19-20" cols="7" rows="1" hspacing="2 3 38 14 38 3 2" vspacing="100" height="142mm" width="208mm">
			<sub-area id="page-a-19-margin" location="col-1" cols="1" rows="3" hspacing="100" vspacing="2 14 84" height="142mm" width="3mm"/>
			<sub-area id="page-a-19" location="col-3" cols="1" rows="8" hspacing="100" vspacing="2 61 4 17 7 3 2 4" width="80mm" height="142mm">
				<sub-area id="page-a-19-b" location="row-5" cols="2" rows="1" hspacing="4 96" vspacing="100" width="80mm" height="10mm"/>
				<sub-area id="page-a-19-c" location="row-7" cols="5" rows="1" hspacing="4 15 21 25 35" vspacing="100" width="80mm" height="3mm"/>
			</sub-area>
			<sub-area id="page-a-20" location="col-5" cols="1" rows="17" hspacing="100" vspacing="2 18 12 3 5 9 3 7 7 4 7 8 4 3 2 2 4" width="81mm" height="142mm">
				<sub-area id="page-a-20-b" location="row-3" cols="2" rows="1" hspacing="4 96" vspacing="100" width="81mm" height="17mm"/>
				<sub-area id="page-a-20-c" location="row-6" cols="2" rows="1" hspacing="4 96" vspacing="100" width="81mm" height="13mm"/>
				<sub-area id="page-a-20-d" location="row-9" cols="2" rows="1" hspacing="4 96" vspacing="100" width="81mm" height="10mm"/>
				<sub-area id="page-a-20-e" location="row-12" cols="2" rows="1" hspacing="4 96" vspacing="100" width="81mm" height="11mm"/>
				<sub-area id="page-a-20-f" location="row-16" cols="4" rows="1" hspacing="58 22 16 4" vspacing="100" width="81mm" height="3mm"/>
			</sub-area>
			<sub-area id="page-a-20-margin" location="col-7" cols="1" rows="3" hspacing="100" vspacing="2 14 84" height="142mm" width="3mm"/>
		</area-root>
		<area-root id="whe-2003-a-pages-21-22" cols="7" rows="1" hspacing="2 3 38 14 38 3 2" vspacing="100" height="142mm" width="208mm">
			<sub-area id="page-a-21-margin" location="col-1" cols="1" rows="3" hspacing="100" vspacing="3 13 84" height="142mm" width="3mm"/>
			<sub-area id="page-a-21" location="col-3" cols="1" rows="8" hspacing="100" vspacing="2 64 3 10 10 5 2 4" height="142mm" width="80mm">
				<sub-area id="page-a-21-b" location="row-5" cols="2" rows="1" hspacing="4 96" vspacing="100" width="80mm" height="14mm"/>
				<sub-area id="page-a-21-c" location="row-7" cols="5" rows="1" hspacing="4 14 23 24 35" vspacing="100" width="80mm" height="3mm"/>
			</sub-area>
			<sub-area id="page-a-22" location="col-5" cols="1" rows="18" hspacing="100" vspacing="3 2 10 3 7 7 3 19 2 3 9 8 3 3 9 3 2 4" height="142mm" width="80mm">
				<sub-area id="page-a-22-b" location="row-3" cols="2" rows="1" hspacing="4 96" vspacing="100" width="80mm" height="14mm"/>
				<sub-area id="page-a-22-c" location="row-6" cols="2" rows="1" hspacing="4 96" vspacing="100" width="80mm" height="10mm"/>
				<sub-area id="page-a-22-d" location="row-9" cols="2" rows="1" hspacing="4 96" vspacing="100" width="80mm" height="3mm"/>
				<sub-area id="page-a-22-e" location="row-12" cols="2" rows="1" hspacing="4 96" vspacing="100" width="80mm" height="11mm"/>
				<sub-area id="page-a-22-f" location="row-15" cols="2" rows="1" hspacing="4 96" vspacing="100" width="80mm" height="13mm"/>
				<sub-area id="page-a-22-g" location="row-17" cols="2" rows="1" hspacing="58 22 16 4" vspacing="100" width="80mm" height="3mm"/>
			</sub-area>
			<sub-area id="page-a-22-margin" location="col-7" cols="1" rows="3" hspacing="100" vspacing="3 13 84" height="142mm" width="3mm"/>
		</area-root>
		<area-root id="whe-2003-a-pages-23-24" cols="7" rows="1" hspacing="2 3 38 14 38 3 2" vspacing="100" height="142mm" width="208mm">
			<sub-area id="page-a-23-margin" location="col-1" cols="1" rows="3" hspacing="100" vspacing="4 13 83" height="142mm" width="3mm"/>
			<sub-area id="page-a-23" location="col-3" cols="21" rows="1" hspacing="100" vspacing="3 8 7 4 10 2 3 10 2 3 4 4 3 11 2 4 9 2 3 2 4" height="142mm" width="81mm">
				<sub-area id="page-a-23-b" location="row-3" cols="2" rows="1" hspacing="4 96" vspacing="100" height="10mm" width="81mm"/>
				<sub-area id="page-a-23-c" location="row-6" cols="2" rows="1" hspacing="4 96" vspacing="100" height="3mm" width="81mm"/>
				<sub-area id="page-a-23-d" location="row-9" cols="2" rows="1" hspacing="4 96" vspacing="100" height="3mm" width="81mm"/>
				<sub-area id="page-a-23-e" location="row-12" cols="2" rows="1" hspacing="4 96" vspacing="100" height="6mm" width="81mm"/>
				<sub-area id="page-a-23-f" location="row-15" cols="2" rows="1" hspacing="4 96" vspacing="100" height="3mm" width="81mm"/>
				<sub-area id="page-a-23-g" location="row-18" cols="2" rows="1" hspacing="4 96" vspacing="100" height="3mm" width="81mm"/>
				<sub-area id="page-a-23-h" location="row-20" cols="5" rows="1" hspacing="2 2 15 22 59" vspacing="100" height="3mm" width="81mm"/>
			</sub-area>
			<sub-area id="page-a-24" location="col-5" cols="1" rows="18" hspacing="100" vspacing="2 11 9 3 5 14 4 7 7 3 8 2 4 5 7 3 2 4" height="142mm" width="80mm">
				<sub-area id="page-a-24-b" location="row-3" cols="2" rows="1" hspacing="4 96" vspacing="100" height="14mm" width="81mm"/>
				<sub-area id="page-a-24-c" location="row-6" cols="2" rows="1" hspacing="4 96" vspacing="100" height="21mm" width="81mm"/>
				<sub-area id="page-a-24-d" location="row-9" cols="2" rows="1" hspacing="4 96" vspacing="100" height="10mm" width="81mm"/>
				<sub-area id="page-a-24-e" location="row-12" cols="2" rows="1" hspacing="4 96" vspacing="100" height="11mm" width="81mm"/>
				<sub-area id="page-a-24-f" location="row-15" cols="2" rows="1" hspacing="4 96" vspacing="100" height="10mm" width="81mm"/>
				<sub-area id="page-a-24-g" location="row-17" cols="4" rows="1" hspacing="59 22 15 4" vspacing="100" height="3mm" width="81mm"/>
			</sub-area>
			<sub-area id="page-a-24-margin" location="col-7" cols="1" rows="3" hspacing="100" vspacing="4 13 83" height="142mm" width="3mm"/>
		</area-root>
		<area-root id="whe-2003-a-pages-25-26" cols="7" rows="1" hspacing="2 3 39 13 38 3 2" vspacing="100" height="142mm" width="208mm">
			<sub-area id="page-a-25-margin" location="col-1" cols="1" rows="3" hspacing="100" vspacing="4 13 83" height="142mm" width="3mm"/>
			<sub-area id="page-a-25" location="col-3" cols="1" rows="14" hspacing="100" vspacing="4 10 7 4 10 11 3 2 4 3 31 5 2 4" height="142mm" width="82mm">
				<sub-area id="page-a-25-b" location="row-3" cols="2" rows="1" hspacing="4 96" vspacing="100" height="10mm" width="82mm"/>
				<sub-area id="page-a-25-c" location="row-6" cols="2" rows="1" hspacing="4 96" vspacing="100" height="17mm" width="82mm"/>
				<sub-area id="page-a-25-d" location="row-13" cols="5" rows="1" hspacing="2 2 15 22 59" vspacing="100" height="3mm" width="82mm"/>
			</sub-area>
			<sub-area id="page-a-26" location="col-5" cols="1" rows="19" hspacing="100" vspacing="2 4 3 5 12 3 11 4 3 10 9 3 5 9 3 5 2 2 5" height="142mm" width="81mm">
				<sub-area id="page-a-26-b" location="row-2" cols="2" rows="1" hspacing="4 96" vspacing="100" height="6mm" width="81mm"/>
				<sub-area id="page-a-26-c" location="row-5" cols="2" rows="1" hspacing="4 96" vspacing="100" height="17mm" width="81mm"/>
				<sub-area id="page-a-26-d" location="row-8" cols="2" rows="1" hspacing="4 96" vspacing="100" height="14mm" width="81mm"/>
				<sub-area id="page-a-26-e" location="row-11" cols="2" rows="1" hspacing="4 96" vspacing="100" height="13mm" width="81mm"/>
				<sub-area id="page-a-26-f" location="row-18" cols="4" rows="1" hspacing="59 22 15 4" vspacing="100" height="13mm" width="81mm"/>
			</sub-area>
			<sub-area id="page-a-26-margin" location="col-7" cols="1" rows="3" hspacing="100" vspacing="4 13 83" height="142mm" width="3mm"/>
		</area-root>
		<area-root id="whe-2003-a-pages-27-28" cols="7" rows="1" hspacing="2 3 38 14 38 3 2" vspacing="100" height="142mm" width="208mm">
			<sub-area id="page-a-27-margin" location="col-1" cols="1" rows="3" hspacing="100" vspacing="3 13 84" height="142mm" width="3mm"/>
			<sub-area id="page-a-27" location="col-3" cols="1" rows="23" hspacing="100" vspacing="3 8 2 2 8 2 2 5 2 2 3 3 3 10 7 3 7 10 3 5 3 3 4" height="142mm" width="79mm">
				<sub-area id="page-a-27-b" location="row-3" cols="2" rows="1" hspacing="4 96" vspacing="100" height="3mm" width="79mm"/>
				<sub-area id="page-a-27-c" location="row-6" cols="2" rows="1" hspacing="4 96" vspacing="100" height="3mm" width="79mm"/>
				<sub-area id="page-a-27-d" location="row-9" cols="2" rows="1" hspacing="4 96" vspacing="100" height="3mm" width="79mm"/>
				<sub-area id="page-a-27-e" location="row-12" cols="2" rows="1" hspacing="4 96" vspacing="100" height="6mm" width="79mm"/>
				<sub-area id="page-a-27-f" location="row-15" cols="2" rows="1" hspacing="4 96" vspacing="100" height="10mm" width="79mm"/>
				<sub-area id="page-a-27-g" location="row-18" cols="2" rows="1" hspacing="4 96" vspacing="100" height="10mm" width="79mm"/>
				<sub-area id="page-a-27-h" location="row-22" cols="4" rows="1" hspacing="5 15 22 58" vspacing="100" height="10mm" width="79mm"/>
			</sub-area>
			<sub-area id="page-a-28" location="col-5" cols="1" rows="12" hspacing="100" vspacing="3 7 2 3 43 4 16 3 10 2 2 5" height="142mm" width="80mm">
				<sub-area id="page-a-28-b" location="row-3" cols="2" rows="1" hspacing="4 96" vspacing="100" height="3mm" width="80mm"/>
				<sub-area id="page-a-28-c" location="row-11" cols="4" rows="1" hspacing="58 22 15 5" vspacing="100" height="10mm" width="80mm"/>
			</sub-area>
			<sub-area id="page-a-28-margin" location="col-7" cols="1" rows="3" hspacing="100" vspacing="3 13 84" height="142mm" width="3mm"/>
		</area-root>
		<area-root id="whe-2003-a-pages-29-30" cols="4" rows="1" hspacing="50 6 41 3" vspacing="100" width="208mm" height="142mm">
			<sub-area id="page-a-29" location="col-1" cols="1" rows="2" hspacing="100" vspacing="18 25" height="142mm" width="104mm">
				<sub-area id="page-a-29-b" location="row-2" cols="3" rows="1" hspacing="10 33 57" vspacing="100" height="37mm" width="104mm"/>
			</sub-area>
			<sub-area id="page-a-30" location="col-3" cols="1" rows="13" hspacing="100" vspacing="3 4 7 19 8 20 4 3 15 4 8 2 3" height="142mm" width="86mm">
				<sub-area id="page-a-30-b" location="row-7" cols="2" rows="1" hspacing="4 96" vspacing="100" height="6mm" width="86mm"/>
				<sub-area id="page-a-30-c" location="row-10" cols="2" rows="1" hspacing="4 96" vspacing="100" height="6mm" width="86mm"/>
				<sub-area id="page-a-30-d" location="row-12" cols="5" rows="1" hspacing="57 13 19 3 8" vspacing="100" height="3mm" width="86mm"/>
			</sub-area>
			<sub-area id="page-a-30-margin" location="col-4" cols="1" rows="3" hspacing="100" vspacing="2 13 85" height="142mm" width="3mm"/>
		</area-root>
		<area-root id="whe-2003-a-pages-31-32" cols="7" rows="1" hspacing="2 3 38 14 38 3 2" vspacing="100" height="142mm" width="208mm">
			<sub-area id="page-a-31-margin" location="col-1" cols="1" rows="3" hspacing="100" vspacing="5 13 82" height="142mm" width="3mm"/>
			<sub-area id="page-a-31" location="col-3" cols="1" rows="18" hspacing="100" vspacing="5 7 5 20 5 5 4 7 4 3 9 2 3 9 5 3 2 2" height="142mm" width="80mm">
				<sub-area id="page-a-31-b" location="row-3" cols="2" rows="1" hspacing="4 96" vspacing="100" height="7mm" width="80mm"/>
				<sub-area id="page-a-31-c" location="row-4" cols="2" rows="1" hspacing="71 29" vspacing="100" height="29mm" width="80mm">
					<sub-area id="page-a-31-c-1" location="col-1" cols="1" rows="2" hspacing="100" vspacing="14 86" height="29mm" width="57mm"/>
				</sub-area>
				<sub-area id="page-a-31-d" location="row-6" cols="2" rows="1" hspacing="4 96" vspacing="100" height="7mm" width="80mm"/>
				<sub-area id="page-a-31-e" location="row-9" cols="2" rows="1" hspacing="4 96" vspacing="100" height="6mm" width="80mm"/>
				<sub-area id="page-a-31-f" location="row-12" cols="2" rows="1" hspacing="4 96" vspacing="100" height="3mm" width="80mm"/>
				<sub-area id="page-a-31-g" location="row-15" cols="2" rows="1" hspacing="4 96" vspacing="100" height="7mm" width="80mm"/>
				<sub-area id="page-a-31-h" location="row-16" cols="4" rows="1" hspacing="5 20 15 60" vspacing="100" height="7mm" width="80mm"/>
			</sub-area>
			<sub-area id="page-a-32" location="col-5" cols="1" rows="15" hspacing="100" vspacing="4 43 4 2 5 5 3 5 5 5 3 7 5 2 2" height="142mm" width="81mm">
				<sub-area id="page-a-32-b" location="row-6" cols="2" rows="1" hspacing="4 96" vspacing="100" height="7mm" width="81mm"/>
				<sub-area id="page-a-32-c" location="row-9" cols="2" rows="1" hspacing="4 96" vspacing="100" height="7mm" width="81mm"/>
				<sub-area id="page-a-32-d" location="row-14" cols="4" rows="1" hspacing="60 15 20 5" vspacing="100" height="7mm" width="81mm"/>
			</sub-area>
			<sub-area id="page-a-32-margin" location="col-7" cols="1" rows="3" hspacing="100" vspacing="5 13 82" height="142mm" width="3mm"/>
		</area-root>
		<area-root id="whe-2003-a-pages-33-34" cols="7" rows="1" hspacing="2 3 38 14 38 3 2" vspacing="100" height="142mm" width="208mm">
			<sub-area id="page-a-33-margin" location="col-1" cols="1" rows="3" hspacing="100" vspacing="4 13 83" height="142mm" width="3mm"/>
			<sub-area id="page-a-33" location="col-3" cols="1" rows="13" hspacing="100" vspacing="4 7 6 3 11 5 4 41 4 5 5 2 3" height="142mm" width="79mm">
				<sub-area id="page-a-33-b" location="row-3" cols="2" rows="1" hspacing="4 96" vspacing="100" height="8mm" width="79mm"/>
				<sub-area id="page-a-33-c" location="row-6" cols="2" rows="1" hspacing="4 96" vspacing="100" height="7mm" width="79mm"/>
				<sub-area id="page-a-33-d" location="row-12" cols="4" rows="1" hspacing="5 20 15 60" vspacing="100" height="3mm" width="79mm"/>
			</sub-area>
			<sub-area id="page-a-34" location="col-5" cols="1" rows="14" hspacing="100" vspacing="5 10 5 3 7 5 3 2 38 8 4 6 2 2" height="142mm" width="80mm">
				<sub-area id="page-a-34-b" location="row-3" cols="2" rows="1" hspacing="4 96" vspacing="100" height="7mm" width="80mm"/>
				<sub-area id="page-a-34-c" location="row-6" cols="2" rows="1" hspacing="4 96" vspacing="100" height="7mm" width="80mm"/>
				<sub-area id="page-a-34-d" location="row-9" cols="2" rows="1" hspacing="34 66" vspacing="100" height="56mm" width="80mm"/>
				<sub-area id="page-a-34-e" location="row-11" cols="2" rows="1" hspacing="4 96" vspacing="100" height="6mm" width="80mm"/>
				<sub-area id="page-a-34-f" location="row-13" cols="4" rows="1" hspacing="60 15 20 5" vspacing="100" height="3mm" width="80mm"/>
			</sub-area>
			<sub-area id="page-a-34-margin" location="col-7" cols="1" rows="3" hspacing="100" vspacing="4 13 83" height="142mm" width="3mm"/>
		</area-root>
		<area-root id="whe-2003-a-pages-35-36" cols="7" rows="1" hspacing="2 3 38 14 38 3 2" vspacing="100" height="142mm" width="208mm">
			<sub-area id="page-a-35-margin" location="col-1" cols="1" rows="3" hspacing="100" vspacing="5 13 82" height="142mm" width="3mm"/>
			<sub-area id="page-a-35" location="col-3" cols="1" rows="18" hspacing="100" vspacing="5 15 4 3 7 7 3 10 5 3 12 4 3 8 4 3 2 2" height="142mm" width="80mm">
				<sub-area id="page-a-35-b" location="row-3" cols="2" rows="1" hspacing="4 96" vspacing="100" height="6mm" width="80mm"/>
				<sub-area id="page-a-35-c" location="row-6" cols="2" rows="1" hspacing="4 96" vspacing="100" height="10mm" width="80mm"/>
				<sub-area id="page-a-35-d" location="row-9" cols="2" rows="1" hspacing="4 96" vspacing="100" height="7mm" width="80mm"/>
				<sub-area id="page-a-35-e" location="row-12" cols="2" rows="1" hspacing="4 96" vspacing="100" height="6mm" width="80mm"/>
				<sub-area id="page-a-35-f" location="row-15" cols="2" rows="1" hspacing="4 96" vspacing="100" height="7mm" width="80mm"/>
				<sub-area id="page-a-35-g" location="row-17" cols="4" rows="1" hspacing="4 16 22 58" vspacing="100" width="80mm" height="3mm"/>
			</sub-area>
			<sub-area id="page-a-36" location="col-5" cols="1" rows="9" hspacing="100" vspacing="5 15 3 55 3 10 5 2 2" height="142mm" width="80mm">
				<sub-area id="page-a-36-b" location="row-2" cols="3" rows="1" hspacing="38 2 60" vspacing="100" height="21mm" width="80mm"/>
				<sub-area id="page-a-36-c" location="row-8" cols="4" rows="1" hspacing="4 16 22 58" vspacing="100" width="80mm" height="3mm"/>
			</sub-area>
			<sub-area id="page-a-36-margin" location="col-7" cols="1" rows="3" hspacing="100" vspacing="5 13 82" height="142mm" width="3mm"/>
		</area-root>
		<area-root id="whe-2003-a-pages-37-38" cols="7" rows="1" hspacing="2 3 38 14 38 3 2" vspacing="100" height="142mm" width="208mm">
			<sub-area id="page-a-37-margin" location="col-1" cols="1" rows="3" hspacing="100" vspacing="5 13 82" height="142mm" width="3mm"/>
			<sub-area id="page-a-37" location="col-3" cols="1" rows="16" hspacing="100" vspacing="4 2 5 3 7 5 3 4 3 35 3 7 4 10 2 2" height="142mm" width="78mm">
				<sub-area id="page-a-37-b" location="row-3" cols="2" rows="1" hspacing="4 96" vspacing="100" height="7mm" width="78mm"/>
				<sub-area id="page-a-37-c" location="row-6" cols="2" rows="1" hspacing="4 96" vspacing="100" height="7mm" width="78mm"/>
				<sub-area id="page-a-37-d" location="row-13" cols="2" rows="1" hspacing="4 96" vspacing="100" height="6mm" width="78mm"/>
				<sub-area id="page-a-37-e" location="row-15" cols="4" rows="1" hspacing="4 16 22 58" vspacing="100" width="78mm" height="3mm"/>
			</sub-area>
			<sub-area id="page-a-38" location="col-5" cols="1" rows="14" hspacing="100" vspacing="3 7 4 3 43 3 7 4 3 5 4 8 2 4" height="142mm" width="80mm">
				<sub-area id="page-a-38-b" location="row-3" cols="2" rows="1" hspacing="4 96" vspacing="100" height="6mm" width="80mm"/>
				<sub-area id="page-a-38-c" location="row-8" cols="2" rows="1" hspacing="4 96" vspacing="100" height="6mm" width="80mm"/>
				<sub-area id="page-a-38-d" location="row-11" cols="2" rows="1" hspacing="4 96" vspacing="100" height="6mm" width="80mm"/>
				<sub-area id="page-a-38-e" location="row-13" cols="4" rows="1" hspacing="58 22 16 4" vspacing="100" width="80mm" height="3mm"/>
			</sub-area>
			<sub-area id="page-a-38-margin" location="col-7" cols="1" rows="3" hspacing="100" vspacing="5 13 82" height="142mm" width="3mm"/>
		</area-root>
		<area-root id="whe-2003-a-pages-39-40" cols="7" rows="1" hspacing="2 3 38 14 38 3 2" vspacing="100" height="142mm" width="208mm">
			<sub-area id="page-a-39-margin" location="col-1" cols="1" rows="3" hspacing="100" vspacing="2 8 4 3 8 4 3 13 4 3 12 7 3 9 10 2 5" height="142mm" width="3mm"/>
			<sub-area id="page-a-39" location="col-3" cols="1" rows="17" hspacing="100" vspacing="2 13 85" height="142mm" width="80mm">
				<sub-area id="page-a-39-b" location="row-3" cols="2" rows="1" hspacing="4 96" vspacing="100" height="6mm" width="80mm"/>
				<sub-area id="page-a-39-c" location="row-6" cols="2" rows="1" hspacing="4 96" vspacing="100" height="6mm" width="80mm"/>
				<sub-area id="page-a-39-d" location="row-9" cols="2" rows="1" hspacing="4 96" vspacing="100" height="6mm" width="80mm"/>
				<sub-area id="page-a-39-e" location="row-12" cols="2" rows="1" hspacing="4 96" vspacing="100" height="10mm" width="80mm"/>
				<sub-area id="page-a-39-f" location="row-15" cols="4" rows="1" hspacing="4 16 22 58" vspacing="100" width="80mm" height="3mm"/>
			</sub-area>
			<sub-area id="page-a-40" location="col-5" cols="1" rows="18" hspacing="100" vspacing="2 5 5 3 5 7 3 12 8 3 5 4 3 12 8 9 2 4" height="142mm" width="80mm">
				<sub-area id="page-a-40-b" location="row-3" cols="2" rows="1" hspacing="4 96" vspacing="100" height="7mm" width="80mm"/>
				<sub-area id="page-a-40-c" location="row-6" cols="2" rows="1" hspacing="4 96" vspacing="100" height="10mm" width="80mm"/>
				<sub-area id="page-a-40-d" location="row-9" cols="2" rows="1" hspacing="4 96" vspacing="100" height="10mm" width="80mm"/>
				<sub-area id="page-a-40-e" location="row-12" cols="2" rows="1" hspacing="4 96" vspacing="100" height="6mm" width="80mm"/>
				<sub-area id="page-a-40-f" location="row-15" cols="2" rows="1" hspacing="4 96" vspacing="100" height="11mm" width="80mm"/>
				<sub-area id="page-a-40-g" location="row-17" cols="4" rows="1" hspacing="58 22 16 4" vspacing="100" width="80mm" height="3mm"/>
			</sub-area>
			<sub-area id="page-a-40-margin" location="col-7" cols="1" rows="3" hspacing="100" vspacing="2 13 85" height="142mm" width="3mm"/>
		</area-root>
		<area-root id="whe-2003-a-pages-41-42" cols="7" rows="1" hspacing="2 3 38 14 38 3 2" vspacing="100" height="142mm" width="208mm">
			<sub-area id="page-a-41-margin" location="col-1" cols="1" rows="3" hspacing="100" vspacing="2 13 85" height="142mm" width="3mm"/>
			<sub-area id="page-a-41" location="col-3" cols="1" rows="15" hspacing="100" vspacing="2 7 7 3 12 7 3 13 7 3 7 7 15 2 5" height="142mm" width="79mm">
				<sub-area id="page-a-41-b" location="row-3" cols="2" rows="1" hspacing="4 96" vspacing="100" height="10mm" width="79mm"/>
				<sub-area id="page-a-41-c" location="row-6" cols="2" rows="1" hspacing="4 96" vspacing="100" height="10mm" width="79mm"/>
				<sub-area id="page-a-41-d" location="row-9" cols="2" rows="1" hspacing="4 96" vspacing="100" height="10mm" width="79mm"/>
				<sub-area id="page-a-41-e" location="row-12" cols="2" rows="1" hspacing="4 96" vspacing="100" height="10mm" width="79mm"/>
				<sub-area id="page-a-41-f" location="row-14" cols="4" rows="1" hspacing="4 16 22 58" vspacing="100" width="79mm" height="3mm"/>
			</sub-area>
			<sub-area id="page-a-42" location="col-5" cols="1" rows="12" hspacing="100" vspacing="2 7 5 6 42 5 13 3 7 4 2 4" height="142mm" width="80mm">
				<sub-area id="page-a-42-b" location="row-3" cols="2" rows="1" hspacing="4 96" vspacing="100" height="10mm" width="80mm"/>
				<sub-area id="page-a-42-c" location="row-11" cols="4" rows="1" hspacing="58 22 16 4" vspacing="100" width="80mm" height="3mm"/>
			</sub-area>
			<sub-area id="page-a-42-margin" location="col-7" cols="1" rows="3" hspacing="100" vspacing="2 13 85" height="142mm" width="3mm"/>
		</area-root>
		-->
	</area-model>
</gemLayout>
