<?xml version="1.0" encoding="UTF-8"?>

<gemBase>
	<unit id="u-4.01" alt="Illustration: Orange box (left)"/>
	<unit id="u-4.02">UNTIL 6.1.2004 WINTER CIRCUS</unit>
	<unit id="u-4.03">This year's Winter Circus celebrates the tenth anniversary of the Dance Theatre Hurjaruuth.</unit>
	<unit id="u-4.04">The show includes the ´Pig´s Adventure on the Star Map of Christmas´, other great characters, fantastic circus tricks and music by the Milky Way Orchestra.</unit>
	<unit id="u-4.05">Dance Theatre Hurjaruuth, Cable Factory, Tallberginkatu 1, performance times vary</unit>
	<unit id="u-4.06">Tickets: Dance Theatre Hurjaruuth</unit>
	<unit id="u-4.07">tel. +358 (0)9 565 7250</unit>
	<unit id="u-4.08">Prices 17/12 €</unit>
	<unit id="u-4.09" alt="Photo: Clown"/>
	<unit id="u-4.10">6</unit>
	<unit id="u-4.11">EVENTS IN THE CITY</unit>
	<unit id="u-4.12" alt="Logo: Hot Helsinki Team"/>
	<unit id="u-4.13" alt="Photo: Dancer"/>
	<unit id="u-4.14" alt="Illustration: Orange box (right)"/>
	<unit id="u-4.15">UNTIL 15.1.2004 FORCES OF LIGHT</unit>
	<unit id="u-4.16">This annual winter event takes place throughout the city centre and sees light and fire used to create works of art and spectacles during the darkest time of the year.</unit>
	<unit id="u-4.17">The main event this year, a parade with installations and performances, will take place on 30.11.</unit>
	<unit id="u-4.18">The parade begins at Suomenlinna and ends at Hietalahti Market.</unit>
	<unit id="u-4.19">From 28.11. to 14.12 the Nordic institute for Contemporary Art (NIFCA) together with the Art School ´Maa´ will present works using light as a theme at the Galleria August on Suomenlinna. </unit>
	<unit id="u-4.20">The exhibition is open Mon-Fri 3pm-6.30pm and Sat-Sun 1.30pm-5pm (plus during the Suomenlinna Christmas event on 29-30.11 from 1pm-6.30pm).</unit>
	<unit id="u-4.21">City centre and Suomenlinna</unit>
	<unit id="u-4.22" alt="Logo: Hot Helsinki Team"></unit>
	<unit id="u-4.23">EVENTS IN THE CITY</unit>
	<unit id="u-4.24">7</unit>
</gemBase>
