<?xml version="1.0" encoding="UTF-8"?>

<gemNav>
	<pointer id="p-1.01" type="cross-reference" from="s-1.24" to="" range="phone">
		<content xref="u-1.24"/>
		<address xref="" address-precision="start-only"/>
	</pointer>
	<pointer id="p-1.02" type="cross-reference" from="s-1.25" to="" range="www">
		<content xref="u-1.25"/>
		<address xref="" address-precision="start-only"/>
	</pointer>
	<pointer id="p-1.03" type="cross-reference" from="s-1.30" to="" range="www">
		<content xref="u-1.30"/>
		<address xref="" address-precision="start-only"/>
	</pointer>
</gemNav>


