<?xml version="1.0" encoding="UTF-8"?>

<gemLayout>
	<segmentation>
		<layout-unit id="lay-1.01" xref="u-1.01" alt="Photo: Dinner table with the Lutheran Cathedral in the background"/>
		<layout-unit id="lay-1.02" xref="u-1.02" alt="Photo: A couple walking on the Esplanade"/>
		<layout-unit id="lay-1.03" xref="u-1.03">Helsinki -- the enjoyable experience</layout-unit>
		<layout-unit id="lay-1.04" xref="u-1.04 u-1.05 u-1.06 u-1.07">Helsinki is a modern European capital where an urban lifestyle, the sea and nature interact.</layout-unit>
		<layout-unit id="lay-1.05" xref="u-1.08 u-1.09 u-1.10">Whether it is the sights, shopping, restaurants, culture or entertainment you are looking for, Helsinki will fulfil your expectations.</layout-unit>
		<layout-unit id="lay-1.06" xref="u-1.11">Making the most of your visit</layout-unit>
		<layout-unit id="lay-1.07" xref="u-1.12 u-1.13 u-1.14 u-1.15">This brochure has been designed to help you enjoy Helsinki without having to spend unnecessary amount of time planning your next move.</layout-unit>
		<layout-unit id="lay-1.08" xref="u-1.16 u-1.17 u-1.18">So go ahead, make the most of your visit to the Daughter of the Baltic!</layout-unit>
		<layout-unit id="lay-1.09" xref="u-1.19" alt="Illustration: Coat of arms"/>
		<layout-unit id="lay-1.10" xref="u-1.20">City of Helsinki</layout-unit>
		<layout-unit id="lay-1.11" xref="u-1.21 u-1.22 u-1.23 u-1.24 u-1.25">
			<layout-unit id="lay-1.11.1" xref="u-1.21">Tourist &amp; Convention Bureau</layout-unit>
			<layout-unit id="lay-1.11.2" xref="u-1.22 u-1.23 u-1.24 u-1.25">Pohjoisesplanadi 19</layout-unit>
		</layout-unit>
		<layout-unit id ="lay-1.12" xref="u-1.26 u-1.27 u-1.28">
			<layout-unit id="lay-1.12.1" xref="u-1.26">Opening hours:</layout-unit>
			<layout-unit id="lay-1.12.2" xref="u-1.27 u-1.28">2.5.-30.9. Mon-Fri 9am-8pm, Sat-Sun 9am-6pm</layout-unit>
		</layout-unit>
		<layout-unit id="lay-1.13" xref="u-1.29 u-1.30">
			<layout-unit id="lay-1.13.1" xref="u-1.29">Further information about sights and events:</layout-unit>
			<layout-unit id="lay-1.13.2" xref="u-1.30">www.visithelsinki.fi</layout-unit>
		</layout-unit>
		<layout-unit id="lay-1.21" xref="u-1.31" alt="Photo: A couple in a bar"/>
		<layout-unit id="lay-1.22" xref="u-1.32" alt="Illustration: Bottom bar"/>
	</segmentation>
	<layout-structure>
		<layout-root id="wdh-2006-l-pages-1-2">
			<layout-leaf xref="lay-1.22" location="row-4" area-ref="wdh-2006-a-pages-1-2"/>
			<layout-chunk id="page-1" location="multi" area-ref="wdh-2006-a-pages-1-2">
				<layout-leaf xref="lay-1.01" location="col-1" area-ref="pages-a-1-2"/>
				<layout-leaf xref="lay-1.02" location="row-2" area-ref="page-a-1" valign="center" halign="center"/>
				<layout-chunk id="page-1-column-1" location="row-4" area-ref="page-a-1">
					<layout-leaf xref="lay-1.03" location="row-4" area-ref="page-a-1" valign="left" halign="top"/>
					<layout-chunk id="page-1-entry-1" location="row-4" area-ref="page-a-1">
						<layout-leaf xref="lay-1.04" location="row-4" area-ref="page-a-1" valign="left" vindent="4mm"/>
						<layout-leaf xref="lay-1.05" location="row-4" area-ref="page-a-1" valign="left" vindent="4mm"/>
					</layout-chunk>
				</layout-chunk>
			</layout-chunk>
			<layout-chunk id="page-2" location="multi" area-ref="wdh-2006-a-pages-1-2">
				<layout-leaf xref="lay-1.21" location="col-7" area-ref="pages-a-1-2"/>
				<layout-chunk id="page-2-column-1" location="row-2" area-ref="page-a-2">
					<layout-leaf xref="lay-1.06" location="row-2" area-ref="page-a-2" valign="left" halign="top"/>
					<layout-chunk id="page-2-entry-1" location="row-2" area-ref="page-a-2">
						<layout-leaf xref="lay-1.07" location="row-2" area-ref="page-a-2" valign="left" vindent="4mm"/>
						<layout-leaf xref="lay-1.08" location="row-2" area-ref="page-a-2" valign="left" vindent="4mm"/>
					</layout-chunk>
				</layout-chunk>
				<layout-chunk id="page-2-contact-info" location="multi" area-ref="page-a-2-b">
					<layout-leaf xref="lay-1.09" location="col-1" area-ref="page-a-2-b" valign="left" halign="top"/>
					<layout-leaf xref="lay-1.10" location="col-2" area-ref="page-a-2-b" valign="left" vindent="4mm"/>
						<layout-chunk id="contact-info-entry-1" location="col-2" area-ref="page-a-2-b" valign="left" vindent="10mm">
							<layout-leaf xref="lay-1.11.1" location="col-2" area-ref="page-a-2-b" valign="left"/>
							<layout-leaf xref="lay-1.11.2" location="col-2" area-ref="page-a-2-b" valign="left"/>
						</layout-chunk>
						<layout-chunk id="contact-info-entry-2" location="col-2" area-ref="page-a-2-b" valign="left" vindent="4mm">
							<layout-leaf xref="lay-1.12.1" location="col-2" area-ref="page-a-2-b" valign="left"/>
							<layout-leaf xref="lay-1.12.2" location="col-2" area-ref="page-a-2-b" valign="left"/>
						</layout-chunk>
						<layout-chunk id="contact-info-entry-3" location="col-2" area-ref="page-a-2-b" valign="left" vindent="4mm">
							<layout-leaf xref="lay-1.13.1" location="col-2" area-ref="page-a-2-b" valign="left"/>
							<layout-leaf xref="lay-1.13.2" location="col-2" area-ref="page-a-2-b" valign="left"/>
						</layout-chunk>
				</layout-chunk>
			</layout-chunk>
		</layout-root>
	</layout-structure>
	<realization>
		<graphics xref="lay-1.01" type="photo" colors="mixed" width="84mm" height="150mm"/>
		<graphics xref="lay-1.02" type="photo" colors="mixed" width="37mm" height="37mm"/>
		<graphics xref="lay-1.21" type="photo" colors="mixed" width="84mm" height="150mm"/>
		<text xref="lay-1.03 lay-1.06" font-family="sans-serif" font-size="6" font-style="normal" font-weight="normal" case="mixed" color="light-green"/>
		<text xref="lay-1.04 lay-1.05 lay-1.07 lay-1.08" font-family="sans-serif" font-size="5" font-style="normal" font-weight="normal" case="mixed" color="black"/>
		<text xref="lay-1.10" font-family="sans-serif" font-size="7" font-style="normal" font-weight="bold" case="mixed" color="black"/>
		<text xref="lay-1.11.2 lay-1.12.2 lay-1.13.2" font-family="sans-serif" font-size="4" font-style="normal" font-weight="normal" case="mixed" color="black"/>
		<hi-text xref="lay-1.12.1" context="lay-1.12" font-family="sans-serif" font-size="4" font-style="normal" font-weight="normal" case="mixed" color="light-green"/>
		<hi-text xref="lay-1.13.1" context="lay-1.13" font-family="sans-serif" font-size="4" font-style="normal" font-weight="normal" case="mixed" color="light-green"/>
		<hi-text xref="lay-1.11.1" context="lay-1.11" font-family="sans-serif" font-size="4" font-style="normal" font-weight="normal" case="mixed" color="light-green"/>
		<graphics xref="lay-1.09" type="illustration" colors="black" width="9mm" height="13mm"/>
		<graphics xref="lay-1.22" type="illustration" colors="mixed" width="336mm" height="8mm"/>
	</realization>
	<area-model>
		<area-root id="wdh-2006-a-pages-1-2" cols="1" rows="4" hspacing="100" vspacing="1 91 1 7" width="336mm" height="164mm">
			<sub-area id="pages-a-1-2" location="row-2" cols="7" rows="1" hspacing="25 1 22 3 22 1 26" vspacing="100" width="336mm" height="150mm">
				<sub-area id="page-a-1" location="col-3" cols="1" rows="4" hspacing="100" vspacing="12 25 13 50" width="74mm" height="150mm"/>
				<sub-area id="page-a-2" location="col-5" cols="1" rows="3" hspacing="100" vspacing="5 50 45" width="74mm" height="150mm">
					<sub-area id="page-a-2-b" location="row-3" cols="2" rows="1" hspacing="15 85" vspacing="100" width="74mm" height="66mm"/>
				</sub-area>
			</sub-area>
		</area-root>
	</area-model>
</gemLayout>
