<?xml version="1.0" encoding="UTF-8"?>

<gemBase>
	<unit id="u-1.01" alt="Photo: Tuomo Ruutu"/>
	<unit id="u-1.02" alt="Photo: Girl browsing books"/>
	<unit id="u-1.03" alt="Photo: Boy with a hat"/>
	<unit id="u-1.04" alt="Photo: Building facade"></unit>
	<unit id="u-1.05" alt="Photo: Hot dog stand menu"/>
	<unit id="u-1.06" alt="Photo: Concert"/>
	<unit id="u-1.07" alt="Photo: Hot dog stand menu #2"/>
	<unit id="u-1.08" alt="Photo: Building facade #2"/>
	<unit id="u-1.09" alt="Photo: Guitarist close-up"/>
	<unit id="u-1.10" alt="Photo: Hot dog stand at night"/>
	<unit id="u-1.11">BOHEMIAN NORDIC ODDITY</unit>
	<unit id="u-1.12">24 Solid Things in</unit>
	<unit id="u-1.13" alt="Logo: HELSINKI ALL POINTS CONSIDERED"/>
	<unit id="u-1.14">HELSINKI CITY TOURIST &amp; CONVENTION BUREAU</unit>
	<unit id="u-1.15">P.O. Box 1 (Pohjoisesplanadi 19),</unit>
	<unit id="u-1.16">FI-00099 City of Helsinki, Finland</unit>
	<unit id="u-1.17">Tel. +358 (0)9 169 3757 • Fax +358 (0)9 169 3839</unit>
	<unit id="u-1.18">tourist.info@hel.fi • www.hel.fi/tourism</unit>
	<unit id="u-1.19">Open: 2.5.-30.9. Mon-Fri 9-20, Sat-Sun 9-18</unit>
	<unit id="u-1.20">1.10.-1.5. Mon-Fri 9-18, Sat Sun 10-16</unit>
	<unit id="u-1.21" alt="Illustration: City of Helsinki coat of arms"/>
	<unit id="u-1.22">City of Helsinki</unit>
	<unit id="u-1.23" alt="Logo: HELSINKI ALL POINTS CONSIDERED"/>
	<unit id="u-2.01">1</unit>
	<unit id="u-2.02">GENUINE HELSINKI</unit>
	<unit id="u-2.03">Helsinki's traditional yellow grill kiosks offer the summer's best coffee and juice moments.</unit>
	<unit id="u-2.04">In the wintertime nothing tastes better than Finland's traditional night food, meat pies.</unit>
	<unit id="u-2.05">Just queuing up in the sub-zero temperatures is an experience!</unit>
	<unit id="u-2.06">You can find them around the city, for example <unit id="u-2.06.1">Korkeavuorenkatu kiosk</unit> (next to St. John's Church), or <unit id="u-2.06.2">Tuomas Burger</unit> (Iso-Roobertinkatu).</unit>
	<unit id="u-2.07">2</unit>
	<unit id="u-2.08">SECOND-HAND</unit>
	<unit id="u-2.09">One person's old clothing is another person's cool style.</unit>
	<unit id="u-2.10">The Valtteri Flea Market Hall in Vallila lets you look through other people's sartorial histories.</unit>
	<unit id="u-2.11">In the city centre, head for the Hietalahti Flea Market, which is a great place to spend the day.</unit>
	<unit id="u-2.12">The Hietalahti Market Hall houses wonderful antique booths throughout the year.</unit>
	<unit id="u-2.13"><unit id="u-2.13.1">Valtteri</unit>, Aleksis Kivenkatu 17, self-service flea market open Mon-Fri 10am-7pm, Sat-Sun 9am-3pm.</unit>
	<unit id="u-2.14">Traditional flea market open Wed, Sat, Sun 9am-3pm.</unit>
	<unit id="u-2.15"><unit id="u-2.15.1">Hietalahti Flea Market</unit>, summertime Mon-Fri 8am-8pm, Sat 8am-3pm, Sun 10am-4pm.</unit>
	<unit id="u-2.16">3</unit>
	<unit id="u-2.17">THE BEST ROCK CLUB</unit>
	<unit id="u-2.18">This is where every band wants the chance to perform.</unit>
	<unit id="u-2.19">Up-and-coming bands take to the stage in Semifinal, while Tavastia is home to the giants.</unit>
	<unit id="u-2.20">Finnish and international bands perform most evenings throughout the week.</unit>
	<unit id="u-2.21"><unit id="u-2.21.1">Tavastia and Semifinal</unit>, Urhokekkosenkatu 4-6, www.tavastiaklubi.fi</unit>
	<unit id="u-2.22">4</unit>
	<unit id="u-2.23">SHOPPING TUNNELS</unit>
	<unit id="u-2.24">Should the rain catch you out in central shopping area, just head underground.</unit>
	<unit id="u-2.25">Helsinki has an ever-expanding network of subterranean tunnels that allow you to walk from one shopping centre to the next without having to go outdoors.</unit>
	<unit id="u-2.26">Asematunneli - Forum - Kamppi - Stockmann - Academic Bookstore.</unit>
	<unit id="u-2.27">5</unit>
	<unit id="u-2.28">BOHEMIAN TASTES ON YOUR PLATE</unit>
	<unit id="u-2.29">Mare Chiaro has to be Finland's most idyllic pizzeria, playing classic Finnish hits to enhance the atmosphere.</unit>
	<unit id="u-2.30">Be prepared to wait, however, as this small restaurant is often packed.</unit>
	<unit id="u-2.31">Matushka offers inexpensive Russian food and beer.</unit>
	<unit id="u-2.32">Both establishments have colourful clientele that range in age from 18 to 70.</unit>
	<unit id="u-2.33"><unit id="u-2.33.1">Mare Chiaro</unit>, Hämeentie 20.</unit>
	<unit id="u-2.34"><unit id="u-2.34.1">Cafe Matushka</unit>, Fleminginkatu 7.</unit>
	<unit id="u-2.35">6</unit>
	<unit id="u-2.36">RETRO HELSINKI</unit>
	<unit id="u-2.37">Karhupuisto Park is a good place to start exploring Kallio district.</unit>
	<unit id="u-2.38">Sex shops, antiquarian bookshops, bars, pizzerias, tattoo studios and everything else can be found when wandering these streets.</unit>
	<unit id="u-2.39">You can also discover some real finds.</unit>
	<unit id="u-2.40"><unit id="u-2.40.1">Wanha Kaarle</unit> specialises in lovely and strange items from the 1950s.</unit>
	<unit id="u-2.41">Kaarlenkatu 13.</unit>
	<unit id="u-2.42"><unit id="u-2.42.1">Tapettitalo</unit> meanwhile offers beautiful old-fashioned handmade wallpaper - ideal for reminding you of your trip to Finland when redecorating back home.</unit>
	<unit id="u-2.43">Fleminginkatu 4, www.tapettitalo.fi.</unit>
	<unit id="u-2.44">7</unit>
	<unit id="u-2.45">KALLIO'S GAY BARS</unit>
	<unit id="u-2.46">Check out these two down to earth establishments if you just want to be yourself.</unit>
	<unit id="u-2.47"><unit id="u-2.47.1">Fairytale</unit>, Helsinginkatu 7 (push the door bell to get in).</unit>
	<unit id="u-2.48"><unit id="u-2.48.1">Nalle Pub</unit>, Kaarlenkatu 3-5 (for girls).</unit>
	<unit id="u-2.49">8</unit>
	<unit id="u-2.50">HAKANIEMI'S ARTIST RESTAURANTS</unit>
	<unit id="u-2.51">Hakaniemi has some great local restaurants that are popular among actors, poets and musicians.</unit>
	<unit id="u-2.52"><unit id="u-2.52.1">Rytmi</unit> lets you listen to some good music and check your e-mails in a cultural setting.</unit>
	<unit id="u-2.53">Toinen Linja 2.</unit>
	<unit id="u-2.54"><unit id="u-2.54.1">Sävel</unit> plays classic Finnish hits and brings the idyllic aesthetic of the past into the present.</unit>
	<unit id="u-2.55">Hämeentie 2.</unit>
	<unit id="u-2.56">9</unit>
	<unit id="u-2.57">HEAVY METAL THUNDER</unit>
	<unit id="u-2.58">Finland is an oasis for fans of heavy metal music.</unit>
	<unit id="u-2.59"><unit id="u-2.59.1">Tuska</unit> is an annual heavy metal festival in the heart of the city in mid July.</unit>
	<unit id="u-2.60">www.tuska-festival.fi.</unit>
	<unit id="u-2.61"><unit id="u-2.61.1">Spinefarm Records</unit> is a well-known record label for heavy metal bands (www.spinefarm.fi), while Combat Rock Industry specialises in punk-based rock music.</unit>
	<unit id="u-2.62"><unit id="u-2.62.1">Combat Rock Shop</unit>, Frederikinkatu 58, Mon-Fri 11am-6pm, Sat 11am-3pm, www.fireinsidemusic.com.</unit>
	<unit id="u-2.63">10</unit>
	<unit id="u-2.64"><unit id="u-2.64.1">HEAVY METAL KARAOKE</unit> has been a great success throughout Finland.</unit>
	<unit id="u-2.65">Air guitars wail and long hair whips the tables - great!</unit>
	<unit id="u-2.66">Check it out at <unit id="u-2.66.1">Hevimesta</unit> (Hallituskatu 3) or <unit id="u-2.66.2">Corner Bar</unit> (Hietaniemenkatu 2).</unit>
	<unit id="u-2.67">For more traditional karaoke try <unit id="u-2.67.1">Pataässä</unit>, Mariankatu 9.</unit>
	<unit id="u-2.68">11</unit>
	<unit id="u-2.69">FINNISH SAUNA</unit>
	<unit id="u-2.70">When you are in Finland, you have to try a sauna.</unit>
	<unit id="u-2.71">Kotiharjun Sauna lets you wash, enjoy a massage, and listen to Finns tell straightforward tales of you and suffering.</unit>
	<unit id="u-2.72"><unit id="u-2.72.1">Kotiharjun Sauna</unit>, Harjutorinkatu 1, Tue-Fri 2pm-8pm, Sat 1pm-7pm, tel. +358 (0)9 753 1535.</unit>
	<unit id="u-2.73">12</unit>
	<unit id="u-2.74">RUSSIA IN HELSINKI</unit>
	<unit id="u-2.75">The wonderful Russian restaurant Saslik reflects the splendour of tsarist Russia.</unit>
	<unit id="u-2.76">Exclusive, but authentic.</unit>
	<unit id="u-2.77"><unit id="u-2.77.1">Saslik</unit>, Neitsytpolku 12, tel.+358 (0)9 7425 5500.</unit>
	<unit id="u-2.78">If you are not hungry, have a cup of Russian tea at the <unit id="u-2.78.1">Russian Tearoom</unit> on Sofiankatu 5.</unit>
	<unit id="u-2.79">13</unit>
	<unit id="u-2.80">THE LEGENDARY KAURISMÄKI BARS</unit>
	<unit id="u-2.81">Check out the restaurant complex founded by the legendary Kaurismäki brothers.</unit>
	<unit id="u-2.82">Start at the nostalgic Soviet-styled Moskova Bar, move over to the Corona bar to play some billiards, and then head downstairs to the Dubrovnik to listen to some live music or clubbing.</unit>
	<unit id="u-2.83"><unit id="u-2.83.1">Dubrovnik/Moskova/Corona</unit>, Eerikinkatu 11.</unit>
	<unit id="u-2.84">14</unit>
	<unit id="u-2.85">HOME COOKING</unit>
	<unit id="u-2.86">In these classic home-cooking restaurants, the steaks are as thick as VHS cassettes - and the butter is not spared.</unit>
	<unit id="u-2.87"><unit id="u-2.87.1">Beefy Queen Jambo</unit>, Pieni Roobertinkatu 13, or <unit id="u-2.87.2">Elviira's Grill&amp;Cafe</unit> Punavuorenkatu 3.</unit>
	<unit id="u-2.88">15</unit>
	<unit id="u-2.89">BOHEMIAN HANGOUTS</unit>
	<unit id="u-2.90">Seahorse is a classic among cultural people in southern Helsinki, offering Finnish food and drinks in a true Finnish atmosphere.</unit>
	<unit id="u-2.91"><unit id="u-2.91.1">Seahorse</unit>, Kapteeninkatu 11, www.seahorse.fi.</unit>
	<unit id="u-2.92">Salve offers a real maritime atmosphere in this old sailor's restaurant, with huge dishes to satisfy all appetites.</unit>
	<unit id="u-2.93"><unit id="u-2.93.1">Salve</unit>, Hietalahdenranta 11, Mon-Sat 9am-12midnight, Sun 9am-11pm.</unit>
	<unit id="u-2.94">16</unit>
	<unit id="u-2.95">HAKANIEMI MARKET SQUARE</unit>
	<unit id="u-2.96">Head to Hakaniemi Market, where you can buy fresh ingredients and handicrafts, or just sit in the cafés and watch the people go by.</unit>
	<unit id="u-2.97">This is where real Finns go about their business.</unit>
	<unit id="u-2.98">Next door you will find an indoor market hall that is open year round.</unit>
	<unit id="u-2.99">Take the Metro to Hakaniemi.</unit>
	<unit id="u-2.100">17</unit>
	<unit id="u-2.101">LOVE, ANARCHY AND INDIE FILMS</unit>
	<unit id="u-2.102">The Love &amp; Anarchy film festival takes place each autumn in Helsinki's classic cinemas, the Bio Rex, Maxim and Kino Engel.</unit>
	<unit id="u-2.103">The Kesäkino Engel also screens films outdoors in the summertime.</unit>
	<unit id="u-2.104">Love &amp; Anarchy in September, www.hiff.fi.</unit>
	<unit id="u-2.105"><unit id="u-2.105.1">Bio Rex</unit>, Mannerheimintie 22-24.</unit>
	<unit id="u-2.106"><unit id="u-2.106.1">Maxim</unit>, Kluuvikatu 1.</unit>
	<unit id="u-2.107"><unit id="u-2.107.1">Kino Engel</unit>, 1&amp;2, Sofiankatu 4.</unit>
	<unit id="u-2.108"><unit id="u-2.108.1">Kesäkino Engel</unit>, Aleksanterinkatu 26.</unit>
	<unit id="u-2.109">18</unit>
	<unit id="u-2.110">OLD-TIME GLAMOUR</unit>
	<unit id="u-2.111">One of Finland's oldest cultural restaurants, Elite has been a hangout of major artists since 1932.</unit>
	<unit id="u-2.112">Many of the establishment's famous clients are remembered on the walls of its stylish interior.</unit>
	<unit id="u-2.113"><unit id="u-2.113.1">Elite</unit>, Eteläinen Hesperiankatu 22, tel. +358 (0)9 434 2200.</unit>
	<unit id="u-2.114">19</unit>
	<unit id="u-2.115">SAUNABAR</unit>
	<unit id="u-2.116">This unique bar is a favourite among young people and lets you enjoy a sauna without reservation and play billiards in a laid-back atmosphere.</unit>
	<unit id="u-2.117">Music is played in the evenings, and there are occasional live performances.</unit>
	<unit id="u-2.118"><unit id="u-2.118.1">Saunabar</unit>, Eerikinkatu 27 (opens again in autumn 2005).</unit>
	<unit id="u-2.119">20</unit>
	<unit id="u-2.120">YRJÖNKATU SWIMMING HALL</unit>
	<unit id="u-2.121">Wallpaper magazine rated this as Europe's third best indoor swimming experience.</unit>
	<unit id="u-2.122">Here you can enjoy nude swimming in a Roman setting.</unit>
	<unit id="u-2.123">Men and women bathe separately.</unit>
	<unit id="u-2.124"><unit id="u-2.124.1">Yrjönkatu Swimming Hall</unit>, Yrjönkatu 21, tel. +358 (09) 3108 7401.</unit>
	<unit id="u-2.125">www.hel.fi/liv/eng/pools.html.</unit>
	<unit id="u-2.126">21</unit>
	<unit id="u-2.127"><unit id="u-2.127.1">THE CABLE FACTORY</unit> is a multifunctional art and culture centre that houses galleries, theatres, museums and a restaurant.</unit>
	<unit id="u-2.128"><unit id="u-2.128.1">Cable Factory</unit>, Tallberginkatu 1, take the Metro to Ruoholahti or Tram 8.</unit>
	<unit id="u-2.129">Info tel. +358 (0)9 4763 8330.</unit>
	<unit id="u-2.130">www.kaapelitehdas.fi.</unit>
	<unit id="u-2.131">22</unit>
	<unit id="u-2.132">ZETOR AND THE LENINGRAD COWBOYS</unit>
	<unit id="u-2.133">countryside hick restaurant in the heart of the city.</unit>
	<unit id="u-2.134">Here you can party among tractors without having to show off.</unit>
	<unit id="u-2.135"><unit id="u-2.135.1">Zetor</unit>, Kaivopiha, Mannerheimintie 3-5.</unit>
	<unit id="u-2.136">www.ravintolazetor.fi.</unit>
	<unit id="u-2.137">23</unit>
	<unit id="u-2.138">TIMELESS CINEMA</unit>
	<unit id="u-2.139">Take a seat in the Orion Theatre and enjoy classic and independent films on the big screen.</unit>
	<unit id="u-2.140">Eerikinkatu 15, www.sea.fi/esitykset.</unit>
	<unit id="u-2.141">24</unit>
	<unit id="u-2.142">KUNSTHALLE ART AND DINNER</unit>
	<unit id="u-2.143">Taidehallin klubi (the Kunsthalle Club) offers excellent food alongside the Kunsthalle Art Gallery.</unit>
	<unit id="u-2.144">The restaurant also houses an idyllic small bar that offers tapas.</unit>
	<unit id="u-2.145"><unit id="u-2.145.1">Taidehalli</unit> (Kunsthalle Art Gallery), Nervanderinkatu 3, www.taidehalli.fi.</unit>
	<unit id="u-2.146"><unit id="u-2.146.1">Taidehallin klubi</unit>, Ainonkatu 3, Mon-Fri 11am-12midnight, Sat 12noon-12midnight, bar open Mon-Sat 6pm-2am, tel. +358 (0)9 4366 0320.</unit>
</gemBase>

