<?xml version="1.0" encoding="UTF-8"?>

<gemRst>
	<segmentation>
		<segment id="s-1.01" xref="u-1.01" alt="Photo: Tuomo Ruutu"/>
		<segment id="s-1.02" xref="u-1.02" alt="Photo: Girl browsing books"/>
		<segment id="s-1.03" xref="u-1.03" alt="Photo: Boy with a hat"/>
		<segment id="s-1.04" xref="u-1.04" alt="Photo: Building facade"/>
		<segment id="s-1.05" xref="u-1.05" alt="Photo: Hot dog stand menu"/>
		<segment id="s-1.06" xref="u-1.06" alt="Photo: Concert"/>
		<segment id="s-1.07" xref="u-1.07" alt="Photo: Hot dog stand menu #2"/>
		<segment id="s-1.08" xref="u-1.08" alt="Photo: Building facade #2"/>
		<segment id="s-1.09" xref="u-1.09" alt="Photo: Guitarist close-up"/>
		<segment id="s-1.10" xref="u-1.10" alt="Photo: Hot dog stand at night"/>
		<segment id="s-1.11" xref="u-1.11">BOHEMIAN NORDIC ODDITY</segment>
		<segment id="s-1.12" xref="u-1.12">24 Solid Things in</segment>
		<segment id="s-1.13" xref="u-1.13" alt="Logo: HELSINKI ALL POINTS CONSIDERED"/>
		<segment id="s-1.14" xref="u-1.14">HELSINKI CITY TOURIST &amp; CONVENTION BUREAU</segment>
		<segment id="s-1.15" xref="u-1.15">P.O. Box 1 (Pohjoisesplanadi 19),</segment>
		<segment id="s-1.16" xref="u-1.16">FI-00099 City of Helsinki, Finland</segment>
		<segment id="s-1.17" xref="u-1.17">Tel. +358 (0)9 169 3757 • Fax +358 (0)9 169 3839</segment>
		<segment id="s-1.18" xref="u-1.18">tourist.info@hel.fi • www.hel.fi/tourism</segment>
		<segment id="s-1.19" xref="u-1.19">Open: 2.5.-30.9. Mon-Fri 9-20, Sat-Sun 9-18</segment>
		<segment id="s-1.20" xref="u-1.20">1.10.-1.5. Mon-Fri 9-18, Sat Sun 10-16</segment>
		<mini-segment id="s-1.21" xref="u-1.21" alt="Illustration: City of Helsinki coat of arms"/>
		<segment id="s-1.22" xref="u-1.22">City of Helsinki</segment>
		<segment id="s-1.23" xref="u-1.23" alt="Logo: HELSINKI ALL POINTS CONSIDERED"/>
		<segment id="s-2.01" xref="u-2.01">1</segment>
		<segment id="s-2.02" xref="u-2.02">GENUINE HELSINKI</segment>
		<segment id="s-2.03" xref="u-2.03">Helsinki's traditional yellow grill kiosks offer the summer's best coffee and juice moments.</segment>
		<segment id="s-2.04" xref="u-2.04">In the wintertime nothing tastes better than Finland's traditional night food, meat pies.</segment>
		<segment id="s-2.05" xref="u-2.05">Just queuing up in the sub-zero temperatures is an experience!</segment>
		<segment id="s-2.06" xref="u-2.06">You can find them around the city, for example Korkeavuorenkatu kiosk (next to St. John's Church), or Tuomas Burger (Iso-Roobertinkatu).</segment>
		<segment id="s-2.07" xref="u-2.07">2</segment>
		<segment id="s-2.08" xref="u-2.08">SECOND-HAND</segment>
		<segment id="s-2.09" xref="u-2.09">One person's old clothing is another person's cool style.</segment>
		<segment id="s-2.10" xref="u-2.10">The Valtteri Flea Market Hall in Vallila lets you look through other people's sartorial histories.</segment>
		<segment id="s-2.11" xref="u-2.11">In the city centre, head for the Hietalahti Flea Market, which is a great place to spend the day.</segment>
		<segment id="s-2.12" xref="u-2.12">The Hietalahti Market Hall houses wonderful antique booths throughout the year.</segment>
		<segment id="s-2.13" xref="u-2.13">Valtteri, Aleksis Kivenkatu 17, self-service flea market open Mon-Fri 10am-7pm, Sat-Sun 9am-3pm.</segment>
		<segment id="s-2.14" xref="u-2.14">Traditional flea market open Wed, Sat, Sun 9am-3pm.</segment>
		<segment id="s-2.15" xref="u-2.15">Hietalahti Flea Market, summertime Mon-Fri 8am-8pm, Sat 8am-3pm, Sun 10am-4pm.</segment>
		<segment id="s-2.16" xref="u-2.16">3</segment>
		<segment id="s-2.17" xref="u-2.17">THE BEST ROCK CLUB</segment>
		<segment id="s-2.18" xref="u-2.18">This is where every band wants the chance to perform.</segment>
		<segment id="s-2.19" xref="u-2.19">Up-and-coming bands take to the stage in Semifinal, while Tavastia is home to the giants.</segment>
		<segment id="s-2.20" xref="u-2.20">Finnish and international bands perform most evenings throughout the week.</segment>
		<segment id="s-2.21" xref="u-2.21">Tavastia and Semifinal, Urhokekkosenkatu 4-6, www.tavastiaklubi.fi</segment>
		<segment id="s-2.22" xref="u-2.22">4</segment>
		<segment id="s-2.23" xref="u-2.23">SHOPPING TUNNELS</segment>
		<segment id="s-2.24" xref="u-2.24">Should the rain catch you out in central shopping area, just head underground.</segment>
		<segment id="s-2.25" xref="u-2.25">Helsinki has an ever-expanding network of subterranean tunnels that allow you to walk from one shopping centre to the next without having to go outdoors.</segment>
		<segment id="s-2.26" xref="u-2.26">Asematunneli - Forum - Kamppi - Stockmann - Academic Bookstore.</segment>
		<segment id="s-2.27" xref="u-2.27">5</segment>
		<segment id="s-2.28" xref="u-2.28">BOHEMIAN TASTES ON YOUR PLATE</segment>
		<segment id="s-2.29" xref="u-2.29">Mare Chiaro has to be Finland's most idyllic pizzeria, playing classic Finnish hits to enhance the atmosphere.</segment>
		<segment id="s-2.30" xref="u-2.30">Be prepared to wait, however, as this small restaurant is often packed.</segment>
		<segment id="s-2.31" xref="u-2.31">Matushka offers inexpensive Russian food and beer.</segment>
		<segment id="s-2.32" xref="u-2.32">Both establishments have colourful clientele that range in age from 18 to 70.</segment>
		<segment id="s-2.33" xref="u-2.33">Mare Chiaro, Hämeentie 20.</segment>
		<segment id="s-2.34" xref="u-2.34">Cafe Matushka, Fleminginkatu 7.</segment>
		<segment id="s-2.35" xref="u-2.35">6</segment>
		<segment id="s-2.36" xref="u-2.36">RETRO HELSINKI</segment>
		<segment id="s-2.37" xref="u-2.37">Karhupuisto Park is a good plcae to start exploring Kallio district.</segment>
		<segment id="s-2.38" xref="u-2.38">Sex shops, antiquarian bookshops, bars, pizzerias, tattoo studios and everything else can be found when wandering these streets.</segment>
		<segment id="s-2.39" xref="u-2.39">You can also discover some real finds.</segment>
		<segment id="s-2.40" xref="u-2.40">Wanha Kaarle specialises in lovely and strange items from the 1950s.</segment>
		<segment id="s-2.41" xref="u-2.41">Kaarlenkatu 13.</segment>
		<segment id="s-2.42" xref="u-2.42">Tapettitalo meanwhile offers beautiful old-fashioned handmade wallpaper - ideal for reminding you of your trip to Finland when redecorating back home.</segment>
		<segment id="s-2.43" xref="u-2.43">Fleminginkatu 4, www.tapettitalo.fi.</segment>
		<segment id="s-2.44" xref="u-2.44">7</segment>
		<segment id="s-2.45" xref="u-2.45">KALLIO'S GAY BARS</segment>
		<segment id="s-2.46" xref="u-2.46">Check out these two down to earth establishments if you just want to be yourself.</segment>
		<segment id="s-2.47" xref="u-2.47">Fairytale, Helsinginkatu 7 (push the door bell to get in).</segment>
		<segment id="s-2.48" xref="u-2.48">Nalle Pub, Kaarlenkatu 3-5 (for girls).</segment>
		<segment id="s-2.49" xref="u-2.49">8</segment>
		<segment id="s-2.50" xref="u-2.50">HAKANIEMI'S ARTIST RESTAURANTS</segment>
		<segment id="s-2.51" xref="u-2.51">Hakaniemi has some great local restaurants that are popular among actors, poets and musicians.</segment>
		<segment id="s-2.52" xref="u-2.52">Rytmi  lets you listen to some good music and check your e-mails in a cultural setting.</segment>
		<segment id="s-2.53" xref="u-2.53">Toinen Linja 2.</segment>
		<segment id="s-2.54" xref="u-2.54">Sävel plays classic Finnish hits and brings the idyllic aesthetic of the past into the present.</segment>
		<segment id="s-2.55" xref="u-2.55">Hämeentie 2.</segment>
		<segment id="s-2.56" xref="u-2.56">9</segment>
		<segment id="s-2.57" xref="u-2.57">HEAVY METAL THUNDER</segment>
		<segment id="s-2.58" xref="u-2.58">Finland is an oasis for fans of heavy metal music.</segment>
		<segment id="s-2.59" xref="u-2.59">Tuska is an annual heavy metal festival in the heart of the city in mid July.</segment>
		<segment id="s-2.60" xref="u-2.60">www.tuska-festival.fi.</segment>
		<segment id="s-2.61" xref="u-2.61">Spinefarm Records is a well-known record label for heavy metal bands (www.spinefarm.fi), while Combat Rock Industry specialises in punk-based rock music.</segment>
		<segment id="s-2.62" xref="u-2.62">Combat Rock Shop, Frederikinkatu 58, Mon-Fri 11am-6pm, Sat 11am-3pm, www.fireinsidemusic.com.</segment>
		<segment id="s-2.63" xref="u-2.63">10</segment>
		<segment id="s-2.64" xref="u-2.64">HEAVY METAL KARAOKE has been a breat success throughout Finland.</segment>
		<segment id="s-2.65" xref="u-2.65">Air guitars wail and long hair whips the tables - great!</segment>
		<segment id="s-2.66" xref="u-2.66">Check it out at Hevimesta (Hallituskatu 3) or Corner Bar (Hietaniemenkatu 2).</segment>
		<segment id="s-2.67" xref="u-2.67">For more traditional karaoke try Pataässä, Mariankatu 9.</segment>
		<segment id="s-2.68" xref="u-2.68">11</segment>
		<segment id="s-2.69" xref="u-2.69">FINNISH SAUNA</segment>
		<segment id="s-2.70" xref="u-2.70">When you are in Finland, you have to try a sauna.</segment>
		<segment id="s-2.71" xref="u-2.71">Kotiharjun Sauna lets you wash, enjoy a massage, and listen to Finns tell straightforward tales of you and suffering.</segment>
		<segment id="s-2.72" xref="u-2.72">Kotiharjun Sauna, Harjutorinkatu 1, Tue-Fri 2pm-8pm, Sat 1pm-7pm, tel. +358 (0)9 753 1535.</segment>
		<segment id="s-2.73" xref="u-2.73">12</segment>
		<segment id="s-2.74" xref="u-2.74">RUSSIA IN HELSINKI</segment>
		<segment id="s-2.75" xref="u-2.75">The wonderful Russian restaurant Saslik reflects the splendour of tsarist Russia.</segment>
		<segment id="s-2.76" xref="u-2.76">Exclusive, but authentic.</segment>
		<segment id="s-2.77" xref="u-2.77">Saslik, Neitsytpolku 12, tel.+358 (0)9 7425 5500.</segment>
		<segment id="s-2.78" xref="u-2.78">If you are not hungry, have a cup of Russian tea at the Russian Tearoom on Sofiankatu 5.</segment>
		<segment id="s-2.79" xref="u-2.79">13</segment>
		<segment id="s-2.80" xref="u-2.80">THE LEGENDARY KAURISMÄKI BARS</segment>
		<segment id="s-2.81" xref="u-2.81">Check out the restaurant complex founded by the legendary Kaurismäki brothers.</segment>
		<segment id="s-2.82" xref="u-2.82">Start at the nostalgic Soviet-styled Moskova Bar, move over to the Corona bar to play some billiards, and then head downstairs to the Dubrovnik to listen to some live music or clubbing.</segment>
		<segment id="s-2.83" xref="u-2.83">Dubrovnik/Moskova/Corona, Eerikinkatu 11.</segment>
		<segment id="s-2.84" xref="u-2.84">14</segment>
		<segment id="s-2.85" xref="u-2.85">HOME COOKING</segment>
		<segment id="s-2.86" xref="u-2.86">In these classic home-cooking restaurants, the steaks are as thick as VHS cassettes - and the butter is not spared.</segment>
		<segment id="s-2.87" xref="u-2.87">Beefy Queen Jambo, Pieni Roobertinkatu 13, or Elviira's Grill&amp;Cafe Punavuorenkatu 3.</segment>
		<segment id="s-2.88" xref="u-2.88">15</segment>
		<segment id="s-2.89" xref="u-2.89">BOHEMIAN HANGOUTS</segment>
		<segment id="s-2.90" xref="u-2.90">Seahorse is a classic among cultural people in southern Helsinki, offering Finnish food and drinks in a true Finnish atmosphere.</segment>
		<segment id="s-2.91" xref="u-2.91">Seahorse, Kapteeninkatu 11, www.seahorse.fi.</segment>
		<segment id="s-2.92" xref="u-2.92">Salve offers a real maritime atmosphere in this old sailor's restaurant, with huge dishes to satisfy all appetites.</segment>
		<segment id="s-2.93" xref="u-2.93">Salve, Hietalahdenranta 11, Mon-Sat 9am-12midnight, Sun 9am-11pm.</segment>
		<segment id="s-2.94" xref="u-2.94">16</segment>
		<segment id="s-2.95" xref="u-2.95">HAKANIEMI MARKET SQUARE</segment>
		<segment id="s-2.96" xref="u-2.96">Head to Hakaniemi Market, where you can buy fresh ingredients and handicrafts, or just sit in the cafés and watch the people go by.</segment>
		<segment id="s-2.97" xref="u-2.97">This is where real Finns go about their business.</segment>
		<segment id="s-2.98" xref="u-2.98">Next door you will find an indoor market hall that is open year round.</segment>
		<segment id="s-2.99" xref="u-2.99">Take the Metro to Hakaniemi.</segment>
		<segment id="s-2.100" xref="u-2.100">17</segment>
		<segment id="s-2.101" xref="u-2.101">LOVE, ANARCHY AND INDIE FILMS</segment>
		<segment id="s-2.102" xref="u-2.102">The Love &amp; Anarchy film festival takes place each autumn in Helsinki's classic cinemas, the Bio Rex, Maxim and Kino Engel.</segment>
		<segment id="s-2.103" xref="u-2.103">The Kesäkino Engel also screens films outdoors in the summertime.</segment>
		<segment id="s-2.104" xref="u-2.104">Love &amp; Anarchy in September, www.hiff.fi.</segment>
		<segment id="s-2.105" xref="u-2.105">Bio Rex, Mannerheimintie 22-24.</segment>
		<segment id="s-2.106" xref="u-2.106">Maxim, Kluuvikatu 1.</segment>
		<segment id="s-2.107" xref="u-2.107">Kino Engel, 1&amp;2, Sofiankatu 4.</segment>
		<segment id="s-2.108" xref="u-2.108">Kesäkino Engel, Aleksanterinkatu 26.</segment>
		<segment id="s-2.109" xref="u-2.109">18</segment>
		<segment id="s-2.110" xref="u-2.110">OLD-TIME GLAMOUR</segment>
		<segment id="s-2.111" xref="u-2.111">One of Finland's oldest cultural restaurants, Elite has been a hangout of major artists since 1932.</segment>
		<segment id="s-2.112" xref="u-2.112">Many of the establishment's famous clients are remembered on the walls of its stylish interior.</segment>
		<segment id="s-2.113" xref="u-2.113">Elite, Eteläinen Hesperiankatu 22, tel. +358 (0)9 434 2200.</segment>
		<segment id="s-2.114" xref="u-2.114">19</segment>
		<segment id="s-2.115" xref="u-2.115">SAUNABAR</segment>
		<segment id="s-2.116" xref="u-2.116">This unique bar is a favourite among young people and lets you enjoy a sauna without reservation and play billiards in a laid-back atmosphere.</segment>
		<segment id="s-2.117" xref="u-2.117">Music is played in the evenings, and there are occasional live performances.</segment>
		<segment id="s-2.118" xref="u-2.118">Saunabar, Eerikinkatu 27 (opens again in autumn 2005).</segment>
		<segment id="s-2.119" xref="u-2.119">20</segment>
		<segment id="s-2.120" xref="u-2.120">YRJÖNKATU SWIMMING HALL</segment>
		<segment id="s-2.121" xref="u-2.121">Wallpaper magazine rated this as Europe's third best indoor swimming experience.</segment>
		<segment id="s-2.122" xref="u-2.122">Here you can enjoy nude swimming in a Roman setting.</segment>
		<segment id="s-2.123" xref="u-2.123">Men and women bathe separately.</segment>
		<segment id="s-2.124" xref="u-2.124">Yrjönkatu Swimming Hall, Yrjönkatu 21, tel. +358 (09) 3108 7401.</segment>
		<segment id="s-2.125" xref="u-2.125">www.hel.fi/liv/eng/pools.html.</segment>
		<segment id="s-2.126" xref="u-2.126">21</segment>
		<segment id="s-2.127" xref="u-2.127">THE CABLE FACTORY is a multifunctional art and culture centre that houses galleries, theatres, museums and a restaurant.</segment>
		<segment id="s-2.128" xref="u-2.128">Cable Factory, Tallberginkatu 1, take the Metro to Ruoholahti or Tram 8.</segment>
		<segment id="s-2.129" xref="u-2.129">Info tel. +358 (0)9 4763 8330.</segment>
		<segment id="s-2.130" xref="u-2.130">www.kaapelitehdas.fi.</segment>
		<segment id="s-2.131" xref="u-2.131">22</segment>
		<segment id="s-2.132" xref="u-2.132">ZETOR AND THE LENINGRAD COWBOYS</segment>
		<segment id="s-2.133" xref="u-2.133">countryside hick restaurant in the heart of the city.</segment>
		<segment id="s-2.134" xref="u-2.134">Here you can party among tractors without having to show off.</segment>
		<segment id="s-2.135" xref="u-2.135">Zetor, Kaivopiha, Mannerheimintie 3-5.</segment>
		<segment id="s-2.136" xref="u-2.136">www.ravintolazetor.fi.</segment>
		<segment id="s-2.137" xref="u-2.137">23</segment>
		<segment id="s-2.138" xref="u-2.138">TIMELESS CINEMA</segment>
		<segment id="s-2.139" xref="u-2.139">Take a seat in the Orion Theatre and enjoy classic and independent films on the big screen.</segment>
		<segment id="s-2.140" xref="u-2.140">Eerikinkatu 15, www.sea.fi/esitykset.</segment>
		<segment id="s-2.141" xref="u-2.141">24</segment>
		<segment id="s-2.142" xref="u-2.142">KUNSTHALLE ART AND DINNER</segment>
		<segment id="s-2.143" xref="u-2.143">Taidehallin klubi (the Kunsthalle Club) offers excellent food alongside the Kunsthalle Art Gallery.</segment>
		<segment id="s-2.144" xref="u-2.144">The restaurant also houses an idyllic small bar that offers tapas.</segment>
		<segment id="s-2.145" xref="u-2.145">Taidehalli (Kunsthalle Art Gallery), Nervanderinkatu 3, www.taidehalli.fi.</segment>
		<segment id="s-2.146" xref="u-2.146">Taidehallin klubi, Ainonkatu 3, Mon-Fri 11am-12midnight, Sat 12noon-12midnight, bar open Mon-Sat 6pm-2am, tel. +358 (0)9 4366 0320.</segment>
	</segmentation>
	<rst-structure>
		<multi-span id="span-1.02" nuclei="s-1.01 s-1.02 s-1.03 s-1.04 s-1.05 s-1.06 s-1.07 s-1.08 s-1.09 s-1.10 s-1.11" relation="restatement"/>
		<span id="span-1.03" nucleus="s-1.11" satellites="span-1.04 span-1.05" relation="elaboration"/>
		<multi-span id="span-1.04" nuclei="s-1.12 s-1.13" relation="joint"/>
		<span id="span-1.05" nucleus="s-1.14" satellites="span-1.06" relation="enablement"/>
		<multi-span id="span-1.06" nuclei="s-1.15 s-1.16 s-1.17 s-1.18 s-1.19 s-1.20" relation="joint"/>
		<multi-span id="span-1.07" nuclei="s-1.14 span-1.08 s-1.23" relation="joint"/>
		<mini-span id="span-1.08" attribuend="s-1.22" attribute="s-1.21" relation="identification"/>
	</rst-structure>
	<rst-structure>
		<multi-span id="span-2.01-m" nuclei="span-2.01 span-2.05 span-2.11 span-2.15 span-2.18 span-2.23 span-2.29 span-2.31 span-2.35 s-2.63 span-2.67 span-2.70 span-2.74 span-2.77 span-2.79 span-2.83 span-2.87 span-2.91 span-2.94 span-2.97 s-2.126 span-2.105 span-2.109 span-2.111" relation="list"/>
		<mini-span id="span-2.01" attribuend="s-2.01" attribute="s-2.02" relation="identification"/>
		<span id="span-2.02" nucleus="s-2.03" satellites="span-2.03" relation="elaboration">
			<title xref="span-2.01"/>
		</span>
		<span id="span-2.03" nucleus="s-2.04" satellites="s-2.05" relation="evaluation"/>
		<span id="span-2.04" nucleus="s-2.03" satellites="s-2.06" relation="enablement"/>
		<mini-span id="span-2.05" attribuend="s-2.07" attribute="s-2.08" relation="identification"/>
		<span id="span-2.06" nucleus="s-2.10" satellites="s-2.09" relation="background">
			<title xref="span-2.05"/>
		</span>
		<span id="span-2.07" nucleus="s-2.11" satellites="s-2.12" relation="elaboration"/>
		<multi-span id="span-2.08" nuclei="span-2.06 span-2.07" relation="joint"/>
		<span id="span-2.09" nucleus="span-2.08" satellites="span-2.10 s-2.15" relation="enablement"/>
		<span id="span-2.10" nucleus="s-2.13" satellites="s-2.14" relation="elaboration"/>
		<mini-span id="span-2.11" attribuend="s-2.16" attribute="s-2.17" relation="identification"/>
		<span id="span-2.12" nucleus="s-2.19" satellites="s-2.18" relation="background">
			<title xref="span-2.11"/>
		</span>
		<span id="span-2.13" nucleus="s-2.19" satellites="s-2.20" relation="elaboration"/>
		<span id="span-2.14" nucleus="s-2.19" satellites="s-2.21" relation="enablement"/>
		
		<mini-span id="span-2.15" attribuend="s-2.22" attribute="s-2.23" relation="identification"/>
		<span id="span-2.16" nucleus="s-2.24" satellites="s-2.25" relation="elaboration">
			<title xref="span-2.15"/>
		</span>
		<span id="span-2.17" nucleus="s-2.25" satellites="s-2.26" relation="enablement"/>
		<mini-span id="span-2.18" attribuend="s-2.27" attribute="s-2.28" relation="identification"/>
		<span id="span-2.19" nucleus="span-2.18" satellites="span-2.21 s-2.31 s-2.32" relation="elaboration"/>
		
		<span id="span-2.21" nucleus="s-2.29" satellites="s-2.30" relation="circumstance"/>
		<span id="span-2.22" nucleus="span-2.18" satellites="s-2.33 s-2.34" relation="enablement"/>
		<mini-span id="span-2.23" attribuend="s-2.35" attribute="s-2.36" relation="identification"/>
		<span id="span-2.24" nucleus="s-2.38" satellites="s-2.37" relation="background">
			<title xref="span-2.23"/>
		</span>
		<span id="span-2.25" nucleus="s-2.38" satellites="span-2.26" relation="elaboration"/>
		<span id="span-2.26" nucleus="s-2.39" satellites="span-2.27 span-2.28" relation="elaboration"/>
		<span id="span-2.27" nucleus="s-2.40" satellites="s-2.41" relation="enablement"/>
		<span id="span-2.28" nucleus="s-2.42" satellites="s-2.43" relation="elaboration"/>
		<mini-span id="span-2.29" attribuend="s-2.44" attribute="s-2.45" relation="identification"/>
		<span id="span-2.30" nucleus="s-2.46" satellites="s-2.47 s-2.48" relation="enablement">
			<title xref="span-2.29"/>
		</span>
		<mini-span id="span-2.31" attribuend="s-2.49" attribute="s-2.50" relation="identification"/>
		<span id="span-2.32" nucleus="s-2.51" satellites="span-2.33 span-2.34" relation="elaboration"><title xref="span-2.31"/></span>
		<span id="span-2.33" nucleus="s-2.52" satellites="s-2.53" relation="enablement"/>
		<span id="span-2.34" nucleus="s-2.54" satellites="s-2.55" relation="enablement"/>
		<mini-span id="span-2.35" attribuend="s-2.56" attribute="s-2.57" relation="identification"/>
		<span id="span-2.36" nucleus="s-2.58" satellites="span-2.37 span-2.38" relation="elaboration">
			<title xref="span-2.35"/>
		</span>
		<span id="span-2.37" nucleus="s-2.59" satellites="s-2.60" relation="enablement"/>
		<span id="span-2.38" nucleus="s-2.61" satellites="s-2.62" relation="enablement"/>
		<span id="span-2.64" nucleus="s-2.65" satellites="s-2.64" relation="background">
			<title xref="s-2.63"/>
		</span>
		<span id="span-2.65" nucleus="s-2.65" satellites="span-2.66" relation="enablement"/>
		<span id="span-2.66" nucleus="s-2.66" satellites="s-2.67" relation="concession"/>
		<mini-span id="span-2.67" attribuend="s-2.68" attribute="s-2.69" relation="identification"/>
		<span id="span-2.68" nucleus="s-2.71" satellites="s-2.70" relation="circumstance">
			<title xref="span-2.67"/>
		</span>
		<span id="span-2.69" nucleus="s-2.71" satellites="s-2.72" relation="enablement"/>
		<mini-span id="span-2.70" attribuend="s-2.73" attribute="s-2.74" relation="identification"/>
		<span id="span-2.71" nucleus="s-2.75" satellites="s-2.76" relation="evaluation">
			<title xref="span-2.70"/>
		</span>
		<span id="span-2.72" nucleus="s-2.75" satellites="span-2.73" relation="enablement"/>
		<span id="span-2.73" nucleus="s-2.77" satellites="s-2.78" relation="concession"/>
		<mini-span id="span-2.74" attribuend="s-2.79" attribute="s-2.80" relation="identification"/>
		<span id="span-2.75" nucleus="s-2.82" satellites="s-2.81" relation="motivation">
			<title xref="span-2.74"/>
		</span>
		<span id="span-2.76" nucleus="s-2.82" satellites="s-2.83" relation="enablement"/>
		<mini-span id="span-2.77" attribuend="s-2.84" attribute="s-2.85" relation="identification"/>
		<span id="span-2.78" nucleus="s-2.86" satellites="s-2.87" relation="elaboration">
			<title xref="span-2.77"/>
		</span>
		<mini-span id="span-2.79" attribuend="s-2.88" attribute="s-2.89" relation="identification"/>
		<multi-span id="span-2.80" nuclei="span-2.81 span-2.82" relation="joint">
			<title xref="span-2.79"/>
		</multi-span>
		<span id="span-2.81" nucleus="s-2.90" satellites="s-2.91" relation="enablement"/>
		<span id="span-2.82" nucleus="s-2.92" satellites="s-2.93" relation="enablement"/>
		<mini-span id="span-2.83" attribuend="s-2.94" attribute="s-2.95" relation="identification"/>
		<span id="span-2.84" nucleus="s-2.96" satellites="span-2.85" relation="evaluation">
			<title xref="span-2.83"/>
		</span>
		<multi-span id="span-2.85" nuclei="s-2.97 s-2.98" relation="joint"/>
		<span id="span-2.86" nucleus="span-2.85" satellites="s-2.99" relation="enablement"/>
		<mini-span id="span-2.87" attribuend="s-2.100" attribute="s-2.101" relation="identification"/>
		<span id="span-2.88" nucleus="s-2.102" satellites="s-2.103" relation="elaboration">
			<title xref="span-2.87"/>
		</span>
		<span id="span-2.89" nucleus="s-2.103" satellites="s-2.104" relation="enablement"/>
		<multi-span id="span-2.90" nuclei="s-2.104 s-2.105 s-2.106 s-2.107 s-2.108" relation="joint"/>
		<mini-span id="span-2.91" attribuend="s-2.109" attribute="s-2.110" relation="identification"/>
		<span id="span-2.92" nucleus="s-2.111" satellites="s-2.112" relation="elaboration">
			<title xref="span-2.91"/>
		</span>
		<span id="span-2.93" nucleus="s-2.111" satellites="s-2.113" relation="enablement"/>
		<mini-span id="span-2.94" attribuend="s-2.114" attribute="s-2.115" relation="identification"/>
		<span id="span-2.95" nucleus="s-2.116" satellites="s-2.117" relation="elaboration">
			<title xref="span-2.94"/>
		</span>
		<span id="span-2.96" nucleus="s-2.116" satellites="s-2.118" relation="enablement"/>
		<mini-span id="span-2.97" attribuend="s-2.119" attribute="s-2.120" relation="identification"/>
		<span id="span-2.98" nucleus="s-2.121" satellites="span-2.99" relation="elaboration">
			<title xref="span-2.97"/>
		</span>
		<span id="span-2.99" nucleus="s-2.122" satellites="s-2.123" relation="elaboration"/>
		<span id="span-2.100" nucleus="s-2.121" satellites="span-2.101" relation="enablement"/>
		<multi-span id="span-2.101" nuclei="s-2.124 s-2.125" relation="joint"/>
		<mini-span id="span-2.102" attribuend="s-2.126" nuclei="s-2.127" relation="identification"/>
		<span id="span-2.103" nucleus="s-2.127" satellites="span-2.104" relation="enablement"/>	
		
		<multi-span id="span-2.104" nuclei="s-2.128 s-2.129 s-2.130" relation="joint"/>
		<mini-span id="span-2.105" attribuend="s-2.131" attribute="s-2.132" relation="identification"/>
		<span id="span-2.106" nucleus="s-2.133" satellites="s-2.134" relation="evaluation">
			<title xref="span-2.105"/>
		</span>
		<span id="span-2.107" nucleus="s-2.133" satellites="span-2.108" relation="enablement"/>
		<multi-span id="span-2.108" nuclei="s-2.135 s-2.136" relation="joint"/>
		<mini-span id="span-2.109" attribuend="s-2.137" attribute="s-2.138" relation="identification"/>
		<span id="span-2.110" nucleus="s-2.139" satellites="s-2.140" relation="enablement">
			<title xref="span-2.109"/>
		</span>
		<mini-span id="span-2.111" attribuend="s-2.141" attribute="s-2.142" relation="identification"/>
		<span id="span-2.112" nucleus="s-2.143" satellites="s-2.144" relation="elaboration">
			<title xref="span-2.111"/>
		</span>
		<span id="span-2.113" nucleus="s-2.143" satellites="span-2.114" relation="enablement"/>
		<multi-span id="span-2.114" nuclei="s-2.145 s-2.146" relation="joint"/>
	</rst-structure>
</gemRst>
