<?xml version="1.0" encoding="UTF-8"?>

<gemLayout>
	<realization>
		<graphics xref="lay-1.01" type="photo" colors="mixed" width="83mm" height="128mm"/>
		<graphics xref="lay-1.02" type="photo" colors="mixed" width="43mm" height="128mm"/>
		<graphics xref="lay-1.03" type="photo" colors="mixed" width="48mm" height="35mm"/>
		<graphics xref="lay-1.04" type="photo" colors="mixed" width="48mm" height="37mm"/>
		<graphics xref="lay-1.05" type="photo" colors="mixed" width="48mm" height="27mm"/>
		<graphics xref="lay-1.06" type="photo" colors="mixed" width="82mm" height="67mm"/>
		<graphics xref="lay-1.07" type="photo" colors="mixed" width="48mm" height="31mm"/>
		<graphics xref="lay-1.08" type="photo" colors="mixed" width="35mm" height="35mm"/>
		<graphics xref="lay-1.09" type="photo" colors="mixed" width="35mm" height="37mm"/>
		<graphics xref="lay-1.10" type="photo" colors="mixed" width="128mm" height="128mm"/>
		<graphics xref="lay-1.13" type="illustration" colors="mixed" width="44mm" height="9mm"/>
		<graphics xref="lay-1.23" type="illustration" colors="mixed" width="44mm" height="9mm"/>
		<graphics xref="lay-1.21" type="illustration" colors="mixed" height="8mm" width="5mm"/>
		<text xref="lay-1.11" font-family="sans-serif" font-size="21" font-style="normal" font-weight="bold" case="caps" color="white"/>
		<text xref="lay-1.12" font-family="sans-serif" font-size="9" font-style="normal" font-weight="normal" case="mixed" color="white"/>
		<text xref="lay-1.14" font-family="sans-serif" font-size="7" font-style="normal" font-weight="bold" case="mixed" color="green"/>
		<text xref="lay-1.15 lay-1.16 lay-1.17 lay-1.18 lay-1.19 lay-1.20" font-family="sans-serif" font-size="4" font-style="normal" font-weight="normal" case="mixed" color="black"/>
		<text xref="lay-1.22" font-family="sans-serif" font-size="4" font-style="normal" font-weight="bold" case="mixed" color="black"/>
		<text xref="lay-2.01 lay-2.04 lay-2.07 lay-2.10 lay-2.14 lay-2.17 lay-2.20 lay-2.23 lay-2.26 lay-2.29 lay-2.31 lay-2.34 lay-2.37 lay-2.40 lay-2.43 lay-2.46 lay-2.49 lay-2.52 lay-2.56 lay-2.59 lay-2.62 lay-2.64 lay-2.67 lay-2.70" font-family="sans-serif" font-size="25" font-style="normal" font-weight="bold" case="mixed" color="olive"/>
		<text xref="lay-2.02 lay-2.05 lay-2.08 lay-2.11 lay-2.15 lay-2.18 lay-2.21 lay-2.24 lay-2.27 lay-2.30 lay-2.32 lay-2.35 lay-2.38 lay-2.41 lay-2.44 lay-2.47 lay-2.50 lay-2.53 lay-2.57 lay-2.60 lay-2.63 lay-2.65 lay-2.68 lay-2.71" font-family="sans-serif" font-size="4" font-style="normal" font-weight="bold" case="caps" color="black"/>
		<text xref="lay-2.03 lay-2.06 lay-2.09 lay-2.12 lay-2.16 lay-2.19 lay-2.22 lay-2.25 lay-2.28 lay-2.33 lay-2.36 lay-2.39 lay-2.42 lay-2.45 lay-2.48 lay-2.51 lay-2.54 lay-2.58 lay-2.61 lay-2.66 lay-2.69 lay-2.72" font-family="sans-serif" font-size="4" font-style="normal" font-weight="normal" case="mixed" color="black"/>
		<text xref="lay-2.03.1 lay-2.03.2 lay-2.09.1 lay-2.13 lay-2.16.1 lay-2.16.2 lay-2.19.1 lay-2.19.2 lay-2.22.1 lay-2.22.2 lay-2.25.1 lay-2.25.2 lay-2.28.1 lay-2.28.2 lay-2.28.3 lay-2.30.1 lay-2.30.2 lay-2.30.3 lay-2.30.4 lay-2.33.1 lay-2.36.1 lay-2.36.2 lay-2.36.3 lay-2.39.1 lay-2.42.1 lay-2.42.2 lay-2.45.1 lay-2.45.2 lay-2.51.1 lay-2.51.2 lay-2.51.3 lay-2.51.4 lay-2.55 lay-2.58.1 lay-2.61.1 lay-2.63.1 lay-2.63.2 lay-2.66.1 lay-2.72.1 lay-2.72.2" font-family="sans-serif" font-size="4" font-style="normal" font-weight="bold" case="mixed" color="black"/>
	</realization>	
	<segmentation>
		<layout-unit id="lay-1.01" xref="u-1.01" alt="Photo: Tuomo Ruutu"/>
		<layout-unit id="lay-1.02" xref="u-1.02" alt="Photo: Girl browsing books"/>
		<layout-unit id="lay-1.03" xref="u-1.03" alt="Photo: Boy with a hat"/>
		<layout-unit id="lay-1.04" xref="u-1.04" alt="Photo: Building facade"/>
		<layout-unit id="lay-1.05" xref="u-1.05" alt="Photo: Hot dog stand menu"/>
		<layout-unit id="lay-1.06" xref="u-1.06" alt="Photo: Concert"/>
		<layout-unit id="lay-1.07" xref="u-1.07" alt="Photo: Hot dog stand menu #2"/>
		<layout-unit id="lay-1.08" xref="u-1.08" alt="Photo: Building facade #2"/>
		<layout-unit id="lay-1.09" xref="u-1.09" alt="Photo: Guitarist close-up"/>
		<layout-unit id="lay-1.10" xref="u-1.10" alt="Photo: Hot dog stand at night"/>
		<layout-unit id="lay-1.11" xref="u-1.11">BOHEMIAN NORDIC ODDITY</layout-unit>
		<layout-unit id="lay-1.12" xref="u-1.12">24 Solid Things in</layout-unit>
		<layout-unit id="lay-1.13" xref="u-1.13" alt="Logo: HELSINKI ALL POINTS CONSIDERED"/>
		<layout-unit id="lay-1.14" xref="u-1.14">HELSINKI CITY TOURIST &amp; CONVENTION BUREAU</layout-unit>
		<layout-unit id="lay-1.15" xref="u-1.15">P.O. Box 1 (Pohjoisesplanadi 19),</layout-unit>
		<layout-unit id="lay-1.16" xref="u-1.16">FI-00099 City of Helsinki, Finland</layout-unit>
		<layout-unit id="lay-1.17" xref="u-1.17">Tel. +358 (0)9 169 3757 • Fax +358 (0)9 169 3839</layout-unit>
		<layout-unit id="lay-1.18" xref="u-1.18">tourist.info@hel.fi • www.hel.fi/tourism</layout-unit>
		<layout-unit id="lay-1.19" xref="u-1.19">Open: 2.5.-30.9. Mon-Fri 9-20, Sat-Sun 9-18</layout-unit>
		<layout-unit id="lay-1.20" xref="u-1.20">1.10.-1.5. Mon-Fri 9-18, Sat Sun 10-16</layout-unit>
		<layout-unit id="lay-1.21" xref="u-1.21" alt="Illustration: City of Helsinki coat of arms"/>
		<layout-unit id="lay-1.22" xref="u-1.22">City of Helsinki</layout-unit>
		<layout-unit id="lay-1.23" xref="u-1.23" alt="Logo: HELSINKI ALL POINTS CONSIDERED"/>
		<layout-unit id="lay-2.01" xref="u-2.01">1</layout-unit>
		<layout-unit id="lay-2.02" xref="u-2.02">GENUINE HELSINKI</layout-unit>
		<layout-unit id="lay-2.03" xref="u-2.03 u-2.04 u-2.05 u-2.06">Helsinki's traditional yellow grill kiosks offer the summer's best coffee and juice moments.
			<layout-unit id="lay-2.03.1" xref="u-2.06.1">Korkeavuorenkatu kiosk</layout-unit>
			<layout-unit id="lay-2.03.2" xref="u-2.06.2">Tuomas Burger</layout-unit>
		</layout-unit>
		<layout-unit id="lay-2.04" xref="u-2.07">2</layout-unit>
		<layout-unit id="lay-2.05" xref="u-2.08">SECOND-HAND</layout-unit>
		<layout-unit id="lay-2.06" xref="u-2.09 u-2.10 u-2.11 u-2.12 u-2.13 u-2.14 u-2.15">One person's old clothing is another person's cool style.
			<layout-unit id="lay-2.06.1" xref="u-2.13.1">Valtteri</layout-unit>
			<layout-unit id="lay-2.06.2" xref="u-2.15.1">Hietalahti Flea Market</layout-unit>
		</layout-unit>
		<layout-unit id="lay-2.07" xref="u-2.16">3</layout-unit>
		<layout-unit id="lay-2.08" xref="u-2.17">THE BEST ROCK CLUB</layout-unit>
		<layout-unit id="lay-2.09" xref="u-2.18 u-2.19 u-2.20 u-2.21">This is where every band wants the chance to perform.
			<layout-unit id="lay-2.09.1" xref="u-2.21.1">Tavastia and Semifinal</layout-unit>
			</layout-unit>
		<layout-unit id="lay-2.10" xref="u-2.22">4</layout-unit>
		<layout-unit id="lay-2.11" xref="u-2.23">SHOPPING TUNNELS</layout-unit>
		<layout-unit id="lay-2.12" xref="u-2.24 u-2.25">Should the rain catch you out in central shopping area, just head underground.</layout-unit>
		<layout-unit id="lay-2.13" xref="u-2.26">Asematunneli - Forum - Kamppi - Stockmann - Academic Bookstore.</layout-unit>
		<layout-unit id="lay-2.14" xref="u-2.27">5</layout-unit>
		<layout-unit id="lay-2.15" xref="u-2.28">BOHEMIAN TASTES ON YOUR PLATE</layout-unit>
		<layout-unit id="lay-2.16" xref="u-2.29 u-2.30 u-2.31 u-2.32 u-2.33 u-2.34">Mare Chiaro has to be Finland's most idyllic pizzeria, playing classic Finnish hits to enhance the atmosphere.
			<layout-unit id="lay-2.16.1" xref="u-2.33.1">Mare Chiaro</layout-unit>
			<layout-unit id="lay-2.16.2" xref="u-2.34.1">Cafe Matushka</layout-unit>
		</layout-unit>
		<layout-unit id="lay-2.17" xref="u-2.35">6</layout-unit>
		<layout-unit id="lay-2.18" xref="u-2.36">RETRO HELSINKI</layout-unit>
		<layout-unit id="lay-2.19" xref="u-2.37 u-2.38 u-2.39 u-2.40 u-2.41 u-2.42 u-2.43">Karhupuisto Park is a good plcae to start exploring Kallio district.
			<layout-unit id="lay-2.19.1" xref="u-2.40.1">Wanha Kaarle</layout-unit>
			<layout-unit id="lay-2.19.2" xref="u-2.42.1">Tapettitalo</layout-unit>
		</layout-unit>
		<layout-unit id="lay-2.20" xref="u-2.44">7</layout-unit>
		<layout-unit id="lay-2.21" xref="u-2.45">KALLIO'S GAY BARS</layout-unit>
		<layout-unit id="lay-2.22" xref="u-2.46 u-2.47 u-2.48">Check out these two down to earth establishments if you just want to be yourself.
			<layout-unit id="lay-2.22.1" xref="u-2.47.1">Fairytale</layout-unit>
			<layout-unit id="lay-2.22.2" xref="u-2.48.1">Nalle Pub</layout-unit>
		</layout-unit>
		<layout-unit id="lay-2.23" xref="u-2.49">8</layout-unit>
		<layout-unit id="lay-2.24" xref="u-2.50">HAKANIEMI'S ARTIST RESTAURANTS</layout-unit>
		<layout-unit id="lay-2.25" xref="u-2.51 u-2.52 u-2.53 u-2.54 u-2.55">Hakaniemi has some great local restaurants that are popular among actors, poets and musicians.
			<layout-unit id="lay-2.25.1" xref="u-2.52.1">Rytmi</layout-unit> 
			<layout-unit id="lay-2.25.2" xref="u-2.54.1">Sävel</layout-unit>
		</layout-unit>
		<layout-unit id="lay-2.26" xref="u-2.56">9</layout-unit>
		<layout-unit id="lay-2.27" xref="u-2.57">HEAVY METAL THUNDER</layout-unit>
		<layout-unit id="lay-2.28" xref="u-2.58 u-2.59 u-2.60 u-2.61 u-2.62">Finland is an oasis for fans of heavy metal music.
			<layout-unit id="lay-2.28.1" xref="u-2.59.1">Tuska</layout-unit> 
			<layout-unit id="lay-2.28.2" xref="u-2.61.1">Spinefarm Records</layout-unit>
			<layout-unit id="lay-2.28.3" xref="u-2.62.1">Combat Rock Shop</layout-unit>
		</layout-unit>
		<layout-unit id="lay-2.29" xref="u-2.63">10</layout-unit>
		<layout-unit id="lay-2.30" xref="u-2.64 u-2.65 u-2.66 u-2.67">
			<layout-unit id="lay-2.30.1" xref="u-2.64.1">HEAVY METAL KARAOKE</layout-unit>
			<layout-unit id="lay-2.30.2" xref="u-2.66.1">Hevimesta</layout-unit>
			<layout-unit id="lay-2.30.3" xref="u-2.66.2">Corner Bar</layout-unit>
			<layout-unit id="lay-2.30.4" xref="u-2.67.1">Pataässä</layout-unit>
		</layout-unit>
		<layout-unit id="lay-2.31" xref="u-2.68">11</layout-unit>
		<layout-unit id="lay-2.32" xref="u-2.69">FINNISH SAUNA</layout-unit>
		<layout-unit id="lay-2.33" xref="u-2.70 u-2.71 u-2.72">
			<layout-unit id="lay-2.33.1" xref="u-2.72.1">Kotiharjun Sauna</layout-unit>
		</layout-unit>
		<layout-unit id="lay-2.34" xref="u-2.73">12</layout-unit>
		<layout-unit id="lay-2.35" xref="u-2.74">RUSSIA IN HELSINKI</layout-unit>
		<layout-unit id="lay-2.36" xref="u-2.75 u-2.76 u-2.77 u-2.78">
			<layout-unit id="lay-2.36.1" xref="u-2.76">Exclusive, but authentic.</layout-unit>
			<layout-unit id="lay-2.36.2" xref="u-2.77.1">Saslik</layout-unit>
			<layout-unit id="lay-2.36.3" xref="u-2.78.1">Russian Tearoom</layout-unit>
		</layout-unit>
		<layout-unit id="lay-2.37" xref="u-2.79">13</layout-unit>
		<layout-unit id="lay-2.38" xref="u-2.80">THE LEGENDARY KAURISMÄKI BARS</layout-unit>
		<layout-unit id="lay-2.39" xref="u-2.81 u-2.82 u-2.83">
			<layout-unit id="lay-2.39.1" xref="u-2.83.1">Dubrovnik/Moskova/Corona</layout-unit>
		</layout-unit>
		<layout-unit id="lay-2.40" xref="u-2.84">14</layout-unit>
		<layout-unit id="lay-2.41" xref="u-2.85">HOME COOKING</layout-unit>
		<layout-unit id="lay-2.42" xref="u-2.86 u-2.87">
			<layout-unit id="lay-2.42.1" xref="u-2.87.1">Beefy Queen Jambo</layout-unit>
			<layout-unit id="lay-2.42.2" xref="u-2.87.2">Elviira's Grill&amp;Cafe</layout-unit>
		</layout-unit>
		<layout-unit id="lay-2.43" xref="u-2.88">15</layout-unit>
		<layout-unit id="lay-2.44" xref="u-2.89">BOHEMIAN HANGOUTS</layout-unit>
		<layout-unit id="lay-2.45" xref="u-2.90 u-2.91 u-2.92 u-2.93">
			<layout-unit id="lay-2.45.1" xref="u-2.91.1">Seahorse</layout-unit>
			<layout-unit id="lay-2.45.2" xref="u-2.93.1">Salve</layout-unit>
		</layout-unit>
		<layout-unit id="lay-2.46" xref="u-2.94">16</layout-unit>
		<layout-unit id="lay-2.47" xref="u-2.95">HAKANIEMI MARKET SQUARE</layout-unit>
		<layout-unit id="lay-2.48" xref="u-2.96 u-2.97 u-2.98 u-2.99">Head to Hakaniemi Market, where you can buy fresh ingredients and handicrafts, or just sit in the cafés and watch the people go by.</layout-unit>
		<layout-unit id="lay-2.49" xref="u-2.100">17</layout-unit>
		<layout-unit id="lay-2.50" xref="u-2.101">LOVE, ANARCHY AND INDIE FILMS</layout-unit>
		<layout-unit id="lay-2.51" xref="u-2.102 u-2.103 u-2.104 u-2.105 u-2.106 u-2.107 u-2.108">
			<layout-unit id="lay-2.51.1" xref="u-2.105.1">Bio Rex</layout-unit>
			<layout-unit id="lay-2.51.2" xref="u-2.106.1">Maxim</layout-unit>
			<layout-unit id="lay-2.51.3" xref="u-2.107.1">Kino Engel</layout-unit>
			<layout-unit id="lay-2.51.4" xref="u-2.108.1">Kesäkino Engel</layout-unit>
		</layout-unit>
		<layout-unit id="lay-2.52" xref="u-2.109">18</layout-unit>
		<layout-unit id="lay-2.53" xref="u-2.110">OLD-TIME GLAMOUR</layout-unit>
		<layout-unit id="lay-2.54" xref="u-2.111 u-2.112 u-2.113">One of Finland's oldest cultural restaurants, Elite has been a hangout of major artists since 1932.</layout-unit>
		<layout-unit id="lay-2.55" xref="u-2.112">
			<layout-unit id="lay-2.55.1" xref="u-2.113.1">Elite</layout-unit>
		</layout-unit>
		<layout-unit id="lay-2.56" xref="u-2.114">19</layout-unit>
		<layout-unit id="lay-2.57" xref="u-2.115">SAUNABAR</layout-unit>
		<layout-unit id="lay-2.58" xref="u-2.116 u-2.117 u-2.118">
			<layout-unit id="lay-2.58.1" xref="u-2.118.1">Saunabar</layout-unit>
		</layout-unit>
		<layout-unit id="lay-2.59" xref="u-2.119">20</layout-unit>
		<layout-unit id="lay-2.60" xref="u-2.120">YRJÖNKATU SWIMMING HALL</layout-unit>
		<layout-unit id="lay-2.61" xref="u-2.121 u-2.122 u-2.123 u-2.124 u-2.125">
			<layout-unit id="lay-2.61.1" xref="u-2.124.1">Yrjönkatu Swimming Hall</layout-unit>
		</layout-unit>
		<layout-unit id="lay-2.62" xref="u-2.126">21</layout-unit>
		<layout-unit id="lay-2.63" xref="u-2.127 u-2.128 u-2.129 u-2.130">
			<layout-unit id="lay-2.63.1" xref="u-2.127.1">THE CABLE FACTORY</layout-unit>
			<layout-unit id="lay-2.63.2" xref="u-2.128.1">Cable Factory</layout-unit>
		</layout-unit>
		<layout-unit id="lay-2.64" xref="u-2.131">22</layout-unit>
		<layout-unit id="lay-2.65" xref="u-2.132">ZETOR AND THE LENINGRAD COWBOYS</layout-unit>
		<layout-unit id="lay-2.66" xref="u-2.133 u-2.134 u-2.135 u-2.136">countryside hick restaurant in the heart of the city.
			<layout-unit id="lay-2.66.1" xref="u-2.135.1">Zetor</layout-unit>
		</layout-unit>
		<layout-unit id="lay-2.67" xref="u-2.137">23</layout-unit>
		<layout-unit id="lay-2.68" xref="u-2.138">TIMELESS CINEMA</layout-unit>
		<layout-unit id="lay-2.69" xref="u-2.139 u-2.140">Take a seat in the Orion Theatre and enjoy classic and independent films on the big screen.</layout-unit>
		<layout-unit id="lay-2.70" xref="u-2.141">24</layout-unit>
		<layout-unit id="lay-2.71" xref="u-2.142">KUNSTHALLE ART AND DINNER</layout-unit>
		<layout-unit id="lay-2.72" xref="u-2.143 u-2.144 u-2.145 u-2.146">
			<layout-unit id="lay-2.72.1" xref="u-2.145.1">Taidehalli</layout-unit>
			<layout-unit id="lay-2.72.2" xref="u-2.146.1">Taidehallin klubi</layout-unit>
		</layout-unit>
	</segmentation>

	<layout-structure>
		<layout-root id="bno-2006-l-side-1" orientation="landscape">
			<layout-chunk id="photography" location="multi" area-ref="bno-2006-a-side-1">
				<layout-leaf xref="lay-1.01" location="col-1" area-ref="bno-2006-a-side-1"/>
				<layout-leaf xref="lay-1.02" location="col-2" area-ref="bno-2006-a-side-1" overlap="left-margin" overlap-area="bno-2006-a-side-1"/>
				<layout-leaf xref="lay-1.03" location="row-1" area-ref="page-a-1-c-1"/>
				<layout-leaf xref="lay-1.04" location="row-2" area-ref="page-a-1-c-1"/>
				<layout-leaf xref="lay-1.05" location="row-3" area-ref="page-a-1-c-1"/>
				<layout-leaf xref="lay-1.06" location="row-1" area-ref="page-a-1-c-2" overlap="left-margin" overlap-area="page-a-1-c-1"/>
				<layout-leaf xref="lay-1.07" location="row-2" area-ref="page-a-1-c-2"/>
				<layout-leaf xref="lay-1.08" location="row-2" area-ref="page-a-1-c-3" overlap="left-margin" overlap-area="page-a-1-c-2"/>
				<layout-leaf xref="lay-1.09" location="row-3" area-ref="page-a-1-c-3" overlap="left-margin" overlap-area="page-a-1-c-2"/> 
				<layout-leaf xref="lay-1.10" location="col-4" area-ref="bno-2006-a-side-1"/> 
			</layout-chunk>
			<layout-chunk id="title" location="col-4" area-ref="bno-2006-a-side-1">
				<layout-leaf xref="lay-1.11" location="row-2" area-ref="page-a-1-e"/>
				<layout-leaf xref="lay-1.12" location="row-2" area-ref="page-a-1-e-2"/>
				<layout-leaf xref="lay-1.13" location="col-4" area-ref="page-a-1-e-1"/>
			</layout-chunk>
			<layout-chunk id="contact-info" location="multi" area-ref="page-a-1-d">
				<layout-leaf xref="lay-1.14" location="cell-22" area-ref="page-a-1-d-2" overlap="right-margin" overlap-area="page-a-1-d-4" halign="top" valign="left"/>
				<layout-chunk id="address" location="cell-22" area-ref="page-a-1-d-2" valign="left">
					<layout-leaf xref="lay-1.15" location="cell-22" area-ref="page-a-1-d-2" valign="left"/>
					<layout-leaf xref="lay-1.16" location="cell-22" area-ref="page-a-1-d-2" valign="left"/>
					<layout-leaf xref="lay-1.17" location="cell-22" area-ref="page-a-1-d-2" valign="left"/>
					<layout-leaf xref="lay-1.18" location="cell-22" area-ref="page-a-1-d-2" valign="left"/>
					<layout-leaf xref="lay-1.19" location="cell-22" area-ref="page-a-1-d-2" valign="left"/>
					<layout-leaf xref="lay-1.20" location="cell-22" area-ref="page-a-1-d-2" valign="left"/>
				</layout-chunk>
				<layout-chunk id="logos" location="multi" area-ref="page-a-1-d-3">
					<layout-leaf xref="lay-1.21" location="col-1" area-ref="page-a-1-d-6" valign="left" halign="bottom"/>
					<layout-leaf xref="lay-1.22" location="row-2" area-ref="page-a-1-d-7" valign="left"/>
					<layout-leaf xref="lay-1.23" location="row-2" area-ref="page-a-1-d-3"/>
				</layout-chunk>
			</layout-chunk>
		</layout-root>
		<layout-root id="bno-2006-l-side-2" orientation="landscape">
			<layout-chunk id="entry-1" location="multi" area-ref="page-b-1">
				<layout-chunk id="entry-1-title" location="cell-22" area-ref="page-b-1">
					<layout-leaf xref="lay-2.01" location="col-1" area-ref="page-b-1-b"/>
					<layout-leaf xref="lay-2.02" location="cell-22" area-ref="page-b-1"/>
				</layout-chunk>
				<layout-leaf xref="lay-2.03" location="cell-22" area-ref="page-b-1"/>
			</layout-chunk>
			<layout-chunk id="entry-2" location="multi" area-ref="page-b-1">
				<layout-chunk id="entry-2-title" location="cell-24" area-ref="page-b-1">
					<layout-leaf xref="lay-2.04" location="col-1" area-ref="page-b-1-c"/>
					<layout-leaf xref="lay-2.05" location="cell-42" area-ref="page-b-1"/>
				</layout-chunk>
				<layout-leaf xref="lay-2.06" location="cell-24" area-ref="page-b-1"/>
			</layout-chunk>
			<layout-chunk id="entry-3" location="multi" area-ref="page-b-1">
				<layout-chunk id="entry-3-title" location="cell-26" area-ref="page-b-1">
					<layout-leaf xref="lay-2.07" location="col-1" area-ref="page-b-1-d"/>
					<layout-leaf xref="lay-2.08" location="cell-26" area-ref="page-b-1"/>
				</layout-chunk>
				<layout-leaf xref="lay-2.09" location="cell-26" area-ref="page-b-1"/>
			</layout-chunk>
			<layout-chunk id="entry-4" location="multi" area-ref="page-b-1">
				<layout-chunk id="entry-4-title" location="cell-28" area-ref="page-b-1">
					<layout-leaf xref="lay-2.10" location="col-1" area-ref="page-b-1-e"/>
					<layout-leaf xref="lay-2.11" location="cell-28" area-ref="page-b-1"/>
				</layout-chunk>
				<layout-leaf xref="lay-2.12" location="cell-28" area-ref="page-b-1"/>
				<layout-leaf xref="lay-2.13" location="cell-28" area-ref="page-b-1"/>
			</layout-chunk>
			<layout-chunk id="entry-5" location="multi" area-ref="page-b-2">
				<layout-chunk id="entry-5-title" location="cell-42" area-ref="page-b-2">
					<layout-leaf xref="lay-2.14" location="col-1" area-ref="page-b-2-b"/>
					<layout-leaf xref="lay-2.15" location="cell-42" area-ref="page-b-2"/>
				</layout-chunk>
				<layout-leaf xref="lay-2.16" location="cell-42" area-ref="page-b-2"/>
			</layout-chunk>
			<layout-chunk id="entry-6" location="multi" area-ref="page-b-2">
				<layout-chunk id="entry-6-title" location="cell-44" area-ref="page-b-2">
					<layout-leaf xref="lay-2.17" location="col-1" area-ref="page-b-2-c"/>
					<layout-leaf xref="lay-2.18" location="cell-44" area-ref="page-b-2"/>
				</layout-chunk>
				<layout-leaf xref="lay-2.19" location="cell-44" area-ref="page-b-2"/>
			</layout-chunk>
			<layout-chunk id="entry-7" location="multi" area-ref="page-b-2">
				<layout-chunk id="entry-7-title" location="cell-46" area-ref="page-b-2">
					<layout-leaf xref="lay-2.20" location="col-1" area-ref="page-b-2-d"/>
					<layout-leaf xref="lay-2.21" location="cell-46" area-ref="page-b-2"/>
				</layout-chunk>
				<layout-leaf xref="lay-2.22" location="cell-46" area-ref="page-b-2"/>
			</layout-chunk>
			<layout-chunk id="entry-8" location="multi" area-ref="page-b-2">
				<layout-chunk id="entry-8-title" location="cell-48" area-ref="page-b-2">
					<layout-leaf xref="lay-2.23" location="col-1" area-ref="page-b-2-e"/>
					<layout-leaf xref="lay-2.24" location="cell-48" area-ref="page-b-2"/>
				</layout-chunk>
				<layout-leaf xref="lay-2.25" location="cell-48" area-ref="page-b-2"/>
			</layout-chunk>
			<layout-chunk id="entry-9" location="multi" area-ref="page-b-3">
				<layout-chunk id="entry-9-title" location="cell-62" area-ref="page-b-3">
					<layout-leaf xref="lay-2.26" location="col-1" area-ref="page-b-3-b"/>
					<layout-leaf xref="lay-2.27" location="cell-62" area-ref="page-b-3"/>
				</layout-chunk>
				<layout-leaf xref="lay-2.28" location="cell-62" area-ref="page-b-3"/>
			</layout-chunk>
			<layout-chunk id="entry-10" location="multi" area-ref="page-b-3">
				<layout-chunk id="entry-10-title" location="cell-64" area-ref="page-b-3">
					<layout-leaf xref="lay-2.29" location="col-1" area-ref="page-b-3-c"/>
					<layout-leaf xref="lay-2.30" location="cell-64" area-ref="page-b-3"/>
				</layout-chunk>
			</layout-chunk>
			<layout-chunk id="entry-11" location="multi" area-ref="page-b-3">
				<layout-chunk id="entry-11-title" location="cell-66" area-ref="page-b-3">
					<layout-leaf xref="lay-2.31" location="col-1" area-ref="page-b-3-d"/>
					<layout-leaf xref="lay-2.32" location="cell-66" area-ref="page-b-3"/>
				</layout-chunk>
				<layout-leaf xref="lay-2.33" location="cell-66" area-ref="page-b-3"/>
			</layout-chunk>
			<layout-chunk id="entry-12" location="multi" area-ref="page-b-3">
				<layout-chunk id="entry-12-title" location="cell-68" area-ref="page-b-3">
					<layout-leaf xref="lay-2.34" location="col-1" area-ref="page-b-3-e"/>
					<layout-leaf xref="lay-2.35" location="cell-68" area-ref="page-b-3"/>
				</layout-chunk>
				<layout-leaf xref="lay-2.36" location="cell-68" area-ref="page-b-3"/>
			</layout-chunk>
			<layout-chunk id="entry-13" location="multi" area-ref="page-b-4">
				<layout-chunk id="entry-13-title" location="cell-82" area-ref="page-b-4">
					<layout-leaf xref="lay-2.37" location="col-1" area-ref="page-b-4-b"/>
					<layout-leaf xref="lay-2.38" location="cell-82" area-ref="page-b-4"/>
				</layout-chunk>
				<layout-leaf xref="lay-2.39" location="cell-82" area-ref="page-b-4"/>
			</layout-chunk>
			<layout-chunk id="entry-14" location="multi" area-ref="page-b-4">
				<layout-chunk id="entry-14-title" location="cell-84" area-ref="page-b-4">
					<layout-leaf xref="lay-2.40" location="col-1" area-ref="page-b-4-c"/>
					<layout-leaf xref="lay-2.41" location="cell-84" area-ref="page-b-4"/>
				</layout-chunk>
				<layout-leaf xref="lay-2.42" location="cell-84" area-ref="page-b-4"/>
			</layout-chunk>
			<layout-chunk id="entry-15" location="multi" area-ref="page-b-4">
				<layout-chunk id="entry-15-title" location="cell-86" area-ref="page-b-4">
					<layout-leaf xref="lay-2.43" location="col-1" area-ref="page-b-4-d"/>
					<layout-leaf xref="lay-2.44" location="cell-86" area-ref="page-b-4"/>
				</layout-chunk>
				<layout-leaf xref="lay-2.45" location="cell-86" area-ref="page-b-4"/>
			</layout-chunk>
			<layout-chunk id="entry-16" location="multi" area-ref="page-b-4">
				<layout-chunk id="entry-16-title" location="cell-88" area-ref="page-b-4">
					<layout-leaf xref="lay-2.46" location="col-1" area-ref="page-b-4-e"/>
					<layout-leaf xref="lay-2.47" location="cell-88" area-ref="page-b-4"/>
				</layout-chunk>
				<layout-leaf xref="lay-2.48" location="cell-88" area-ref="page-b-4"/>
			</layout-chunk>
			<layout-chunk id="entry-17" location="multi" area-ref="page-b-5">
				<layout-chunk id="entry-17-title" location="cell-102" area-ref="page-b-5">
					<layout-leaf xref="lay-2.49" location="col-1" area-ref="page-b-5-b"/>
					<layout-leaf xref="lay-2.50" location="cell-102" area-ref="page-b-5"/>
				</layout-chunk>
				<layout-leaf xref="lay-2.51" location="cell-102" area-ref="page-b-5"/>
			</layout-chunk>
			<layout-chunk id="entry-18" location="multi" area-ref="page-b-5">
				<layout-chunk id="entry-18-title" location="cell-104" area-ref="page-b-5">
					<layout-leaf xref="lay-2.52" location="col-1" area-ref="page-b-5-c"/>
					<layout-leaf xref="lay-2.53" location="cell-104" area-ref="page-b-5"/>
				</layout-chunk>
				<layout-leaf xref="lay-2.54" location="cell-104" area-ref="page-b-5"/>
				<layout-leaf xref="lay-2.55" location="cell-104" area-ref="page-b-5"/>
			</layout-chunk>
			<layout-chunk id="entry-19" location="multi" area-ref="page-b-5">
				<layout-chunk id="entry-19-title" location="cell-106" area-ref="page-b-5">
					<layout-leaf xref="lay-2.56" location="col-1" area-ref="page-b-5-d"/>
					<layout-leaf xref="lay-2.57" location="cell-106" area-ref="page-b-5"/>
				</layout-chunk>
				<layout-leaf xref="lay-2.58" location="cell-106" area-ref="page-b-5"/>
			</layout-chunk>
			<layout-chunk id="entry-20" location="multi" area-ref="page-b-5">
				<layout-chunk id="entry-20-title" location="cell-108" area-ref="page-b-5">
					<layout-leaf xref="lay-2.59" location="col-1" area-ref="page-b-5-e"/>
					<layout-leaf xref="lay-2.60" location="cell-108" area-ref="page-b-5"/>
				</layout-chunk>
				<layout-leaf xref="lay-2.61" location="cell-108" area-ref="page-b-5"/>
			</layout-chunk>
			<layout-chunk id="entry-21" location="multi" area-ref="page-b-6">
				<layout-chunk id="entry-21-title" location="cell-122" area-ref="page-b-6">
					<layout-leaf xref="lay-2.62" location="col-1" area-ref="page-b-6-b"/>
					<layout-leaf xref="lay-2.63" location="cell-122" area-ref="page-b-6"/>
				</layout-chunk>
			</layout-chunk>
			<layout-chunk id="entry-22" location="multi" area-ref="page-b-6">
				<layout-chunk id="entry-22-title" location="cell-124" area-ref="page-b-6">
					<layout-leaf xref="lay-2.64" location="col-1" area-ref="page-b-6-c"/>
					<layout-leaf xref="lay-2.65" location="cell-124" area-ref="page-b-6"/>
				</layout-chunk>
				<layout-leaf xref="lay-2.66" location="cell-124" area-ref="page-b-6"/>
			</layout-chunk>
			<layout-chunk id="entry-23" location="multi" area-ref="page-b-6">
				<layout-chunk id="entry-23-title" location="cell-126" area-ref="page-b-6">
					<layout-leaf xref="lay-2.67" location="col-1" area-ref="page-b-6-d"/>
					<layout-leaf xref="lay-2.68" location="cell-126" area-ref="page-b-6"/>
				</layout-chunk>
				<layout-leaf xref="lay-2.69" location="cell-126" area-ref="page-b-6"/>
			</layout-chunk>	
			<layout-chunk id="entry-24" location="multi" area-ref="page-b-6">
				<layout-chunk id="entry-24-title" location="cell-128" area-ref="page-b-6">
					<layout-leaf xref="lay-2.70" location="col-1" area-ref="page-b-6-e"/>
					<layout-leaf xref="lay-2.71" location="cell-128" area-ref="page-b-6"/>
				</layout-chunk>
				<layout-leaf xref="lay-2.72" location="cell-128" area-ref="page-b-6"/>
			</layout-chunk>					
		</layout-root>
	</layout-structure>
	<area-model>
		<area-root id="bno-2006-a-side-1" cols="4" rows="1" hspacing="22 11 34 33" vspacing="100" width="383mm" height="129mm">
			<sub-area id="page-a-1-b" location="col-3" cols="1" rows="2" hspacing="100" vspacing="77 23" width="130mm" height="129mm">
				<sub-area id="page-a-1-c" location="row-1" cols="3" rows="1" hspacing="37 37 26" vspacing="100" width="130mm" height="99mm">
					<sub-area id="page-a-1-c-1" location="col-1" cols="1" rows="3" hspacing="100" vspacing="36 37 27" width="48mm" height="99mm"/>
					<sub-area id="page-a-1-c-2" location="col-2" cols="1" rows="2" hspacing="100" vspacing="68 32" width="48mm" height="99mm"/>
					<sub-area id="page-a-1-c-3" location="col-3" cols="1" rows="3" hspacing="100" vspacing="27 36 37" width="34mm" height="99mm"/>
				</sub-area>
				<sub-area id="page-a-1-d" location="row-2" cols="3" rows="3" hspacing="4 92 4" vspacing="10 77 13" width="130mm" height="30mm">
					<sub-area id="page-a-1-d-2" location="cell-22" cols="2" rows="1" hspacing="63 37" vspacing="100" height="23mm" width="120mm">
						<sub-area id="page-a-1-d-3" location="col-2" cols="1" rows="2" hspacing="100" vspacing="57 43" height="23mm" width="44mm">
							<sub-area id="page-a-1-d-4" location="row-1" cols="2" rows="1" hspacing="30 70" vspacing="100" width="44mm" height="13mm">
								<sub-area id="page-a-1-d-5" location="col-2" cols="1" rows="2" hspacing="100" vspacing="33 67" width="32mm" height="13mm">
									<sub-area id="page-a-1-d-6" location="row-1" cols="2" rows="1" hspacing="21 79" vspacing="100" height="10mm" width="32mm">
										<sub-area id="page-a-1-d-7" location="col-2" cols="1" rows="3" hspacing="100" vspacing="36 28 36" width="25mm" height="10mm"/>
									</sub-area>
								</sub-area>
							</sub-area>
						</sub-area>
					</sub-area>
				</sub-area>
			</sub-area>
			<sub-area id="page-a-1-e" location="col-4" cols="1" rows="5" hspacing="100" vspacing="57 7 25 8 3" height="130mm" width="127mm">
				<sub-area id="page-a-1-e-1" location="row-4" cols="5" rows="1" hspacing="4 35 2 35 24" vspacing="100" width="127mm" height="10mm">
					<sub-area id="page-a-1-e-2" location="col-2" cols="1" rows="3" hspacing="100" vspacing="20 80 20" width="46mm" height="10mm"/>
				</sub-area>
			</sub-area>
		</area-root>
	</area-model>
	<area-model>
		<area-root id="bno-2006-a-side-2" cols="13" rows="3" hspacing="1 15 1 15 3 15 1 15 2 15 1 15 1" vspacing="4 91 5" width="383mm" height="129mm">
			<sub-area id="page-b-1" location="cell-22" cols="1" rows="8" hspacing="100" vspacing="13 12 13 20 13 10 12 7" width="58mm" height="119mm">
				<sub-area id="page-b-1-b" location="row-1" cols="2" rows="1" hspacing="22 78" vspacing="100" width="58mm" height="15mm"/>
				<sub-area id="page-b-1-c" location="row-3" cols="2" rows="1" hspacing="22 78" vspacing="100" width="58mm" height="15mm"/>
				<sub-area id="page-b-1-d" location="row-5" cols="2" rows="1" hspacing="22 78" vspacing="100" width="58mm" height="15mm"/>
				<sub-area id="page-b-1-e" location="row-7" cols="2" rows="1" hspacing="22 78" vspacing="100" width="58mm" height="14mm"/>
			</sub-area>
			<sub-area id="page-b-2" location="cell-42" cols="1" rows="8" hspacing="100" vspacing="13 15 13 19 12 5 13 10" width="58mm" height="119mm">
				<sub-area id="page-b-2-b" location="row-1" cols="2" rows="1" hspacing="22 78" vspacing="100" width="58mm" height="15mm"/>
				<sub-area id="page-b-2-c" location="row-3" cols="2" rows="1" hspacing="22 78" vspacing="100" width="58mm" height="15mm"/>
				<sub-area id="page-b-2-d" location="row-5" cols="2" rows="1" hspacing="22 78" vspacing="100" width="58mm" height="14mm"/>
				<sub-area id="page-b-2-e" location="row-7" cols="2" rows="1" hspacing="22 78" vspacing="100" width="58mm" height="15mm"/>
			</sub-area>
			<sub-area id="page-b-3" location="cell-62" cols="1" rows="8" hspacing="100" vspacing="13 19 13 9 13 11 13 9" width="59mm" height="119mm">
				<sub-area id="page-b-3-b" location="row-1" cols="2" rows="1" hspacing="22 78" vspacing="100" width="58mm" height="16mm"/>
				<sub-area id="page-b-3-c" location="row-3" cols="2" rows="1" hspacing="22 78" vspacing="100" width="58mm" height="16mm"/>
				<sub-area id="page-b-3-d" location="row-5" cols="2" rows="1" hspacing="22 78" vspacing="100" width="58mm" height="16mm"/>
				<sub-area id="page-b-3-e" location="row-7" cols="2" rows="1" hspacing="22 78" vspacing="100" width="58mm" height="16mm"/>
			</sub-area>
			<sub-area id="page-b-4" location="cell-82" cols="1" rows="8" hspacing="100" vspacing="13 16 13 8 13 15 13 9" width="58mm" height="119mm">
				<sub-area id="page-b-4-b" location="row-1" cols="2" rows="1" hspacing="22 78" vspacing="100" width="58mm" height="16mm"/>
				<sub-area id="page-b-4-c" location="row-3" cols="2" rows="1" hspacing="22 78" vspacing="100" width="58mm" height="16mm"/>
				<sub-area id="page-b-4-d" location="row-5" cols="2" rows="1" hspacing="22 78" vspacing="100" width="58mm" height="16mm"/>
				<sub-area id="page-b-4-e" location="row-7" cols="2" rows="1" hspacing="22 78" vspacing="100" width="58mm" height="16mm"/>
			</sub-area>
			<sub-area id="page-b-5" location="cell-102" cols="1" rows="8" hspacing="100" vspacing="13 17 13 11 13 11 13 9" width="58mm" height="119mm">
				<sub-area id="page-b-5-b" location="row-1" cols="2" rows="1" hspacing="22 78" vspacing="100" width="58mm" height="16mm"/>
				<sub-area id="page-b-5-c" location="row-3" cols="2" rows="1" hspacing="22 78" vspacing="100" width="58mm" height="16mm"/>
				<sub-area id="page-b-5-d" location="row-5" cols="2" rows="1" hspacing="22 78" vspacing="100" width="58mm" height="16mm"/>
				<sub-area id="page-b-5-e" location="row-7" cols="2" rows="1" hspacing="22 78" vspacing="100" width="58mm" height="16mm"/>
			</sub-area>
			<sub-area id="page-b-6" location="cell-122" cols="1" rows="8" hspacing="100" vspacing="14 11 14 9 14 7 13 18" width="58mm" height="119mm">
				<sub-area id="page-b-6-b" location="row-1" cols="2" rows="1" hspacing="22 78" vspacing="100" width="58mm" height="17mm"/>
				<sub-area id="page-b-6-c" location="row-3" cols="2" rows="1" hspacing="22 78" vspacing="100" width="58mm" height="17mm"/>
				<sub-area id="page-b-6-d" location="row-5" cols="2" rows="1" hspacing="22 78" vspacing="100" width="58mm" height="17mm"/>
				<sub-area id="page-b-6-e" location="row-6" cols="2" rows="1" hspacing="22 78" vspacing="100" width="58mm" height="7mm"/>
				<sub-area id="page-b-6-f" location="row-7" cols="2" rows="1" hspacing="22 78" vspacing="100" width="58mm" height="16mm"/>
			</sub-area>
		</area-root>
	</area-model>
</gemLayout>
