<?xml version="1.0" encoding="UTF-8"?>

<gemRst>
	<segmentation>
		<segment id="s-1.01" xref="u-1.04" alt="Photo: Old town rapids"/>
		<segment id="s-1.02" xref="u-1.05">Old Town Rapids</segment>
		<segment id="s-1.03" xref="u-1.06" alt="Photo: Generator detail"/>
		<segment id="s-1.04" xref="u-1.07">Power Station Museum</segment>
		<segment id="s-1.05" xref="u-1.08" alt="Photo: Compass Square"/>
		<segment id="s-1.06" xref="u-1.09">Compass Square (Kompassiaukio)</segment>
		<segment id="s-1.07" xref="u-1.10">Other interesting sights and attractions</segment>
		<segment id="s-1.08" xref="u-1.11" alt="Map: Helsinki"/>
		<segment id="s-1.09" xref="u-1.12">Old Town</segment>
		<segment id="s-1.10" xref="u-1.13">Helsinki was originally established at the mouth of the Vantaanjoki River in 1550 by King Gustav Vasa of Sweden.</segment>
		<segment id="s-1.11" xref="u-1.14">Today this area is one of Finland's most modern centres for the arts, sciences and high technology.</segment>
		<segment id="s-1.12" xref="u-1.15">Contemporary architecture can be admired in the new Arabianranta residential areas along the shores of the Old Town Bay.</segment>
		<segment id="s-1.13" xref="u-1.16">The district also houses the distinguished University of Art and Design Helsinki, which attracts students from around the world.</segment>
		<segment id="s-1.14" xref="u-1.17">To get to the Old Town and Arabianranta, take Tram 6 or Bus 68, 71, 71V or 73B from the Railway Station Square in the city centre.</segment>
		<segment id="s-1.15" xref="u-1.18">Hakaniemi Market</segment>
		<segment id="s-1.16" xref="u-1.19" alt="Photo: Hakaniemi marketplace"/>
		<segment id="s-1.17" xref="u-1.20">Arabia Museum and Factory, (39) Iittala Factory Outlet</segment>
		<segment id="s-1.18" xref="u-1.23">Arabia has been a pioneer in modern Scandinavian design, combining timeless beauty with everyday practicality.</segment>
		<segment id="s-1.19" xref="u-1.24">The porcelain factory has manufactured household and art ceramics in the same location for over 130 years.</segment>
		<segment id="s-1.20" xref="u-1.25">Hämeentie 135</segment>
		<segment id="s-1.21" xref="u-1.26">Tel. +358 (0)204 39 5357.</segment>
		<segment id="s-1.22" xref="u-1.27">Arabia Museum open: Tue-Fri 12noon-6pm, Sat-Sun 10am-4pm.</segment>
		<segment id="s-1.23" xref="u-1.28">Entrance fees: adults €3, children (12-18) and special groups €1.50/person.</segment>
		<segment id="s-1.24" xref="u-1.29">www.arabianmuseo.fi</segment>
		<segment id="s-1.25" xref="u-1.30">Factory tours: reservations Tel. +358 (0)204 39 5326.</segment>
		<segment id="s-1.26" xref="u-1.31">Guided tours Mon-Fri (min. 10 persons) €3.50/person, Sat €55/group + €3/person.</segment>
		<segment id="s-1.27" xref="u-1.32">Iittala, Finlayson and Pentik factory outlets are open: Mon-Fri 10am-8pm, Sat-Sun 10am-4pm (symbol for accessible)</segment>
		<segment id="s-1.28" xref="u-1.33">The Technical Museum alongside the Old Town Rapids presents the achievements of old and new technology and hosts related exhibitions.</segment>
		<segment id="s-1.29" xref="u-1.34">Viikintie 1, tel. +358 (0)9 7288 4428</segment>
		<segment id="s-1.30" xref="u-1.35">Open: Wed-Sun 12noon-4pm, see website for exceptions.</segment>
		<segment id="s-1.31" xref="u-1.36">Entrance fees: adults €6, children (7-16) €1, pensioners and unemployed €5, students €2</segment>
		<segment id="s-1.32" xref="u-1.37">www.tekniikanmuseo.fi (Symbol for smile)</segment>
		<segment id="s-1.33" xref="u-1.38">Nearby you can also find the Power Station Museum, featuring original hydroelectric pumps from the 1800s.</segment>
		<segment id="s-1.34" xref="u-1.39">Hämeentie 163, Tel. +358 (0)9 3109 7064.</segment>
		<segment id="s-1.35" xref="u-1.40">Open summertime Wed-Sun 11am-5pm.</segment>
		<segment id="s-1.36" xref="u-1.41">www.helsinginkaupunginmuseo.fi (Symbol for smile) (Symbol for free entry)</segment>
		<segment id="s-1.37" xref="u-1.42">Hakaniemi District (Point number 38)</segment>
		<segment id="s-1.38" xref="u-1.43">Hakaniemi Market</segment>
		<segment id="s-1.39" xref="u-1.44">Groceries, flowers and baskets have been sold at Hakaniemi Market for over a hundred years.</segment>
		<segment id="s-1.40" xref="u-1.45">While shopping you can enjoy coffee at one of the outdoor cafes.</segment>
		<segment id="s-1.41" xref="u-1.46">Opening hours: Mon-Sat 6.30am-3pm, plus on the first Sunday of each month 10am-4pm.</segment>
		<segment id="s-1.42" xref="u-1.47">Hakaniemi Market Hall</segment>
		<segment id="s-1.43" xref="u-1.48">Hakaniemi Market Hall is located beside the outdoor market.</segment>
		<segment id="s-1.44" xref="u-1.49">Upstairs you can find a variety of clothing, souvenirs and designer products, while downstairs you can buy groceries and delicacies.</segment>
		<segment id="s-1.45" xref="u-1.50">Opening hours: Mon-Fri 8am-6pm, Sat 8am-4pm.</segment>
		<segment id="s-1.46" xref="u-1.51" alt="Photo: Kaivopuisto park"/>
		<segment id="s-1.47" xref="u-1.52">Kaivopuisto Park</segment>
		<segment id="s-1.48" xref="u-1.53">Kaivopuisto Park</segment>
		<segment id="s-1.49" xref="u-1.54">Kaivopuisto is Helsinki's oldest and most famous park and is overlooked by splendid villas.</segment>
		<segment id="s-1.50" xref="u-1.55">The neighbourhood also boasts many embassies, including those of USA and Russia.</segment>
		<segment id="s-1.51" xref="u-1.56">The proximity of the sea, rock cliffs and green lawns offer many opportunities to relax and enjoy the outdoors.</segment>
		<segment id="s-1.52" xref="u-1.57">At the highest point of the park is the Ursa Observatory.</segment>
		<segment id="s-1.53" xref="u-1.58">There are several cafes and restaurants along the shore and on the nearby islands.</segment>
		<segment id="s-1.54" xref="u-1.59">Sinebrychoff Art Museum (Point number 40)</segment>
		<segment id="s-1.55" xref="u-1.60">The Sinebrychoff Art Museum is specialised in old European art and includes Finland's most important collection of old masters.</segment>
		<segment id="s-1.56" xref="u-1.61">The art collections include especially portraits and artefacts from the 17th and 18th centuries.</segment>
		<segment id="s-1.57" xref="u-1.62">The upper floor is a wonderful reproduction of the family home of the famous brewer.</segment>
		<segment id="s-1.58" xref="u-1.63">The museum presents its collections, special exhibitions and additional programmes.</segment>
		<segment id="s-1.59" xref="u-1.64">The Sinebrychoff Art Museum is part of the Finnish National Gallery.</segment>
		<segment id="s-1.60" xref="u-1.65">Bulevardi 40, tel. +358 (0)9 1733 6460</segment>
		<segment id="s-1.61" xref="u-1.66">Opening hours: Tue and Fri 10am-6pm, Wed-Thu 10am-8pm, Sat-Sun 11am-5pm.</segment>
		<segment id="s-1.62" xref="u-1.67">Entrance fees: adults €4.50/3 or €7.50/6, visitors under 18 free.</segment>
		<segment id="s-1.63" xref="u-1.68">Free admission on Thursdays 5pm-8pm.</segment>
		<segment id="s-1.64" xref="u-1.69">www.sinerbrychoffintaidemuseo.fi (Symbol for accessible)</segment>
		<segment id="s-1.65" xref="u-1.70">Hietalahti District</segment>
		<segment id="s-1.66" xref="u-1.71">Hietalahti Market is a popular place to shop, especially as it also includes a year-round open-air flea market (weather permitting).</segment>
		<segment id="s-1.67" xref="u-1.72">The market offers enormous variety of things to buy, as well as a friendly and relaxed atmosphere.</segment>
		<segment id="s-1.68" xref="u-1.73">Tel. +358(0)9 310 71396.</segment>
		<segment id="s-1.69" xref="u-1.74">Hietalahti Market is open Mon-Fri 10am-6pm, Sat 8am-4pm.</segment>
		<segment id="s-1.70" xref="u-1.75">There is also a Sunday flea market open May to September from 10am-4pm.</segment>
		<segment id="s-1.71" xref="u-1.76">The Hietalahti Antique and Art Hall is located alongside and sells a wide range of furniture, jewellery and other antique items.</segment>
		<segment id="s-1.72" xref="u-1.77">Opening hours: Mon-Fri 10am-5pm, Sat 10am-3pm.</segment>
		<segment id="s-1.73" xref="u-1.78">www.hietalahdenkauppahalli.fi</segment>
		<segment id="s-1.74" xref="u-1.79">Kaapelitehdas (Cable Factory) (Point number 41)</segment>
		<segment id="s-1.75" xref="u-1.80">The massive Cable Factory was used up until the 1980s to produce telephone and electric cables.</segment>
		<segment id="s-1.76" xref="u-1.81">Today 'Kaapelitehdas' represents a new type of independent centre for culture and the arts.</segment>
		<segment id="s-1.77" xref="u-1.82">Over 800 artists, artesans and other cultural people work within these walls.</segment>
		<segment id="s-1.78" xref="u-1.83">The Cable Factory houses art schools, dance theatres, two radio stations, three museums and eight galleries.</segment>
		<segment id="s-1.79" xref="u-1.84">There are also many varieties of sports clubs.</segment>
		<segment id="s-1.80" xref="u-1.85">The Cable Factory is also home to the popular cafe and restaurant Hima&amp;Sali.</segment>
		<segment id="s-1.81" xref="u-1.86">See also page 46.</segment>
		<segment id="s-1.82" xref="u-1.87">Tallberginkatu 1 C</segment>
		<segment id="s-1.83" xref="u-1.88">Tel. +358 (0)9 4763 8330</segment>
		<segment id="s-1.84" xref="u-1.89">Opening hours (museums): Tue-Sun 11am-6pm, www.kaapelitehdas.fi</segment>
		<segment id="s-1.85" xref="u-1.90" alt="Photo: Merisatamanranta shoreline"/>
		<segment id="s-1.86" xref="u-1.91">Merisatamanranta shoreline</segment>
		<segment id="s-1.87" xref="u-1.92" alt="Photo: Ruoholahti canal"/>
		<segment id="s-1.88" xref="u-1.93">Ruoholahti Canal</segment>
		<segment id="s-1.89" xref="u-1.94" alt="Photo: Ruoholahti and Kaapelitehdas"/>
		<segment id="s-1.90" xref="u-1.95">Ruoholahti and Kaapelitehdas</segment>
		<segment id="s-1.91" xref="u-1.96">Cable Factory museums</segment>
		<segment id="s-1.92" xref="u-1.97">Finnish Museum of Photography</segment>
		<segment id="s-1.93" xref="u-1.98">Tel. +358 (0)9 6866 3622</segment>
		<segment id="s-1.94" xref="u-1.99">Entrance fees: adults €6, visitors under 18 free, special groups €4, groups (min. 10 persons) €5/person.</segment>
		<segment id="s-1.95" xref="u-1.100">www.fmp.fi (Symbol for accessible)</segment>
		<segment id="s-1.96" xref="u-1.101">Theatre Museum</segment>
		<segment id="s-1.97" xref="u-1.102">Tel. +358 (0)207 961 670</segment>
		<segment id="s-1.98" xref="u-1.103">Entrance fees: adults €5.50, one child under 15 accompanied by adult free, children under 15 and special groups €2.50.</segment>
		<segment id="s-1.99" xref="u-1.104">www.teatterimuseo.fi (Symbol for accessible) (Symbol for smile)</segment>
		<segment id="s-1.100" xref="u-1.105">Hotel and Restaurant Museum</segment>
		<segment id="s-1.101" xref="u-1.106">Tel. +358 (0)9 6859 3700</segment>
		<segment id="s-1.102" xref="u-1.107">Entrance fees: adults €2, children under 15 free, special groups €1/person.</segment>
		<segment id="s-1.103" xref="u-1.108">www.hotellijaravintolamuseo.fi (Symbol for accessible) (Symbol for smile) </segment>
	</segmentation>
	<rst-structure>
		<span id="span-1.01" nucleus="s-1.07" satellites="s-1.08" relation="enablement"/>
		
		<multi-span id="span-1.02" nuclei="span-1.03 span-1.09 span-1.15 span-1.17 span-1.21 span-1.28 span-1.33 span-1.38 span-1.45 span-1.55" relation="list"><title xref="s-1.07"/></multi-span>
		
		<span id="span-1.03" nucleus="s-1.09" satellites="span-1.04 span-1.08" relation="elaboration"/>
		<span id="span-1.04" nucleus="s-1.11" satellites="s-1.10" relation="background"/>
		<span id="span-1.05" nucleus="s-1.11" satellites="span-1.06" relation="elaboration"/>
		<multi-span id="span-1.06" nuclei="s-1.12 s-1.13" relation="joint"/>
		<span id="span-1.07" nucleus="s-1.11" satellites="s-1.14" relation="enablement"/>
		<multi-span id="span-1.08" nuclei="s-1.01 s-1.02" relation="restatement"/>
		
		<span id="span-1.09" nucleus="s-1.17" satellites="span-1.10" relation="elaboration"/>
		<span id="span-1.10" nucleus="s-1.18" satellites="s-1.19" relation="elaboration"/>
		<span id="span-1.11" nucleus="s-1.17" satellites="span-1.12 span-1.13 span-1.14 s-1.27" relation="enablement"/>
		<multi-span id="span-1.12" nuclei="s-1.20 s-1.21" relation="joint"/>
		<span id="span-1.13" nucleus="s-1.22" satellites="s-1.23 s-1.24" relation="enablement"/>
		<span id="span-1.14" nucleus="s-1.25" satellites="s-1.26" relation="enablement"/>
		
		<span id="span-1.15" nucleus="s-1.28" satellites="span-1.16" relation="enablement"/>
		<multi-span id="span-1.16" nuclei="s-1.29 s-1.30 s-1.31 s-1.32" relation="joint"/>
		
		<span id="span-1.17" nucleus="s-1.33" satellites="span-1.18" relation="enablement"/>
		<multi-span id="span-1.18" nuclei="s-1.34 s-1.35 s-1.36" relation="joint"/>			
		<multi-span id="span-1.19" nuclei="s-1.03 s-1.04" relation="restatement"/>
		<span id="span-1.20" nucleus="s-1.33" satellites="span-1.19" relation="elaboration"/>
		
		<span id="span-1.21" nucleus="s-1.37" satellites="span-1.22 span-1.26" relation="elaboration"/>
		<span id="span-1.22" nucleus="s-1.38" satellites="span-1.23 span-1.24" relation="elaboration"/>
		<span id="span-1.23" nucleus="s-1.39" satellites="s-1.40" relation="motivation"/>
		<multi-span id="span-1.24" nuclei="s-1.15 s-1.16" relation="restatement"/>
		<span id="span-1.25" nucleus="s-1.38" satellites="s-1.41" relation="enablement"/>
		<span id="span-1.26" nucleus="s-1.42" satellites="s-1.43 s-1.45" relation="enablement"/>
		<span id="span-1.27" nucleus="s-1.42" satellites="s-1.44" relation="elaboration"/>
		
		<span id="span-1.28" nucleus="s-1.48" satellites="span-1.29" relation="elaboration"/>
		<span id="span-1.29" nucleus="s-1.49" satellites="span-1.30 span-1.31 span-1.32" relation="elaboration"/>
		<multi-span id="span-1.30" nuclei="s-1.05 s-1.06" relation="restatement"/>
		<multi-span id="span-1.31" nuclei="s-1.46 s-1.47" relation="restatement"/>
		<multi-span id="span-1.32" nuclei="s-1.50 s-1.51 s-1.52 s-1.53" relation="joint"/>
		
		<span id="span-1.33" nucleus="s-1.54" satellites="s-1.55 span-1.34 span-1.35" relation="elaboration"/>
		<span id="span-1.34" nucleus="s-1.56" satellites="s-1.57" relation="elaboration"/>
		<span id="span-1.35" nucleus="s-1.58" satellites="s-1.59" relation="elaboration"/>
		<span id="span-1.36" nucleus="s-1.54" satellites="span-1.37" relation="enablement"/>
		<multi-span id="span-1.37" nuclei="s-1.60 s-1.61 s-1.62 s-1.63 s-1.64" relation="joint"/>
		
		<span id="span-1.38" nucleus="s-1.65" satellites="span-1.39 span-1.42 span-1.43" relation="elaboration"/>
		<span id="span-1.39" nucleus="s-1.66" satellites="s-1.67" relation="evaluation"/>
		<span id="span-1.40" nucleus="s-1.65" satellites="span-1.41" relation="enablement"/>
		<multi-span id="span-1.41" nuclei="s-1.68 s-1.69 s-1.70" relation="joint"/>
		<multi-span id="span-1.42" nuclei="s-1.85 s-1.86" relation="restatement"/>
		<span id="span-1.43" nucleus="s-1.71" satellites="span-1.44" relation="elaboration"/>
		<multi-span id="span-1.44" nuclei="s-1.72 s-1.73" relation="joint"/>
		
		<span id="span-1.45" nucleus="s-1.74" satellites="span-1.46 span-1.53 span-1.54" relation="elaboration"/>
		<span id="span-1.46" nucleus="s-1.76" satellites="s-1.75" relation="background"/>
		<span id="span-1.47" nucleus="s-1.76" satellites="span-1.48" relation="elaboration"/>
		<multi-span id="span-1.48" nuclei="s-1.77 s-1.78 s-1.79 span-1.49" relation="joint"/>
		<span id="span-1.49" nucleus="s-1.80" satellites="s-1.81" relation="enablement"/>
		<span id="span-1.50" nucleus="s-1.74" satellites="span-1.51" relation="enablement"/>
		<multi-span id="span-1.51" nuclei="s-1.82 s-1.83 s-1.84" relation="joint"/>
		<multi-span id="span-1.53" nuclei="s-1.87 s-1.88" relation="restatement"/>
		<multi-span id="span-1.54" nuclei="s-1.89 s-1.90" relation="restatement"/>
		
		<span id="span-1.55" nucleus="s-1.91" satellites="span-1.56 span-1.57 span-1.58" relation="elaboration"/>
		<span id="span-1.56" nucleus="s-1.92" satellites="s-1.93 s-1.94 s-1.95" relation="enablement"/>
		<span id="span-1.57" nucleus="s-1.96" satellites="s-1.97 s-1.98 s-1.99" relation="enablement"/>
		<span id="span-1.58" nucleus="s-1.100" satellites="s-1.101 s-1.102 s-1.103" relation="enablement"/>
	</rst-structure>

</gemRst>
