<?xml version="1.0" encoding="UTF-8"?>

<gemNav>
	<pointer id="p-1.01" type="cross-reference" from="s-1.17" to="" range="document-internal">
		<content xref="u-1.20.1"/>
		<address xref="" address-precision="start-only"/>
	</pointer>
	<pointer id="p-1.02" type="cross-reference" from="s-1.21" to="" range="phone">
		<content xref="u-1.26"/>
		<address xref="" address-precision="start-only"/>
	</pointer>
	<pointer id="p-1.03" type="cross-reference" from="s-1.24" to="" range="www">
		<content xref="u-1.29"/>
		<address xref="" address-precision="start-only"/>
	</pointer>
	<pointer id="p-1.04" type="cross-reference" from="s-1.25" to="" range="phone">
		<content xref="u-1.30"/>
		<address xref="" address-precision="start-only"/>
	</pointer>
	<pointer id="p-1.05" type="cross-reference" from="s-1.29" to="" range="phone">
		<content xref="u-1.34"/>
		<address xref="" address-precision="start-only"/>
	</pointer>
	<pointer id="p-1.06" type="cross-reference" from="s-1.32" to="" range="www">
		<content xref="u-1.37"/>
		<address xref="" address-precision="start-only"/>
	</pointer>
	<pointer id="p-1.07" type="cross-reference" from="s-1.34" to="" range="phone">
		<content xref="u-1.39"/>
		<address xref="" address-precision="start-only"/>
	</pointer>
	<pointer id="p-1.08" type="cross-reference" from="s-1.36" to="" range="www">
		<content xref="u-1.41"/>
		<address xref="" address-precision="start-only"/>
	</pointer>
	<pointer id="p-1.09" type="cross-reference" from="s-1.37" to="" range="document-internal">
		<content xref="u-1.42.1"/>
		<address xref="" address-precision="start-only"/>
	</pointer>
	<pointer id="p-1.10" type="cross-reference" from="s-1.54" to="" range="document-internal">
		<content xref="u-1.59"/>
		<address xref="" address-precision="start-only"/>
	</pointer>
	<pointer id="p-1.11" type="cross-reference" from="s-1.60" to="" range="phone">
		<content xref="u-1.60"/>
		<address xref="" address-precision="start-only"/>
	</pointer>
	<pointer id="p-1.12" type="cross-reference" from="s-1.64" to="" range="www">
		<content xref="u-1.69"/>
		<address xref="" address-precision="start-only"/>
	</pointer>
	<pointer id="s-1.13" type="cross-reference" from="s-1.68" to="" range="phone">
		<content xref="u-1.73"/>
		<address xref="" address-precision="start-only"/>
	</pointer>
	<pointer id="p-1.14" type="cross-reference" from="s-1.73" to="" range="www">
		<content xref="u-1.78"/>
		<address xref="" address-precision="start-only"/>
	</pointer>
	<pointer id="p-1.15" type="cross-reference" from="s-1.74" to="" range="document-internal">
		<content xref="u-1.79"/>
		<address xref="" address-precision="start-only"/>
	</pointer>
	<pointer id="p-1.16" type="cross-reference" from="s-1.81" to="" range="document-internal">
		<content xref="u-1.86"/>
		<address xref="" address-precision="start-end"/>
	</pointer>
	<pointer id="p-1.17" type="cross-reference" from="s-1.83" to="" range="phone">
		<content xref="u-1.88"/>
		<address xref="" address-precision="start-only"/>
	</pointer>
	<pointer id="p-1.18" type="cross-reference" from="s-1.84" to="" range="www">
		<content xref="u-1.89"/>
		<address xref="" address-precision="start-only"/>
	</pointer>
	<pointer id="p-1.19" type="cross-reference" from="s-1.93" to="" range="phone">
		<content xref="u-1.98"/>
		<address xref="" address-precision="start-only"/>
	</pointer>
	<pointer id="p-1.20" type="cross-reference" from="s-1.95" to="" range="www">
		<content xref="u-1.100"/>
		<address xref="" address-precision="start-only"/>
	</pointer>
	<pointer id="p-1.21" type="cross-reference" from="s-1.97" to="" range="phone">
		<content xref="u-1.102"/>
		<address xref="" address-precision="start-only"/>
	</pointer>
	<pointer id="p-1.22" type="cross-reference" from="s-1.99" to="" range="www">
		<content xref="u-1.104"/>
		<address xref="" address-precision="start-only"/>
	</pointer>
	<pointer id="p-1.23" type="cross-reference" from="s-1.101" to="" range="phone">
		<content xref="u-1.106"/>
		<address xref="" address-precision="start-only"/>
	</pointer>
	<pointer id="p-1.24" type="cross-reference" from="s-1.103" to="" range="www">
		<content xref="u-1.108"/>
		<address xref="" address-precision="start-only"/>
	</pointer>
	<entry id="e-1.01" xref="u-1.02" layout-chunk="page-1"/>
	<entry id="e-1.02" xref="u-1.111" layout-chunk="page-2"/>
	<entry id="e-1.03" xref="u-1.20.1" layout-chunk="page-1-column-2-entry-1"/>
	<entry id="e-1.04" xref="u-1.42.1" layout-chunk="page-1-column-3-entry-1"/>
	<entry id="e-1.05" xref="u-1.59.1" layout-chunk="page-2-column-1-entry-2"/>
	<entry id="e-1.06" xref="u-1.79.1" layout-chunk="page-2-column-2-entry-2"/>
</gemNav>

