<?xml version="1.0" encoding="UTF-8"?>

<gemBase>
	<unit id="u-1.01" alt="Illustration: Vertical bar (left)"></unit>
	<unit id="u-1.02">22</unit>
	<unit id="u-1.03">SIGHTS AND ATTRACTIONS</unit>
	<unit id="u-1.04" alt="Photo: Old town rapids"/>
	<unit id="u-1.05">Old Town Rapids</unit>
	<unit id="u-1.06" alt="Photo: Generator detail"/>
	<unit id="u-1.07">Power Station Museum</unit>
	<unit id="u-1.08" alt="Photo: Compass Square"/>
	<unit id="u-1.09">Compass Square (Kompassiaukio)</unit>
	<unit id="u-1.10">Other interesting sights and attractions</unit>
	<unit id="u-1.11" alt="Map: Helsinki"/>
	<unit id="u-1.12">Old Town</unit>
	<unit id="u-1.13">Helsinki was originally established at the mouth of the Vantaanjoki River in 1550 by King Gustav Vasa of Sweden.</unit>
	<unit id="u-1.14">Today this area is one of Finland's most modern centres for the arts, sciences and high technology.</unit>
	<unit id="u-1.15">Contemporary architecture can be admired in the new Arabianranta residential areas along the shores of the Old Town Bay.</unit>
	<unit id="u-1.16">The district also houses the distinguished University of Art and Design Helsinki, which attracts students from around the world.</unit>
	<unit id="u-1.17">To get to the Old Town and Arabianranta, take Tram 6 or Bus 68, 71, 71V or 73B from the Railway Station Square in the city centre.</unit>
	<unit id="u-1.18">Hakaniemi Market</unit>
	<unit id="u-1.19" alt="Photo: Hakaniemi marketplace"/>
	<unit id="u-1.20">Arabia Museum and Factory, <unit id="u-1.20.1" alt="Illustration: Point number 39"/> Iittala Factory Outlet</unit>
	<unit id="u-1.23">Arabia has been a pioneer in modern Scandinavian design, combining timeless beauty with everyday practicality.</unit>
	<unit id="u-1.24">The porcelain factory has manufactured household and art ceramics in the same location for over 130 years.</unit>
	<unit id="u-1.25">Hämeentie 135</unit>
	<unit id="u-1.26">Tel. +358 (0)204 39 5357.</unit>
	<unit id="u-1.27"><unit id="u-1.27.1">Arabia Museum</unit> open: Tue-Fri 12noon-6pm, Sat-Sun 10am-4pm.</unit>
	<unit id="u-1.28">Entrance fees: adults €3, children (12-18) and special groups €1.50/person.</unit>
	<unit id="u-1.29">www.arabianmuseo.fi</unit>
	<unit id="u-1.30"><unit id="u-1.30.1">Factory tours:</unit> reservations Tel. +358 (0)204 39 5326.</unit>
	<unit id="u-1.31">Guided tours Mon-Fri (min. 10 persons) €3.50/person, Sat €55/group + €3/person.</unit>
	<unit id="u-1.32"><unit id="u-1.32.1">Iittala, Finlayson</unit> and <unit id="u-1.32.2">Pentik</unit> factory outlets are open: Mon-Fri 10am-8pm, Sat-Sun 10am-4pm <unit id="u-1.32.3" alt="Illustration: Symbol for accessible"/></unit>
	<unit id="u-1.33">The <unit id="u-1.33.1">Technical Museum</unit> alongside the Old Town Rapids presents the achievements of old and new technology and hosts related exhibitions.</unit>
	<unit id="u-1.34">Viikintie 1, tel. +358 (0)9 7288 4428</unit>
	<unit id="u-1.35">Open: Wed-Sun 12noon-4pm, see website for exceptions.</unit>
	<unit id="u-1.36">Entrance fees: adults €6, children (7-16) €1, pensioners and unemployed €5, students €2</unit>
	<unit id="u-1.37">www.tekniikanmuseo.fi <unit id="u-1.37.1" alt="Illustration: Symbol for smile"/></unit>
	<unit id="u-1.38">Nearby you can also find the <unit id="u-1.38.1">Power Station Museum</unit>, featuring original hydroelectric pumps from the 1800s.</unit>
	<unit id="u-1.39">Hämeentie 163, Tel. +358 (0)9 3109 7064.</unit>
	<unit id="u-1.40">Open summertime Wed-Sun 11am-5pm.</unit>
	<unit id="u-1.41">www.helsinginkaupunginmuseo.fi <unit id="u-1.41.1" alt="Illustration: Symbol for smile"/> <unit id="u-1.41.2" alt="Illustration: Symbol for free entry"/></unit>
	<unit id="u-1.42">Hakaniemi District <unit id="u-1.42.1" alt="Illustration: Point number 38"/></unit>
	<unit id="u-1.43">Hakaniemi Market</unit>
	<unit id="u-1.44">Groceries, flowers and baskets have been sold at Hakaniemi Market for over a hundred years.</unit>
	<unit id="u-1.45">While shopping you can enjoy coffee at one of the outdoor cafes.</unit>
	<unit id="u-1.46">Opening hours: Mon-Sat 6.30am-3pm, plus on the first Sunday of each month 10am-4pm.</unit>
	<unit id="u-1.47">Hakaniemi Market Hall</unit>
	<unit id="u-1.48">Hakaniemi Market Hall is located beside the outdoor market.</unit>
	<unit id="u-1.49">Upstairs you can find a variety of clothing, souvenirs and designer products, while downstairs you can buy groceries and delicacies.</unit>
	<unit id="u-1.50">Opening hours: Mon-Fri 8am-6pm, Sat 8am-4pm.</unit>
	<unit id="u-1.51" alt="Photo: Kaivopuisto park"></unit>
	<unit id="u-1.52">Kaivopuisto Park</unit>
	<unit id="u-1.53">Kaivopuisto Park</unit>
	<unit id="u-1.54">Kaivopuisto is Helsinki's oldest and most famous park and is overlooked by splendid villas.</unit>
	<unit id="u-1.55">The neighbourhood also boasts many embassies, including those of USA and Russia.</unit>
	<unit id="u-1.56">The proximity of the sea, rock cliffs and green lawns offer many opportunities to relax and enjoy the outdoors.</unit>
	<unit id="u-1.57">At the highest point of the park is the Ursa Observatory.</unit>
	<unit id="u-1.58">There are several cafes and restaurants along the shore and on the nearby islands.</unit>
	<unit id="u-1.59">Sinebrychoff Art Museum <unit id="u-1.59.1" alt="Illustration: Point number 40"/></unit>
	<unit id="u-1.60">The Sinebrychoff Art Museum is specialised in old European art and includes Finland's most important collection of old masters.</unit>
	<unit id="u-1.61">The art collections include especially portraits and artefacts from the 17th and 18th centuries.</unit>
	<unit id="u-1.62">The upper floor is a wonderful reproduction of the family home of the famous brewer.</unit>
	<unit id="u-1.63">The museum presents its collections, special exhibitions and additional programmes.</unit>
	<unit id="u-1.64">The Sinebrychoff Art Museum is part of the Finnish National Gallery.</unit>
	<unit id="u-1.65">Bulevardi 40, tel. +358 (0)9 1733 6460</unit>
	<unit id="u-1.66">Opening hours: Tue and Fri 10am-6pm, Wed-Thu 10am-8pm, Sat-Sun 11am-5pm.</unit>
	<unit id="u-1.67">Entrance fees: adults €4.50/3 or €7.50/6, visitors under 18 free.</unit>
	<unit id="u-1.68">Free admission on Thursdays 5pm-8pm.</unit>
	<unit id="u-1.69">www.sinerbrychoffintaidemuseo.fi <unit id="u-1.69.1" alt="Illustration: Symbol for accessible"/></unit>
	<unit id="u-1.70">Hietalahti District</unit>
	<unit id="u-1.71"><unit id="u-1.71.1">Hietalahti Market is a popular place to shop, especially as it also includes a year-round open-air flea market</unit> <unit id="u-1.71.2">(weather permitting).</unit>
</unit>
	<unit id="u-1.72">The market offers enormous variety of things to buy, as well as a friendly and relaxed atmosphere.</unit>
	<unit id="u-1.73">Tel. +358(0)9 310 71396.</unit>
	<unit id="u-1.74">Hietalahti Market is open Mon-Fri 10am-6pm, Sat 8am-4pm.</unit>
	<unit id="u-1.75">There is also a <unit id="u-1.75.1">Sunday flea market</unit> open May to September from 10am-4pm.</unit>
	<unit id="u-1.76">The <unit id="u-1.76.1">Hietalahti Antique and Art Hall</unit> is located alongside and sells a wide range of furniture, jewellery and other antique items.</unit>
	<unit id="u-1.77">Opening hours: Mon-Fri 10am-5pm, Sat 10am-3pm.</unit>
	<unit id="u-1.78">www.hietalahdenkauppahalli.fi</unit>
	<unit id="u-1.79">Kaapelitehdas (Cable Factory) <unit id="u-1.79.1" alt="Illustration: Point number 41"/></unit>
	<unit id="u-1.80">The massive <unit id="u-1.80.1">Cable Factory</unit> was used up until the 1980s to produce telephone and electric cables.</unit>
	<unit id="u-1.81">Today 'Kaapelitehdas' represents a new type of independent centre for culture and the arts.</unit>
	<unit id="u-1.82">Over 800 artists, artesans and other cultural people work within these walls.</unit>
	<unit id="u-1.83">The Cable Factory houses art schools, dance theatres, two radio stations, three museums and eight galleries.</unit>
	<unit id="u-1.84"><unit id="u-1.84.1">There are also many </unit>
 <unit id="u-1.84.2">varieties of sports clubs.</unit>
</unit>
	<unit id="u-1.85">The Cable Factory is also home to the popular cafe and restaurant Hima&amp;Sali.</unit>
	<unit id="u-1.86">See also page 46.</unit>
	<unit id="u-1.87">Tallberginkatu 1 C</unit>
	<unit id="u-1.88">Tel. +358 (0)9 4763 8330</unit>
	<unit id="u-1.89">Opening hours (museums): Tue-Sun 11am-6pm, www.kaapelitehdas.fi</unit>
	<unit id="u-1.90" alt="Photo: Merisatamanranta shoreline"/>
	<unit id="u-1.91">Merisatamanranta shoreline</unit>
	<unit id="u-1.92" alt="Photo: Ruoholahti canal"></unit>
	<unit id="u-1.93">Ruoholahti Canal</unit>
	<unit id="u-1.94" alt="Photo: Ruoholahti and Kaapelitehdas"></unit>
	<unit id="u-1.95">Ruoholahti and Kaapelitehdas</unit>
	<unit id="u-1.96">Cable Factory museums</unit>
	<unit id="u-1.97">Finnish Museum of Photography</unit>
	<unit id="u-1.98">Tel. +358 (0)9 6866 3622</unit>
	<unit id="u-1.99">Entrance fees: adults €6, visitors under 18 free, special groups €4, groups (min. 10 persons) €5/person.</unit>
	<unit id="u-1.100">www.fmp.fi <unit id="u-1.100.1" alt="Illustration: Symbol for accessible"/></unit>
	<unit id="u-1.101">Theatre Museum</unit>
	<unit id="u-1.102">Tel. +358 (0)207 961 670</unit>
	<unit id="u-1.103">Entrance fees: adults €5.50, one child under 15 accompanied by adult free, children under 15 and special groups €2.50.</unit>
	<unit id="u-1.104">www.teatterimuseo.fi <unit id="u-1.104.1" alt="Illustration: Symbol for accessible"/><unit id="u-1.104.2" alt="Illustration: Symbol for smile"/></unit>
	<unit id="u-1.105">Hotel and Restaurant Museum</unit>
	<unit id="u-1.106">Tel. +358 (0)9 6859 3700</unit>
	<unit id="u-1.107">Entrance fees: adults €2, children under 15 free, special groups €1/person.</unit>
	<unit id="u-1.108">www.hotellijaravintolamuseo.fi <unit id="u-1.108.1" alt="Illustration: Symbol for accessible"/><unit id="u-1.108.2" alt="Illustration: Symbol for smile"/></unit>
	<unit id="u-1.109" alt="Illustration: Vertical bar (right)"></unit>
	<unit id="u-1.110">SIGHTS AND ATTRACTIONS</unit>
	<unit id="u-1.111">23</unit>
</gemBase>


