<?xml version="1.0" encoding="UTF-8"?>

<gemLayout>
	<layout-structure>
		<layout-root id="gno-2008-l-side-1">
			<layout-chunk id="background-images" location="multi" area-ref="gno-2008-a-side-1">
				<layout-leaf xref="lay-1.01" location="col-1" area-ref="gno-2008-a-side-1"/>
				<layout-leaf xref="lay-1.02" location="col-2" area-ref="gno-2008-a-side-1"/>
			</layout-chunk>
			<layout-chunk id="illustrative-photographs" location="multi" area-ref="gno-2008-a-side-1">
				<layout-leaf xref="lay-1.03" location="cell-11" area-ref="side-a-1-b" valign="right"/>
				<layout-leaf xref="lay-1.03-m" location="cell-21" area-ref="side-a-1-b" valign="left"/>
				<layout-leaf xref="lay-1.04" location="cell-12" area-ref="side-a-1-b" valign="right"/>
				<layout-leaf xref="lay-1.05" location="cell-22" area-ref="side-a-1-b" valign="left"/>
				<layout-leaf xref="lay-1.06" location="col-2" area-ref="side-a-1-c-2" halign="bottom" valign="left"/>
				<layout-leaf xref="lay-1.07" location="col-2" area-ref="side-a-1-c-2" halign="top" valign="right"/>
				<layout-leaf xref="lay-1.08" location="col-1" area-ref="side-a-1-c-1" halign="bottom" valign="right" overlap-area="side-a-1-c-2"/>
				<layout-leaf xref="lay-1.09" location="col-2" area-ref="side-a-1-c-1" halign="bottom" valign="left" overlap-area="side-a-1-c-2"/>
				<layout-leaf xref="lay-1.10" location="col-3" area-ref="side-a-1-c-2" halign="bottom" valign="left"/>
			</layout-chunk>
			<layout-chunk id="front" location="col-2" area-ref="gno-2008-a-side-1">
				<layout-leaf xref="lay-1.11" location="col-2" area-ref="side-a-1-d-1" valign="left" halign="top"/>
				<layout-leaf xref="lay-1.12" location="row-3" area-ref="side-a-1-d" valign="right" hindent="5mm"/>
				<layout-leaf xref="lay-1.13" location="col-2" area-ref="side-a-1-d-2" valign="left" halign="top"/>
			</layout-chunk>
			<layout-chunk id="contact-info" location="multi" area-ref="gno-2008-a-side-1">
				<layout-chunk id="coat-of-arms" location="col-2" area-ref="side-a-1-c-2" valign="left" halign="bottom">
					<layout-leaf xref="lay-1.14" location="col-2" area-ref="side-a-1-c-2" hindent="1mm"/>
					<layout-leaf xref="lay-1.15" location="col-2" area-ref="side-a-1-c-2" hindent="1mm"/>
				</layout-chunk>
				<layout-leaf xref="lay-1.16" location="col-3" bottom="side-a-1-c-3" valign="left" halign="top"/>
				<layout-leaf xref="lay-1.17" location="col-3" bottom="side-a-1-c-3" valign="left"/>
				<layout-chunk id="logo" location="col-4" area-ref="side-a-1-c-3" valign="left" halign="center">
					<layout-leaf xref="lay-1.18" location="col-4" area-ref="side-a-1-c-3" valign="left" vindent="2mm"/>
					<layout-leaf xref="lay-1.19" location="col-4" area-ref="side-a-1-c-3" valign="left" hindent="2mm"/>
				</layout-chunk>
			</layout-chunk>
		</layout-root>
		<layout-root id="gno-2008-l-side-2">
			<layout-chunk id="side-2-section-1" location="row-1" area-ref="side-a-2-b">
				<layout-chunk id="section-1-title" location="row-1" area-ref="side-a-2-b">
					<layout-leaf xref="lay-2.01" location="row-1" area-ref="side-a-2-b" valign="left" halign="top"/>
					<layout-leaf xref="lay-2.02" location="row-1" area-ref="side-a-2-b" valign="center" halign="top"/>
				</layout-chunk>
				<layout-leaf xref="lay-2.03" location="row-1" area-ref="side-a-2-b" flow-around="lay-2.01" vindent="4mm"/>
				<layout-leaf xref="lay-2.04" location="row-1" area-ref="side-a-2-b" vindent="4mm"/>
				<layout-leaf xref="lay-2.05" location="row-1" area-ref="side-a-2-b" vindent="4mm"/>
				<layout-leaf xref="lay-2.06" location="row-1" area-ref="side-a-2-b" vindent="4mm"/>
			</layout-chunk>
			<layout-chunk id="side-2-section-2" location="multi" area-ref="gno-2008-a-side-2">
				<layout-chunk id="section-2-title" location="row-2" area-ref="side-a-2-b">
					<layout-leaf xref="lay-2.07" location="row-2" area-ref="side-a-2-b" valign="left" halign="top"/>
					<layout-leaf xref="lay-2.08" location="row-2" area-ref="side-a-2-b" valign="center" halign="top"/>
				</layout-chunk>
				<layout-leaf xref="lay-2.09" location="row-2" area-ref="side-a-2-b" flow-around="lay-2.07" vindent="4mm"/>
				<layout-leaf xref="lay-2.10" location="row-2" area-ref="side-a-2-b" flow-around="lay-2.07" vindent="4mm"/>
				<layout-leaf xref="lay-2.11" location="row-2" area-ref="side-a-2-b" vindent="4mm"/>
				<layout-leaf xref="lay-2.12" location="row-2" area-ref="side-a-2-b" vindent="4mm"/>
				<layout-leaf xref="lay-2.12-m" location="row-1" area-ref="side-a-2-c" vindent="4mm"/>
				<layout-chunk id="section-2-entry-5" location="row-1" area-ref="side-a-2-c">
					<layout-leaf xref="lay-2.13" location="row-1" area-ref="side-a-2-c" vindent="4mm"/>
					<layout-leaf xref="lay-2.14" location="row-1" area-ref="side-a-2-c" vindent="4mm"/>
				</layout-chunk>
				<layout-chunk id="section-2-entry-6" location="row-1" area-ref="side-a-2-c">
					<layout-leaf xref="lay-2.15" location="row-1" area-ref="side-a-2-c" vindent="4mm"/>
					<layout-leaf xref="lay-2.16" location="row-1" area-ref="side-a-2-c" vindent="4mm"/>
				</layout-chunk>
				<layout-chunk id="section-2-entry-7" location="row-1" area-ref="side-a-2-c">
					<layout-leaf xref="lay-2.17" location="row-1" area-ref="side-a-2-c" vindent="4mm"/>
					<layout-leaf xref="lay-2.18" location="row-1" area-ref="side-a-2-c" vindent="4mm"/>
				</layout-chunk>
			</layout-chunk>
			<layout-chunk id="side-2-section-3" location="multi" area-ref="gno-2008-a-side-2">
				<layout-chunk id="section-3-title" location="row-2" area-ref="side-a-2-c">
					<layout-leaf xref="lay-2.19" location="row-2" area-ref="side-a-2-c" valign="left" halign="top"/>
					<layout-leaf xref="lay-2.20" location="row-2" area-ref="side-a-2-c" valign="center" halign="top"/>
				</layout-chunk>	
				<layout-chunk id="section-3-entry-1" location="row-2" area-ref="side-a-2-c">
					<layout-leaf xref="lay-2.21" location="row-2" area-ref="side-a-2-c" flow-around="lay-2.19" vindent="4mm"/>
					<layout-leaf xref="lay-2.22" location="row-2" area-ref="side-a-2-c" flow-around="lay-2.19" vindent="4mm"/>
					<layout-leaf xref="lay-2.23" location="row-2" area-ref="side-a-2-c"/>
					<layout-leaf xref="lay-2.24" location="row-2" area-ref="side-a-2-c"/>
					<layout-leaf xref="lay-2.25" location="row-2" area-ref="side-a-2-c"/>
					<layout-leaf xref="lay-2.26" location="row-2" area-ref="side-a-2-c"/>
				</layout-chunk>	
				<layout-leaf xref="lay-2.27" location="cell-82" area-ref="gno-2008-a-side-2" vindent="4mm"/>
				<layout-leaf xref="lay-2.28" location="cell-82" area-ref="gno-2008-a-side-2" vindent="4mm"/>
				<layout-leaf xref="lay-2.29" location="cell-82" area-ref="gno-2008-a-side-2" vindent="4mm"/>
				<layout-leaf xref="lay-2.30" location="cell-82" area-ref="gno-2008-a-side-2" vindent="4mm"/>
				<layout-leaf xref="lay-2.31" location="cell-82" area-ref="gno-2008-a-side-2" vindent="4mm"/>
				<layout-leaf xref="lay-2.32" location="cell-82" area-ref="gno-2008-a-side-2" vindent="4mm"/>
				<layout-leaf xref="lay-2.33" location="cell-82" area-ref="gno-2008-a-side-2" vindent="4mm"/>
				<layout-chunk id="section-3-entry-10" location="cell-82" area-ref="gno-2008-a-side-2">
					<layout-leaf xref="lay-2.34" location="cell-82" area-ref="gno-2008-a-side-2" vindent="4mm"/>
					<layout-leaf xref="lay-2.35" location="cell-82" area-ref="gno-2008-a-side-2" vindent="4mm"/>
				</layout-chunk>
				<layout-leaf xref="lay-2.37" location="row-1" area-ref="side-a-2-d" vindent="4mm"/>
			</layout-chunk>
			<layout-chunk id="side-2-section-4" location="row-2" area-ref="side-a-2-d">
				<layout-chunk id="section-4-title" location="row-2" area-ref="side-a-2-d">
					<layout-leaf xref="lay-2.38" location="row-2" area-ref="side-a-2-d" valign="left" halign="top"/>
					<layout-leaf xref="lay-2.39" location="row-2" area-ref="side-a-2-d" valign="center" halign="top"/>
				</layout-chunk>	
				<layout-leaf xref="lay-2.40" location="row-2" area-ref="side-a-2-d" flow-around="lay-2.38" vindent="4mm"/>
				<layout-leaf xref="lay-2.41" location="row-2" area-ref="side-a-2-d" vindent="4mm"/>
				<layout-leaf xref="lay-2.42" location="row-2" area-ref="side-a-2-d" vindent="4mm"/>
				<layout-leaf xref="lay-2.43" location="row-2" area-ref="side-a-2-d" vindent="4mm"/>
				<layout-leaf xref="lay-2.44" location="row-2" area-ref="side-a-2-d" vindent="4mm"/>
				<layout-leaf xref="lay-2.45" location="row-2" area-ref="side-a-2-d" vindent="4mm"/>			
			</layout-chunk>
			<layout-chunk id="side-2-section-5" location="cell-122" area-ref="gno-2008-a-side-2">
				<layout-chunk id="section-5-title" location="cell-122" area-ref="gno-2008-a-side-2">
					<layout-leaf xref="lay-2.46" location="cell-122" area-ref="gno-2008-a-side-2" valign="left" halign="top"/>
					<layout-leaf xref="lay-2.47" location="cell-122" area-ref="gno-2008-a-side-2" valign="center" halign="top"/>
				</layout-chunk>	
					<layout-leaf xref="lay-2.48" location="cell-122" area-ref="gno-2008-a-side-2" flow-around="lay-2.46" vindent="4mm"/>	
					<layout-leaf xref="lay-2.49" location="cell-122" area-ref="gno-2008-a-side-2" vindent="4mm"/>
					<layout-leaf xref="lay-2.50" location="cell-122" area-ref="gno-2008-a-side-2" vindent="4mm"/>	
					<layout-leaf xref="lay-2.51" location="cell-122" area-ref="gno-2008-a-side-2" vindent="4mm"/>	
					<layout-leaf xref="lay-2.52" location="cell-122" area-ref="gno-2008-a-side-2" vindent="4mm"/>			
			</layout-chunk>
			<layout-chunk id="side-2-section-6" location="cell-142" area-ref="gno-2008-a-side-2">
				<layout-chunk id="section-6-title" location="cell-142" area-ref="gno-2008-a-side-2">
					<layout-leaf xref="lay-2.53" location="cell-142" area-ref="gno-2008-a-side-2" valign="left" halign="top"/>
					<layout-leaf xref="lay-2.54" location="cell-142" area-ref="gno-2008-a-side-2" valign="center" halign="top"/>
				</layout-chunk>	
					<layout-leaf xref="lay-2.55" location="cell-142" area-ref="gno-2008-a-side-2" flow-around="lay-2.53" vindent="4mm"/>
					<layout-leaf xref="lay-2.56" location="cell-142" area-ref="gno-2008-a-side-2" vindent="4mm"/>
					<layout-leaf xref="lay-2.57" location="cell-142" area-ref="gno-2008-a-side-2" vindent="4mm"/>
			</layout-chunk>
		</layout-root>
	</layout-structure>
	<area-model>
		<area-root id="gno-2008-a-side-1" cols="3" rows="1" hspacing="100" vspacing="30 36 34" width="390mm" height="130mm">
			<sub-area id="side-a-1-b" location="col-1" cols="2" rows="2" hspacing="59 41" vspacing="49 51" width="120mm" height="130mm"/>
			<sub-area id="side-a-1-c" location="col-2" cols="1" rows="3" hspacing="100" vspacing="35 50 15" width="140mm" height="130mm">
				<sub-area id="side-a-1-c-1" location="row-1" cols="2" rows="1" hspacing="54 46" vspacing="100" width="140mm" height="45mm"/>
				<sub-area id="side-a-1-c-2" location="row-2" cols="3" rows="1" hspacing="13 47 40" vspacing="100" width="140mm" height="66mm"/>
				<sub-area id="side-a-1-c-3" location="row-3" cols="4" rows="1" hspacing="13 50 9 28" vspacing="100" width="140mm" height="19mm"/>
			</sub-area>
			<sub-area id="side-a-1-d" location="col-3" cols="1" rows="5" hspacing="100" vspacing="35 15 25 15 10" width="130mm" height="130mm">
				<sub-area id="side-a-1-d-1" location="row-1" cols="2" rows="1" hspacing="72 28" vspacing="100" height="45mm" width="130mm"/>
				<sub-area id="side-a-1-d-2" location="row-5" cols="2" rows="1" hspacing="60 40" vspacing="100" height="14mm" width="130mm"/>
			</sub-area>
		</area-root>
		<area-root id="gno-2008-a-side-2" cols="13" rows="3" hspacing="1 15 1 15 3 15 1 15 2 15 1 15 1" vspacing="6 87 6" width="390mm" height="130mm">
			<sub-area id="side-a-2-b" location="cell-22" cols="1" rows="2" hspacing="100" vspacing="43 57" width="60mm" height="114mm"/>
			<sub-area id="side-a-2-c" location="cell-42" cols="1" rows="2" hspacing="100" vspacing="61 39" width="60mm" height="114mm"/>
			<sub-area id="side-a-2-d" location="cell-82" cols="1" rows="2" hspacing="100" vspacing="13 87" width="60mm" height="114mm"/>
		</area-root>
	</area-model>
	<segmentation>
		<layout-unit id="lay-1.01" xref="u-1.01" alt="Photo: Background 1: Mixer and turntables"/>
		<layout-unit id="lay-1.02" xref="u-1.02" alt="Photo: Background 2: Mixer and turntables"/>
		<layout-unit id="lay-1.03" xref="u-1.03" alt="Photo: Bottles"/>
		<layout-unit id="lay-1.03-m" xref="u-1.03-m" alt="Photo: Pouring drink"/>
		<layout-unit id="lay-1.04" xref="u-1.04" alt="Photo: DJ Anonymous"/>
		<layout-unit id="lay-1.05" xref="u-1.05" alt="Photo: Women with drinks"/>
		<layout-unit id="lay-1.06" xref="u-1.06" alt="Photo: Turntable"/>
		<layout-unit id="lay-1.07" xref="u-1.07" alt="Photo: Jukebox"/>
		<layout-unit id="lay-1.08" xref="u-1.08" alt="Photo: Street"/>
		<layout-unit id="lay-1.09" xref="u-1.09" alt="Photo: Ivana Helsinki 'Teltta'-fabric"/>
		<layout-unit id="lay-1.10" xref="u-1.10" alt="Photo: Mannequin"/>
		<layout-unit id="lay-1.11" xref="u-1.11" alt="Logo: Nordic Oddity"/>
		<layout-unit id="lay-1.12" xref="u-1.12" alt="Logo: 24 hours no-nonsense in groovy Helsinki"/>
		<layout-unit id="lay-1.13" xref="u-1.13" alt="Logo: Helsinki (large)"/>
		<layout-unit id="lay-1.14" xref="u-1.14" alt="Illustration: City of Helsinki coat of arms"/>
		<layout-unit id="lay-1.15" xref="u-1.15">City of Helsinki</layout-unit>
		<layout-unit id="lay-1.16" xref="u-1.16">Tourist &amp; Convention Bureau</layout-unit>
		<layout-unit id="lay-1.17" xref="u-1.17 u-1.18 u-1.19 u-1.20">Pohjoisesplanadi 19, P.O. Box 28, FI-00099 City of Helsinki</layout-unit>
		<layout-unit id="lay-1.18" xref="u-1.21" alt="Logo: Helsinki (small)"/>
		<layout-unit id="lay-1.19" xref="u-1.22">www.visithelsinki.fi</layout-unit>
		<layout-unit id="lay-2.01" xref="u-2.01" alt="Illustration: Clock 0800-1200hrs"/>
		<layout-unit id="lay-2.02" xref="u-2.02">0800-1200 hrs</layout-unit>
		<layout-unit id="lay-2.03" xref="u-2.03 u-2.04 u-2.05">
			<layout-unit id="lay-2.03.1" xref="u-2.03">Mbar.</layout-unit>
			<layout-unit id="lay-2.03.2" xref="u-2.05">www.mbar.fi</layout-unit>
		</layout-unit>
		<layout-unit id="lay-2.04" xref="u-2.06 u-2.07 u-2.08">
			<layout-unit id="lay-2.04.1" xref="u-2.06">Hel-looks.</layout-unit>
			<layout-unit id="lay-2.04.2" xref="u-2.08">www.hel-looks.com</layout-unit>
		</layout-unit>
		<layout-unit id="lay-2.05" xref="u-2.09 u-2.10 u-2.11 u-2.12 u-2.13">
			<layout-unit id="lay-2.05.1" xref="u-2.09">Restaurant Tori.</layout-unit>
			<layout-unit id="lay-2.05.2" xref="u-2.13"/>
		</layout-unit>
		<layout-unit id="lay-2.06" xref="u-2.14 u-2.15 u-2.16 u-2.17">
			<layout-unit id="lay-2.06.1" xref="u-2.14">Lighthouse safari.</layout-unit>
			<layout-unit id="lay-2.06.2" xref="u-2.17"/>
		</layout-unit>
		<layout-unit id="lay-2.07" xref="u-2.18" alt="Illustration: Clock 1200-1600hrs"/>
		<layout-unit id="lay-2.08" xref="u-2.19">1200-1600hrs</layout-unit>
		<layout-unit id="lay-2.09" xref="u-2.20">Eläintarha Skateboard Park, Micropolis</layout-unit>
		<layout-unit id="lay-2.10" xref="u-2.21">The Eläintarha Skateboard Park features several tracks for trick series and a concrete pool.
			<layout-unit id="lay-2.10.1" xref="u-2.22"/>
		</layout-unit>
		<layout-unit id="lay-2.11" xref="u-2.23 u-2.24">The urban park area in the centre of Helsini is great for jogging, and in summertime you can hire a rowing boat or a pedal boat at the boat rental located on the shore of the Finlandia Hall or visit the cafe at the Blue Villa, 
			<layout-unit id="lay-2.11.1" xref="u-2.24.1">Linnunlauluntie 11.</layout-unit>
			<layout-unit id="lay-2.11.2" xref="u-2.23">Töölönlahti Bay.</layout-unit>
		</layout-unit>
		<layout-unit id="lay-2.12" xref="u-2.25 u-2.26 u-2.27.1 ">The Cable Factory is Finland's largest cultural centre. "Kaapeli" as it is fondly known hosts exhibitions, fairs, gala evenings, conferences and many other events.
			<layout-unit id="lay-2.12.1" xref="u-2.25">Kaapelitehdas - Cable Factory.</layout-unit>
			<layout-unit id="lay-2.12-m" xref="u-2.27.2 u-2.28">
				<layout-unit id="lay-2.12.2" xref="u-2.28"/>
			</layout-unit>
		</layout-unit>
		<layout-unit id="lay-2.13" xref="u-2.29">Pihlajasaari Island</layout-unit>
		<layout-unit id="lay-2.14" xref="u-2.30 u-2.31 u-2.32 u-2.33">Soak up the heat on the smooth granite and take a dip in the refreshing sea.</layout-unit>
		<layout-unit id="lay-2.15" xref="u-2.34">Helsinki Ice Park</layout-unit>
		<layout-unit id="lay-2.16" xref="u-2.35 u-2.36">The new Helsinki Ice Park in the Railway Station Square is a popular place to skate in the heart of the city in winter.
			<layout-unit id="lay-2.16.1" xref="u-2.36"/>
		</layout-unit>
		<layout-unit id="lay-2.17" xref="u-2.37">Kasino A4</layout-unit>
		<layout-unit id="lay-2.18" xref="u-2.38 u-2.39 u-2.40">Kasino A4 is a Finnish fashion and lifestyle magazine published in English.
			<layout-unit id="lay-2.18.1" xref="u-2.40"/>
		</layout-unit>
		<layout-unit id="lay-2.19" xref="u-2.41" alt="Illustration: Clock 1600-2000hrs"/>
		<layout-unit id="lay-2.20" xref="u-2.42">1600-2000hrs</layout-unit>
		<layout-unit id="lay-2.21" xref="u-2.43">Record shops on Viiskulma</layout-unit>
		<layout-unit id="lay-2.22" xref="u-2.44 u-2.45 u-2.46">Viiskulma, the "Five Corners" in the Punavuori district, has become famous for its record shops.</layout-unit>
		<layout-unit id="lay-2.23" xref="u-2.47">
			<layout-unit id="lay-2.23.1" xref="u-2.47.1">Digelius,</layout-unit>
			<layout-unit id="lay-2.23.2" xref="u-2.47.2 u-2.47.3"> Laivurinrinne 2,</layout-unit>
		</layout-unit>
		<layout-unit id="lay-2.24" xref="u-2.48">
			<layout-unit id="lay-2.24.1" xref="u-2.48.1">Eronen,</layout-unit>
			<layout-unit id="lay-2.24.2" xref="u-2.48.2 u-2.48.3"> Laivurinrinne 2,</layout-unit>
		</layout-unit>
		<layout-unit id="lay-2.25" xref="u-2.49">
			<layout-unit id="lay-2.25.1" xref="u-2.49.1">Lifesaver,</layout-unit>
			<layout-unit id="lay-2.25.2" xref="u-2.49.2 u-2.49.3"> Laivurinkatu 41,</layout-unit>
		</layout-unit>
		<layout-unit id="lay-2.26" xref="u-2.50">
			<layout-unit id="lay-2.26.1" xref="u-2.50.1">Popparienkeli,</layout-unit>
			<layout-unit id="lay-2.26.2" xref="u-2.50.2 u-2.50.3"> Frederikinkatu 12,</layout-unit>
		</layout-unit>
		<layout-unit id="lay-2.27" xref="u-2.51 u-2.52 u-2.54">Stop into the Stupido-Shop and ask the friendly staff about new Finnish artists or the city's musical offerings.
		<layout-unit id="lay-2.27.1" xref="u-2.51">Stupido-Shop.</layout-unit>
			<layout-unit id="lay-2.27.2" xref="u-2.54"/>
		</layout-unit>
		<layout-unit id="lay-2.28" xref="u-2.55 u-2.56 u-2.57 u-2.58">
			<layout-unit id="lay-2.28.1" xref="u-2.55.1">Wunder</layout-unit> is a dream for trend-conscious youths.
			<layout-unit id="lay-2.28.2" xref="u-2.58"/>
		</layout-unit>
		<layout-unit id="lay-2.29" xref="u-2.59 u-2.60">
			<layout-unit id="lay-2.29.1" xref="u-2.59.1">Myymälä2</layout-unit> is a boutique and gallery in one where you can buy creations by young designers and admire the works of young artists.
				<layout-unit id="lay-2.29.2" xref="u-2.60"/>
		</layout-unit>
		<layout-unit id="lay-2.30" xref="u-2.61 u-2.62">
			<layout-unit id="lay-2.30.1" xref="u-2.61.1">Bisquit Satsh</layout-unit> is another boutique and gallery that promotes hip-hop street culture.
			<layout-unit id="lay-2.30.2" xref="u-2.62"/>
		</layout-unit>
		<layout-unit id="lay-2.31" xref="u-2.63 u-2.64 u-2.65">
			<layout-unit id="lay-2.31.1" xref="u-2.63.1">Hundpark</layout-unit> is a boutique that was founded by young designers to promote their own creations.
			<layout-unit id="lay-2.31.2" xref="u-2.65"/>
		</layout-unit>
		<layout-unit id="lay-2.32" xref="u-2.66 u-2.67 u-2.68 u-2.69">Beamhill's two boutiques are situated within seeing distance of each other.
		<layout-unit id="lay-2.32.1" xref="u-2.66">Beamhill.</layout-unit>
			<layout-unit id="lay-2.32.2" xref="u-2.69">Yliopistonkatu 7 &amp; Mikonkatu 8</layout-unit>
		</layout-unit>
		<layout-unit id="lay-2.33" xref="u-2.70 u-2.71">
			<layout-unit id="lay-2.33.1" xref="u-2.70.1">Lux Shop</layout-unit> sells youthful and fresh design from both Finland and abroad.
			<layout-unit id="lay-2.33.2" xref="u-2.71">Uudenmaankatu 26, www.lux-shop.fi</layout-unit>
		</layout-unit>
		<layout-unit id="lay-2.34" xref="u-2.72">CTRL &amp; Melodica - Finnish streetwear brands</layout-unit>
		<layout-unit id="lay-2.35" xref="u-2.73 u-2.74">Finnish "streetwear" brands CTRL and Melodica emerged from the skateboarding subculture to become successful consumer brands with street credibility.
			<layout-unit id="lay-2.35.1" xref="u-2.74">www.ctrlclothing.com &amp; www.melodicaskateboards.com</layout-unit>
		</layout-unit>
		<layout-unit id="lay-2.37" xref="u-2.75 u-2.76 u-2.77 u-2.78">The Arla public sauna was cleaning Helsinki residents all the way back in 1929.
			<layout-unit id="lay-2.37.1" xref="u-2.75">Arla Sauna.</layout-unit>
			<layout-unit id="lay-2.37.2" xref="u-2.78">Kaarlenkatu 15, www.arlansauna.net</layout-unit>
		</layout-unit>
		<layout-unit id="lay-2.38" xref="u-2.79" alt="Illustration: Clock 2000-2400hrs"/>
		<layout-unit id="lay-2.39" xref="u-2.80">2000-2400hrs</layout-unit>
		<layout-unit id="lay-2.40" xref="u-2.81 u-2.82 u-2.83">
			<layout-unit id="lay-2.40.1" xref="u-2.81.1">Erottaja Bar</layout-unit> is a favourite hangout for the city's trendliest people, including musicians, designers, architects - everyone comes here!
			<layout-unit id="lay-2.40.2" xref="u-2.83">Erottajankatu 15-17</layout-unit>
		</layout-unit>
		<layout-unit id="lay-2.41" xref="u-2.84 u-2.85 u-2.86">
			<layout-unit id="lay-2.41.1" xref="u-2.84.1">Soul Kitchen</layout-unit> offers soul food and drinks in a laid-back atmosphere.
			<layout-unit id="lay-2.41.2" xref="u-2.86">Fleminginkatu 26-28, www.soulkitchen.fi</layout-unit>
		</layout-unit>
		<layout-unit id="lay-2.42" xref="u-2. 87 u-2.88 u-2.89">This retro cafe-bar is favoured by young people in the Kallio district.
			<layout-unit id="lay-2.42.1" xref="u-2.87">Kola.</layout-unit>
			<layout-unit id="lay-2.42.2" xref="u-2.89">Helsinginkatu 13, www.kola.fi</layout-unit>
		</layout-unit>
		<layout-unit id="lay-2.43" xref="u-2.90 u-2.91 u-2.92 u-2.93 u-2.94">The refreshingly messy Beetroot bar charms visitors with its down to earth appeal.
			<layout-unit id="lay-2.43.1" xref="u-2.90">Beetroot.</layout-unit>
			<layout-unit id="lay-2.43.2" xref="u-2.94">Iso Roobertinkatu 10</layout-unit>
		</layout-unit>
		<layout-unit id="lay-2.44" xref="u-2.96">Relax and enjoy a tasty yet inexpensive lunch or dinner, or just grab a drink and listen to the talk of the twon.
			<layout-unit id="lay-2.44.1" xref="u-2.95">Cafe Bar 9.</layout-unit>
			<layout-unit id="lay-2.44.2" xref="u-2.97">Uudenmaankatu 9, www.bar9.net</layout-unit>
		</layout-unit>
		<layout-unit id="lay-2.45" xref="u-2.98 u-2.99 u-2.100">
			<layout-unit id="lay-2.45.1" xref="u-2.98.1">Belly</layout-unit> serves lunch and drinks in the evenings.
			<layout-unit id="lay-2.45.2" xref="u-2.100">Uudenmaankatu 16-20, www.belly.fi</layout-unit>
		</layout-unit>
		<layout-unit id="lay-2.46" xref="u-2.101" alt="Illustration: Clock 0000-0400hrs"/>
		<layout-unit id="lay-2.47" xref="u-2.102">0000-0400hrs</layout-unit>
		<layout-unit id="lay-2.48" xref="u-2.103 u-2.104">
			<layout-unit id="lay-2.48.1" xref="u-2.103.1">DTM</layout-unit> is the biggest gay cafe, disco and nightclub in the entire Nordic region.
			<layout-unit id="lay-2.48.2" xref="u-2.104">Iso Roobertinkatu 28, www.dtm.fi</layout-unit>
		</layout-unit>
		<layout-unit id="lay-2.49" xref="u-2.106 u-2.107">The "Sixth Line" has rapidly become one of Helsinki's most popular venues for live and club music - highly recommended if you are looking for the newest trends.
			<layout-unit id="lay-2.49.1" xref="u-2.105">Kuudes linja.</layout-unit>
			<layout-unit id="lay-2.49.2" xref="u-2.107">Hämeentie 13, entrance from the inner yard (Kaikukatu 4), www.kuudeslinja.com</layout-unit>
		</layout-unit>
		<layout-unit id="lay-2.50" xref="u-2.108">
			<layout-unit id="lay-2.50.1" xref="u-2.108.1">Lost &amp; Found</layout-unit> makes up for its lack of fancy music or decoration with the quality of its staff and customers, making it an extremely popular place for late night drinks every night of the week.
			<layout-unit id="lay-2.50.2" xref="u-2.109">Annankatu 6, www.lostandfound.fi</layout-unit>
		</layout-unit>
		<layout-unit id="lay-2.51" xref="u-2.110 u-2.111 u-2.112 u-2.113">Tavastia is a legendary venue for top Finnish and international bands.
			<layout-unit id="lay-2.51.1" xref="u-2.110">Tavastia and Semifinal.</layout-unit>
			<layout-unit id="lay-2.51.2" xref="u-2.113">Urho Kekkosen katu 4-6, www.tavastiaklubi.fi</layout-unit>
		</layout-unit>
		<layout-unit id="lay-2.52" xref="u-2.114 u-2.115 u-2.116">"Beef" is a favourite hangout for young adults in the city centre, attracting extremely trendy partiers especially on weekends.
			<layout-unit id="lay-2.52.1" xref="u-2.114">We Got Beef.</layout-unit>
			<layout-unit id="lay-2.52.2" xref="u-2.116">Iso Roobertinkatu 21, www.wegotbeef.fi</layout-unit>
		</layout-unit>
		<layout-unit id="lay-2.53" xref="u-2.117" alt="Illustration: Clock 0400-0800hrs"/>
		<layout-unit id="lay-2.54" xref="u-2.118">0400-0800hrs</layout-unit>
		<layout-unit id="lay-2.55" xref="u-2.119 u-2.120 u-2.121">Hotel Helka's fresh look was inspired by Alvar Aalto and Finnish nature.
			<layout-unit id="lay-2.55.1" xref="u-2.119">Hotel Helka.</layout-unit>
			<layout-unit id="lay-2.55.2" xref="u-2.121">Pohjoinen Rautatienkatu 23, www.helka.fi</layout-unit>
		</layout-unit>
		<layout-unit id="lay-2.56" xref="u-2.122 u-2.123 u-2.124">Mama's is a favourite place for night food, serving pizza and kebabs every day of the week until five in the morning.
			<layout-unit id="lay-2.56.1" xref="u-2.122">Big Mama's.</layout-unit>
			<layout-unit id="lay-2.56.2" xref="u-2.124">Iso Roobertinkatu 26</layout-unit>
		</layout-unit>
		<layout-unit id="lay-2.57" xref="u-2.126">The excellent location of this hostel will save you both time and money in the early hours of the morning.
			<layout-unit id="lay-2.57.1" xref="u-2.125">Hostel Erottajanpuisto.</layout-unit>
			<layout-unit id="lay-2.57.2" xref="u-2.127">Uudenmaankatu 9, www.erottajanpuisto.com/eng</layout-unit>
		</layout-unit>
	</segmentation>
	<realization>
		<text xref="lay-1.15 lay-1.16 lay-1.19" font-family="sans-serif" font-size="5" font-style="normal" font-weight="bold" case="mixed" color="white"/>
		<text xref="lay-1.17" font-family="sans-serif" font-size="5" font-style="normal" font-weight="normal" case="mixed" color="white"/>
		<graphics xref="lay-1.01" type="photo" colors="mixed" width="260mm" height="130mm"/>
		<graphics xref="lay-1.02" type="photo" colors="mixed" width="130mm" height="130mm"/>
		<graphics xref="lay-1.03" type="photo" colors="mixed" width="55mm" height="63mm"/>
		<graphics xref="lay-1.03-m" type="photo" colors="mixed" width="59mm" height="46mm"/>
		<graphics xref="lay-1.04" type="photo" colors="mixed" width="45mm" height="53mm"/>
		<graphics xref="lay-1.05" type="photo" colors="mixed" width="47mm" height="43mm"/>
		<graphics xref="lay-1.06" type="photo" colors="mixed" width="61mm" height="45mm"/>
		<graphics xref="lay-1.07" type="photo" colors="mixed" width="54mm" height="45mm"/>
		<graphics xref="lay-1.08" type="photo" colors="mixed" width="50mm" height="44mm"/>
		<graphics xref="lay-1.09" type="photo" colors="mixed" width="60mm" height="55mm"/>
		<graphics xref="lay-1.10" type="photo" colors="mixed" width="51mm" height="48mm"/>
		<graphics xref="lay-1.11" type="illustration" colors="mixed" width="30mm" height="42mm"/>
		<graphics xref="lay-1.12" type="illustration" colors="mixed" width="81mm" height="31mm"/>
		<graphics xref="lay-1.13" type="illustration" colors="mixed" width="42mm" height="9mm"/>
		<graphics xref="lay-1.14" type="illustration" colors="mixed" width="4mm" height="7mm"/>
		<graphics xref="lay-1.18" type="illustration" colors="mixed" width="34mm" height="7mm"/>
		<graphics xref="lay-2.01" type="illustration" colors="mixed" width="13mm" height="13mm"/>
		<graphics xref="lay-2.07" type="illustration" colors="mixed" width="13mm" height="13mm"/>
		<graphics xref="lay-2.19" type="illustration" colors="mixed" width="13mm" height="13mm"/>
		<graphics xref="lay-2.38" type="illustration" colors="mixed" width="13mm" height="13mm"/>
		<graphics xref="lay-2.46" type="illustration" colors="mixed" width="13mm" height="13mm"/>
		<graphics xref="lay-2.53" type="illustration" colors="mixed" width="13mm" height="13mm"/>
		<text xref="lay-2.02 lay-2.08 lay-2.20 lay-2.39 lay-2.47 lay-2.54" font-family="sans-serif" font-size="8" font-style="normal" font-weight="bold" case="mixed" color="black"/>
		<text xref="lay-2.03 lay-2.04 lay-2.05 lay-2.06 lay-2.10 lay-2.11 lay-2.12 lay-2.14 lay-2.16 lay-2.18 lay-2.22 lay-2.27 lay-2.29 lay-2.30 lay-2.31 lay-2.32 lay-2.33 lay-2.35 lay-2.37 lay-2.40 lay-2.41 lay-2.42 lay-2.43 lay-2.44 lay-2.45 lay-2.48 lay-2.49 lay-2.50 lay-2.51 lay-2.52 lay-2.55 lay-2.56 lay-2.57" font-family="sans-serif" font-size="5" font-style="normal" font-weight="normal" case="mixed" color="black"/>
		<text xref="lay-2.13" font-family="sans-serif" font-size="5" font-style="normal" font-weight="bold" case="mixed" color="black"/>
		<text xref="lay-2.15" font-family="sans-serif" font-size="5" font-style="normal" font-weight="bold" case="mixed" color="black"/>
		<text xref="lay-2.17" font-family="sans-serif" font-size="5" font-style="normal" font-weight="bold" case="mixed" color="black"/>
		<text xref="lay-2.21" font-family="sans-serif" font-size="5" font-style="normal" font-weight="bold" case="mixed" color="black"/>
		<text xref="lay-2.34" font-family="sans-serif" font-size="5" font-style="normal" font-weight="bold" case="mixed" color="black"/>
		<hi-text xref="lay-2.03.1" context="lay-2.03" font-family="sans-serif" font-size="5" font-style="normal" font-weight="bold" case="mixed" color="black"/>
		<hi-text xref="lay-2.03.2" context="lay-2.03" font-family="sans-serif" font-size="5" font-style="italic" font-weight="normal" case="mixed" color="black"/>
		<hi-text xref="lay-2.04.1" context="lay-2.04" font-family="sans-serif" font-size="5" font-style="normal" font-weight="bold" case="mixed" color="black"/>
		<hi-text xref="lay-2.04.1" context="lay-2.04" font-family="sans-serif" font-size="5" font-style="italic" font-weight="normal" case="mixed" color="black"/>
		<hi-text xref="lay-2.05.1" context="lay-2.04" font-family="sans-serif" font-size="5" font-style="normal" font-weight="bold" case="mixed" color="black"/>
		<hi-text xref="lay-2.05.2" context="lay-2.04" font-family="sans-serif" font-size="5" font-style="italic" font-weight="normal" case="mixed" color="black"/>
		<hi-text xref="lay-2.06.1" context="lay-2.04" font-family="sans-serif" font-size="5" font-style="normal" font-weight="bold" case="mixed" color="black"/>
		<hi-text xref="lay-2.06.1" context="lay-2.04" font-family="sans-serif" font-size="5" font-style="italic" font-weight="normal" case="mixed" color="black"/>
		<hi-text xref="lay-2.10.1" context="lay-2.10" font-family="sans-serif" font-size="5" font-style="italic" font-weight="normal" case="mixed" color="black"/>
		<hi-text xref="lay-2.11.1" context="lay-2.04" font-family="sans-serif" font-size="5" font-style="italic" font-weight="normal" case="mixed" color="black"/>
		<hi-text xref="lay-2.11.2" context="lay-2.04" font-family="sans-serif" font-size="5" font-style="normal" font-weight="bold" case="mixed" color="black"/>
		<hi-text xref="lay-2.12.1" context="lay-2.04" font-family="sans-serif" font-size="5" font-style="normal" font-weight="bold" case="mixed" color="black"/>
		<hi-text xref="lay-2.12.2" context="lay-2.04" font-family="sans-serif" font-size="5" font-style="italic" font-weight="normal" case="mixed" color="black"/>
		<hi-text xref="lay-2.16.1" context="lay-2.16" font-family="sans-serif" font-size="5" font-style="italic" font-weight="normal" case="mixed" color="black"/>
		<hi-text xref="lay-2.18.1" context="lay-2.18" font-family="sans-serif" font-size="5" font-style="italic" font-weight="normal" case="mixed" color="black"/>
		<hi-text xref="lay-2.23.1" context="lay-2.23" font-family="sans-serif" font-size="5" font-style="normal" font-weight="bold" case="mixed" color="black"/>
		<hi-text xref="lay-2.23.2" context="lay-2.23" font-family="sans-serif" font-size="5" font-style="italic" font-weight="normal" case="mixed" color="black"/>
		<hi-text xref="lay-2.24.1" context="lay-2.24" font-family="sans-serif" font-size="5" font-style="normal" font-weight="bold" case="mixed" color="black"/>
		<hi-text xref="lay-2.24.2" context="lay-2.24" font-family="sans-serif" font-size="5" font-style="italic" font-weight="normal" case="mixed" color="black"/>
		<hi-text xref="lay-2.25.1" context="lay-2.25" font-family="sans-serif" font-size="5" font-style="normal" font-weight="bold" case="mixed" color="black"/>
		<hi-text xref="lay-2.25.2" context="lay-2.25" font-family="sans-serif" font-size="5" font-style="italic" font-weight="normal" case="mixed" color="black"/>
		<hi-text xref="lay-2.26.1" context="lay-2.26" font-family="sans-serif" font-size="5" font-style="normal" font-weight="bold" case="mixed" color="black"/>
		<hi-text xref="lay-2.26.2" context="lay-2.26" font-family="sans-serif" font-size="5" font-style="italic" font-weight="normal" case="mixed" color="black"/>
		<hi-text xref="lay-2.27.1" context="lay-2.27" font-family="sans-serif" font-size="5" font-style="normal" font-weight="bold" case="mixed" color="black"/>
		<hi-text xref="lay-2.27.2" context="lay-2.27" font-family="sans-serif" font-size="5" font-style="italic" font-weight="normal" case="mixed" color="black"/>
		<hi-text xref="lay-2.28.1" context="lay-2.28" font-family="sans-serif" font-size="5" font-style="normal" font-weight="bold" case="mixed" color="black"/>
		<hi-text xref="lay-2.28.2" context="lay-2.28" font-family="sans-serif" font-size="5" font-style="italic" font-weight="normal" case="mixed" color="black"/>
		<hi-text xref="lay-2.29.1" context="lay-2.29" font-family="sans-serif" font-size="5" font-style="normal" font-weight="bold" case="mixed" color="black"/>
		<hi-text xref="lay-2.29.2" context="lay-2.29" font-family="sans-serif" font-size="5" font-style="italic" font-weight="normal" case="mixed" color="black"/>
		<hi-text xref="lay-2.30.1" context="lay-2.30" font-family="sans-serif" font-size="5" font-style="normal" font-weight="bold" case="mixed" color="black"/>
		<hi-text xref="lay-2.30.2" context="lay-2.30" font-family="sans-serif" font-size="5" font-style="italic" font-weight="normal" case="mixed" color="black"/>
		<hi-text xref="lay-2.31.1" context="lay-2.31" font-family="sans-serif" font-size="5" font-style="normal" font-weight="bold" case="mixed" color="black"/>
		<hi-text xref="lay-2.31.2" context="lay-2.31" font-family="sans-serif" font-size="5" font-style="italic" font-weight="normal" case="mixed" color="black"/>
		<hi-text xref="lay-2.32.1" context="lay-2.32" font-family="sans-serif" font-size="5" font-style="normal" font-weight="bold" case="mixed" color="black"/>
		<hi-text xref="lay-2.32.2" context="lay-2.32" font-family="sans-serif" font-size="5" font-style="italic" font-weight="normal" case="mixed" color="black"/>
		<hi-text xref="lay-2.33.1" context="lay-2.33" font-family="sans-serif" font-size="5" font-style="normal" font-weight="bold" case="mixed" color="black"/>
		<hi-text xref="lay-2.33.2" context="lay-2.33" font-family="sans-serif" font-size="5" font-style="italic" font-weight="normal" case="mixed" color="black"/>
		<hi-text xref="lay-2.35.1" context="lay-2.35" font-family="sans-serif" font-size="5" font-style="italic" font-weight="normal" case="mixed" color="black"/>
		<hi-text xref="lay-2.37.1" context="lay-2.37" font-family="sans-serif" font-size="5" font-style="normal" font-weight="bold" case="mixed" color="black"/>
		<hi-text xref="lay-2.37.2" context="lay-2.37" font-family="sans-serif" font-size="5" font-style="italic" font-weight="normal" case="mixed" color="black"/>
		<hi-text xref="lay-2.40.1" context="lay-2.40" font-family="sans-serif" font-size="5" font-style="normal" font-weight="bold" case="mixed" color="black"/>
		<hi-text xref="lay-2.40.2" context="lay-2.40" font-family="sans-serif" font-size="5" font-style="italic" font-weight="normal" case="mixed" color="black"/>
		<hi-text xref="lay-2.41.1" context="lay-2.41" font-family="sans-serif" font-size="5" font-style="normal" font-weight="bold" case="mixed" color="black"/>
		<hi-text xref="lay-2.41.2" context="lay-2.41" font-family="sans-serif" font-size="5" font-style="italic" font-weight="normal" case="mixed" color="black"/>
		<hi-text xref="lay-2.42.1" context="lay-2.42" font-family="sans-serif" font-size="5" font-style="normal" font-weight="bold" case="mixed" color="black"/>
		<hi-text xref="lay-2.42.2" context="lay-2.42" font-family="sans-serif" font-size="5" font-style="italic" font-weight="normal" case="mixed" color="black"/>
		<hi-text xref="lay-2.43.1" context="lay-2.43" font-family="sans-serif" font-size="5" font-style="normal" font-weight="bold" case="mixed" color="black"/>
		<hi-text xref="lay-2.43.2" context="lay-2.43" font-family="sans-serif" font-size="5" font-style="italic" font-weight="normal" case="mixed" color="black"/>
		<hi-text xref="lay-2.44.1" context="lay-2.44" font-family="sans-serif" font-size="5" font-style="normal" font-weight="bold" case="mixed" color="black"/>
		<hi-text xref="lay-2.44.2" context="lay-2.44" font-family="sans-serif" font-size="5" font-style="italic" font-weight="normal" case="mixed" color="black"/>
		<hi-text xref="lay-2.45.1" context="lay-2.45" font-family="sans-serif" font-size="5" font-style="normal" font-weight="bold" case="mixed" color="black"/>
		<hi-text xref="lay-2.45.2" context="lay-2.45" font-family="sans-serif" font-size="5" font-style="italic" font-weight="normal" case="mixed" color="black"/>
		<hi-text xref="lay-2.48.1" context="lay-2.48" font-family="sans-serif" font-size="5" font-style="normal" font-weight="bold" case="mixed" color="black"/>
		<hi-text xref="lay-2.48.2" context="lay-2.48" font-family="sans-serif" font-size="5" font-style="italic" font-weight="normal" case="mixed" color="black"/>
		<hi-text xref="lay-2.49.1" context="lay-2.49" font-family="sans-serif" font-size="5" font-style="normal" font-weight="bold" case="mixed" color="black"/>
		<hi-text xref="lay-2.49.2" context="lay-2.49" font-family="sans-serif" font-size="5" font-style="italic" font-weight="normal" case="mixed" color="black"/>
		<hi-text xref="lay-2.50.1" context="lay-2.50" font-family="sans-serif" font-size="5" font-style="normal" font-weight="bold" case="mixed" color="black"/>
		<hi-text xref="lay-2.50.2" context="lay-2.50" font-family="sans-serif" font-size="5" font-style="italic" font-weight="normal" case="mixed" color="black"/>
		<hi-text xref="lay-2.51.1" context="lay-2.51" font-family="sans-serif" font-size="5" font-style="normal" font-weight="bold" case="mixed" color="black"/>
		<hi-text xref="lay-2.51.2" context="lay-2.51" font-family="sans-serif" font-size="5" font-style="italic" font-weight="normal" case="mixed" color="black"/>
		<hi-text xref="lay-2.52.1" context="lay-2.52" font-family="sans-serif" font-size="5" font-style="normal" font-weight="bold" case="mixed" color="black"/>
		<hi-text xref="lay-2.52.2" context="lay-2.52" font-family="sans-serif" font-size="5" font-style="italic" font-weight="normal" case="mixed" color="black"/>
		<hi-text xref="lay-2.55.1" context="lay-2.55" font-family="sans-serif" font-size="5" font-style="normal" font-weight="bold" case="mixed" color="black"/>
		<hi-text xref="lay-2.55.2" context="lay-2.55" font-family="sans-serif" font-size="5" font-style="italic" font-weight="normal" case="mixed" color="black"/>
		<hi-text xref="lay-2.56.1" context="lay-2.56" font-family="sans-serif" font-size="5" font-style="normal" font-weight="bold" case="mixed" color="black"/>
		<hi-text xref="lay-2.56.2" context="lay-2.56" font-family="sans-serif" font-size="5" font-style="italic" font-weight="normal" case="mixed" color="black"/>
		<hi-text xref="lay-2.57.1" context="lay-2.57" font-family="sans-serif" font-size="5" font-style="normal" font-weight="bold" case="mixed" color="black"/>
		<hi-text xref="lay-2.57.2" context="lay-2.57" font-family="sans-serif" font-size="5" font-style="italic" font-weight="normal" case="mixed" color="black"/>
	</realization>
</gemLayout>
